ONS_CODE,Apr 2021-Mar 2022,Jul 2021-Jun 2022,Oct 2021-Sep 2022,Jan 2022-Dec 2022,Apr 2022-Mar 2023,Jul 2022-Jun 2023,Oct 2022-Sep 2023,Jan 2023-Dec 2023,Apr 2023-Mar 2024,Jul 2023-Jun 2024,Oct 2023-Sep 2024,Jan 2024-Dec 2024,Apr 2024-Mar 2025
E14000530,25.4,,,,,,,,100.0,78.5,81.0,59.9,55.0
E14000531,100.0,90.2,87.7,72.2,61.7,79.0,77.6,100.0,82.2,,,,
E14000532,37.0,47.7,55.1,52.1,37.8,21.7,,,,,,,
E14000533,,47.2,42.4,,,,54.0,53.3,62.4,73.6,65.9,64.1,60.4
E14000534,56.0,69.5,78.8,,,,,,,,,,
E14000535,76.5,100.0,100.0,,,,,,52.8,,,,
E14000536,38.3,27.9,,,,,,,,,,,
E14000537,53.3,43.6,34.3,40.2,38.1,42.4,49.5,44.8,,,,,
E14000538,60.8,74.8,60.4,80.4,59.7,,44.6,,38.2,40.8,45.9,34.5,37.5
E14000539,26.3,43.2,61.8,44.8,,,,,,51.9,55.3,55.5,75.9
E14000540,,,,,,,40.9,,36.2,46.3,,,
E14000541,28.0,41.5,48.8,43.9,50.9,48.0,,,,,,34.0,36.2
E14000542,59.2,63.8,48.5,55.5,57.0,49.5,74.1,57.5,51.3,54.6,30.3,47.0,50.4
E14000543,31.8,29.9,46.3,51.1,42.6,28.7,,,43.2,57.0,69.9,61.9,
E14000544,70.0,83.4,88.2,70.8,,43.1,36.9,39.4,38.2,,,,
E14000545,59.3,70.5,78.1,62.1,,58.4,36.7,39.5,43.5,43.5,53.9,51.4,58.2
E14000546,,,,,,,,,,,,40.4,53.2
E14000547,30.7,26.6,36.9,48.5,48.7,51.4,,42.8,38.6,48.5,53.1,62.3,68.4
E14000548,,29.7,40.4,59.9,51.3,64.4,51.4,50.4,55.0,,,,
E14000549,,,,,,,,,,,,,
E14000550,,,,,57.2,36.2,52.6,51.0,36.9,58.6,52.9,42.9,41.7
E14000551,55.0,66.3,65.9,51.6,40.7,38.6,40.7,,62.2,,,,
E14000552,,,34.5,,,,,,,45.5,50.2,39.3,52.7
E14000553,,39.1,39.1,36.9,,,,,,,,,
E14000554,31.8,,36.0,56.2,50.6,68.6,72.6,76.0,63.4,44.1,34.6,34.6,46.7
E14000555,,,,,,,,,,,,,
E14000556,76.2,80.6,62.2,57.3,48.0,34.7,,,,32.3,30.6,31.1,
E14000557,,,,,100.0,,,51.6,,,,,
E14000558,61.6,48.7,44.5,52.7,,,,,,,,,
E14000559,51.8,44.1,40.0,,,,,,,,39.4,37.9,59.8
E14000560,,,33.0,,,,,,,,,,
E14000561,,56.0,52.6,,40.0,,39.4,54.2,41.0,39.7,,21.2,37.9
E14000562,,,,,,,,,,,,25.3,32.8
E14000563,,,,,,,,,,,,,
E14000564,,,72.3,70.3,54.2,48.1,,,,,,,
E14000565,,,43.6,52.0,45.1,35.8,,,35.9,66.3,66.3,66.3,68.9
E14000566,,31.3,36.1,42.3,46.7,,,,,,,30.3,24.0
E14000567,46.6,28.8,28.0,17.0,18.0,,,,,,30.5,,
E14000568,41.5,39.6,40.5,37.8,28.2,31.0,27.9,,,,35.9,29.4,
E14000569,25.4,23.2,43.7,52.7,74.6,85.8,91.8,100.0,100.0,100.0,84.6,84.1,82.1
E14000570,18.9,17.7,20.4,,,,,22.3,41.1,39.4,41.8,47.0,45.1
E14000571,,,,,,,,,,,,,
E14000572,59.2,53.1,61.5,66.5,59.4,60.5,80.1,74.9,91.7,80.8,65.9,64.5,59.7
E14000573,37.4,42.5,47.6,60.8,66.4,63.7,56.3,47.9,50.7,54.3,56.4,47.6,34.6
E14000574,50.2,45.5,41.7,44.7,33.5,21.4,22.3,,38.5,62.6,69.6,83.0,76.0
E14000575,64.4,57.9,55.0,41.9,50.1,48.5,,71.7,50.5,35.6,49.2,32.9,29.8
E14000576,61.3,57.3,58.4,73.5,,,,100.0,100.0,64.4,75.8,64.6,64.9
E14000577,,,67.0,56.4,100.0,100.0,,,,86.2,80.2,57.9,
E14000578,,36.9,47.5,54.6,57.3,,,,,,,,
E14000579,42.6,46.9,49.1,56.7,36.7,,55.5,,62.4,69.4,79.2,43.8,
E14000580,43.0,42.2,52.0,62.5,60.0,62.7,,,,,,,56.5
E14000581,43.6,40.2,44.8,43.2,28.1,38.9,26.2,36.2,42.0,39.1,68.0,44.4,32.1
E14000582,,33.6,55.8,58.6,70.1,85.8,89.4,82.2,,,,,
E14000583,65.5,63.8,57.9,49.4,57.1,,59.0,60.7,56.0,55.1,,,
E14000584,33.2,43.5,55.0,55.1,53.3,55.2,53.4,53.3,64.5,57.2,53.1,59.1,57.8
E14000585,100.0,82.8,55.3,48.6,48.9,53.2,47.9,29.9,25.3,,,,27.2
E14000586,47.8,41.7,41.1,47.1,44.0,49.2,48.9,48.9,47.2,54.5,50.8,37.5,41.7
E14000587,26.9,,,,,,,,,,,,
E14000588,,,,,46.6,53.9,45.1,,,,,,50.0
E14000589,,,,,,,66.4,64.6,,,,,
E14000590,62.5,66.1,46.7,,74.4,77.0,,,,,,,
E14000591,,,,,,,,,,,,,
E14000592,37.7,27.4,,,,,,,,,,,
E14000593,,,,,,,,,,,,,
E14000594,40.8,48.6,73.7,,,,,,,80.0,,,
E14000595,,,60.9,70.6,51.1,,,,,59.6,74.2,74.2,72.7
E14000596,37.3,38.6,51.2,64.5,74.4,75.9,63.3,60.8,65.8,73.1,76.3,68.3,48.3
E14000597,59.9,53.1,52.8,,,,,,,,,,
E14000598,47.7,49.7,31.4,42.6,56.6,55.4,72.6,64.5,,,,,
E14000599,64.0,39.2,39.1,,,,,,,,,,
E14000600,,28.9,40.3,34.5,30.5,36.6,35.2,38.9,63.3,55.3,,,
E14000601,47.5,55.8,60.3,62.2,66.1,70.2,51.7,,39.5,44.9,51.6,53.6,62.5
E14000602,19.6,15.3,,,,19.7,24.4,22.8,28.6,22.3,34.9,49.6,43.2
E14000603,,,49.6,55.8,100.0,100.0,72.7,72.8,54.9,,60.9,57.4,45.0
E14000604,,,,,28.2,39.6,43.9,31.1,44.2,24.4,,,
E14000605,,,,63.3,71.9,64.9,75.4,,,52.8,43.4,50.3,51.8
E14000606,59.7,,,,,79.3,65.1,69.4,71.1,,,,
E14000607,43.2,52.4,49.0,,,,,,,,,,
E14000608,34.3,44.7,74.8,79.7,67.7,62.5,,,39.9,28.8,,35.7,31.7
E14000609,,,,,,,,,,,,,
E14000610,53.3,87.6,86.1,100.0,100.0,,75.1,79.4,68.6,100.0,,,45.5
E14000611,,,40.2,38.1,41.1,,,,,,,50.1,67.2
E14000612,41.0,52.4,50.5,56.2,50.7,47.6,39.2,36.5,,,,,
E14000613,27.3,,,36.6,55.3,54.2,52.8,44.6,,,58.8,50.9,50.7
E14000614,30.1,38.5,49.9,49.3,45.2,52.0,56.5,49.6,29.0,40.7,25.9,26.5,41.4
E14000615,,,43.0,,,,,,77.1,58.0,55.6,,
E14000616,49.9,64.0,58.3,62.8,31.2,38.3,52.1,49.9,76.0,46.7,,41.1,
E14000617,,47.6,53.9,51.4,70.7,59.3,,100.0,82.0,,,,
E14000618,68.3,57.9,51.9,,,,,,,,,,
E14000619,,,,,,,,,56.9,46.1,37.5,30.8,20.3
E14000620,48.6,53.8,,,,,,99.9,73.0,65.3,66.6,59.0,51.9
E14000621,30.2,25.5,37.3,66.3,59.8,74.0,77.1,,,,,,
E14000622,68.7,60.4,85.1,68.6,64.0,58.1,,,65.6,81.1,84.8,91.9,87.7
E14000623,39.8,37.8,38.6,33.6,,,,,46.8,47.0,61.8,73.3,88.1
E14000624,,,,37.5,49.9,47.5,44.2,,,,,,
E14000625,,,,57.7,62.0,63.2,72.0,47.9,,,,,
E14000626,100.0,73.1,63.8,64.0,44.9,46.8,63.7,57.0,68.3,67.1,,,
E14000627,48.6,55.9,57.6,69.1,54.7,45.6,37.2,,,,35.0,47.7,46.5
E14000628,45.3,,67.2,62.0,78.3,100.0,,,,,,,
E14000629,,,,,,,,,,,,,
E14000630,50.2,70.9,50.2,41.5,,,47.4,40.8,46.8,48.9,,,
E14000631,34.5,32.8,18.6,,,,,,,,,,
E14000632,58.7,57.9,61.5,,,,,,,,,,39.9
E14000633,58.6,76.0,,,,,,,,,100.0,,
E14000634,35.3,30.2,34.5,,,,,,,,,,
E14000635,60.5,68.5,,38.4,39.0,44.4,43.7,,,,,,
E14000636,34.9,32.3,45.4,53.5,51.1,52.3,38.0,43.3,,,,,
E14000637,,,,,,,,,47.0,51.3,44.4,55.0,55.1
E14000638,80.8,100.0,79.8,86.3,75.0,65.7,44.6,,,,,,
E14000639,,39.4,37.1,37.4,41.8,32.7,,,,,,,
E14000640,,,,,,,,,,,100.0,100.0,
E14000641,55.7,53.8,50.9,46.8,,,,,,,,,
E14000642,,,,,,,,,,,,,
E14000643,63.0,62.4,62.5,35.2,45.9,42.3,47.1,53.6,65.1,66.4,54.4,64.0,49.5
E14000644,,,,,,,,,,32.2,42.1,45.7,34.2
E14000645,59.6,51.6,46.9,63.0,46.4,54.2,58.4,,27.8,34.8,40.8,42.1,52.8
E14000646,45.2,34.8,57.5,53.7,58.5,55.9,49.5,64.0,44.2,37.9,35.3,,
E14000647,55.4,63.9,75.4,74.3,100.0,100.0,,,,,,84.0,73.9
E14000648,34.4,45.9,54.6,40.4,59.4,52.3,56.2,100.0,100.0,100.0,87.3,46.6,56.6
E14000649,41.2,50.1,54.9,51.0,49.0,33.6,,,,,54.7,51.3,37.7
E14000650,,18.4,34.7,35.1,34.8,,,,,,33.5,28.2,39.6
E14000651,53.6,68.0,45.8,67.3,61.6,43.4,62.2,,,,,,
E14000652,,78.0,51.7,,,,,,,33.9,38.3,67.8,37.1
E14000653,36.4,38.4,,,,,,,,,74.3,57.2,63.0
E14000654,47.2,49.6,38.7,37.3,36.1,41.9,47.5,60.2,74.5,61.5,58.0,46.8,49.7
E14000655,22.3,39.2,25.5,,,,,,61.7,50.5,64.3,66.4,
E14000656,,68.4,,69.7,73.4,,,,,,,,
E14000657,,,,,,46.6,50.6,,,,30.4,45.6,42.3
E14000658,50.2,45.5,41.1,48.6,58.8,69.9,69.8,69.0,66.2,56.8,50.2,56.1,54.7
E14000659,,,,,,,,,,,,29.3,35.8
E14000660,,,48.2,58.7,51.9,47.4,40.6,,,,,,
E14000661,51.8,57.4,50.0,64.5,57.3,,,48.3,,49.7,87.1,85.6,87.4
E14000662,44.2,46.0,57.2,38.0,57.1,63.6,48.0,47.8,,,43.2,39.3,37.6
E14000663,30.2,23.5,21.0,,,,38.7,50.1,52.6,51.2,49.6,53.6,45.2
E14000664,48.5,45.3,38.1,,,,,,,,,,
E14000665,72.4,68.2,44.0,38.6,,,,30.8,43.9,52.3,54.3,56.4,38.7
E14000666,,26.0,30.7,,26.3,,,,,,27.1,47.8,55.4
E14000667,32.7,37.1,54.3,53.9,59.1,59.9,,,,40.7,56.0,61.2,41.9
E14000668,66.7,,48.4,,,44.7,,,,,,18.6,18.5
E14000669,,,,,34.4,42.1,43.4,51.9,,62.4,48.8,47.7,43.6
E14000670,,,,,,92.5,,100.0,100.0,85.0,85.7,78.9,77.7
E14000671,,,55.3,54.4,52.0,,,,72.1,87.9,72.6,69.0,62.7
E14000672,,,,,,,,,35.6,56.8,52.3,,
E14000673,,,,,,,,,,,,,
E14000674,,,,,,,,,,,,,
E14000675,,,,,,,,,,,,,
E14000676,,,,,,,,,,,,,
E14000677,,,,,,,,,,,,,
E14000678,49.2,37.2,46.3,41.0,47.9,51.6,47.0,56.0,67.9,69.7,,57.3,57.8
E14000679,,30.6,,,,,,,,,,,
E14000680,74.6,85.0,57.6,,,,65.9,60.7,65.2,58.9,,55.8,
E14000681,,,,,,,,42.2,46.2,43.9,,,
E14000682,,,,,,,,,67.8,,58.8,52.7,43.7
E14000683,76.9,53.1,58.9,,,81.5,82.8,80.7,82.7,,50.7,62.8,46.4
E14000684,,,,,,,,,,,71.4,60.9,51.3
E14000685,59.5,52.0,,,,,68.2,56.9,49.3,47.8,43.8,54.7,75.2
E14000686,,,,35.7,,,,,,,60.1,66.0,55.3
E14000687,,,,,,,,41.0,43.1,38.8,51.7,,
E14000688,23.9,22.8,25.5,39.5,65.2,64.4,,,,69.1,100.0,100.0,100.0
E14000689,,35.8,33.1,,,,,,,,,,
E14000690,38.2,54.5,44.3,,,,,,,,,,
E14000691,100.0,52.0,,,,,,,,,,,
E14000692,,,,,,,,,,,,,
E14000693,59.4,50.5,47.4,30.2,,,,,,,,,
E14000694,59.7,73.3,69.2,59.1,46.0,,,,,,,,
E14000695,,,65.7,,61.6,69.6,59.4,,,,,100.0,
E14000696,,,,,,,,,,,,,
E14000697,,,31.2,,,44.6,49.7,45.5,66.0,,,,
E14000698,44.5,38.6,31.0,36.9,41.7,53.6,65.3,82.4,79.9,59.2,63.9,71.7,76.1
E14000699,44.3,47.0,68.4,100.0,100.0,100.0,100.0,,,100.0,83.0,77.4,68.7
E14000700,,,,,,,,,,,,58.6,68.7
E14000701,,,47.5,,,,,,,,,,
E14000702,45.6,47.2,66.9,65.7,52.0,36.0,50.6,60.3,70.5,79.6,61.3,75.1,76.8
E14000703,15.9,20.4,23.1,,,,,,,,,,
E14000704,100.0,100.0,100.0,100.0,70.5,35.9,,,,58.4,60.3,,62.5
E14000705,48.8,47.4,34.0,,,,,81.7,,,63.3,69.2,62.0
E14000706,,,,,47.6,,,,,,,,
E14000707,62.8,79.8,71.0,,,77.8,,,59.8,57.0,48.5,57.4,60.0
E14000708,57.0,50.0,44.6,,,,,,,,59.2,42.9,43.0
E14000709,53.4,37.9,28.7,29.6,37.4,43.9,44.1,40.1,,33.1,23.6,32.6,46.4
E14000710,39.3,,,,30.2,,17.5,,,34.2,,,24.0
E14000711,,71.7,66.2,66.1,55.2,36.8,45.6,34.4,,54.9,46.6,65.4,62.0
E14000712,61.0,57.7,71.2,75.7,67.2,61.5,65.9,,,,,65.0,71.4
E14000713,,,,,,,63.0,73.4,76.5,62.6,52.3,44.1,45.4
E14000714,26.9,20.1,,,,,,58.4,61.5,51.5,,43.3,39.2
E14000715,,56.4,,,,,,,,,53.3,38.9,30.0
E14000716,11.6,22.1,35.0,27.6,35.5,43.2,22.9,46.0,29.5,37.9,50.3,34.6,35.0
E14000717,,52.2,59.5,,,74.4,78.8,76.3,81.3,100.0,77.1,69.8,71.6
E14000718,,,,,,,,,,,,,
E14000719,,,,,,,,,,,,,
E14000720,,,,,,,,,,,,,
E14000721,,,,,,,,,,,,43.4,39.3
E14000722,,,,,,,,,,,57.9,48.6,54.9
E14000723,23.1,27.0,34.3,23.2,,43.4,44.0,,,,,39.9,42.5
E14000724,82.0,78.9,59.8,65.5,55.0,64.8,64.7,63.6,52.9,45.0,59.7,64.0,67.8
E14000725,54.1,41.6,37.1,33.3,20.0,,,,54.6,64.7,75.8,65.7,64.6
E14000726,,37.6,,,,,,,,,,,
E14000727,,,,,,,43.2,,,,,,
E14000728,26.7,18.9,34.5,33.6,25.3,,,54.3,54.1,69.5,59.8,50.5,64.4
E14000729,47.8,,,,52.7,48.7,49.6,37.1,,,40.8,,
E14000730,55.6,50.5,44.7,74.2,68.1,78.5,42.8,29.2,35.5,,53.1,48.2,50.6
E14000731,63.2,65.4,79.1,,,,,,,,,,
E14000732,39.2,37.6,65.4,58.2,55.7,59.0,,,,,,,
E14000733,41.9,44.2,44.5,49.1,49.5,50.9,41.7,34.4,33.6,32.8,35.3,29.0,25.8
E14000734,,,,,,,,,,,,100.0,88.6
E14000735,,74.6,67.4,69.1,65.7,,,,,,,,
E14000736,47.5,55.6,,,,50.3,41.3,,,,,,
E14000737,60.5,54.8,38.4,,,,,,,,,,
E14000738,46.9,38.4,55.9,,33.3,40.2,,,58.5,55.3,52.1,53.7,
E14000739,43.9,,,,,,,,,,,,
E14000740,50.6,56.7,63.8,53.9,45.9,36.8,24.5,38.6,42.9,31.6,52.0,50.1,30.9
E14000741,,,,,,,,,,,,,
E14000742,44.0,43.6,,,,,,,,,,,28.1
E14000743,48.6,58.1,62.5,59.1,64.0,60.8,44.2,68.4,76.3,69.4,70.6,66.3,58.7
E14000744,80.9,69.9,78.0,70.9,63.7,68.1,56.1,59.5,,56.6,51.5,,49.4
E14000745,26.1,39.2,24.4,29.0,,,,,,,,,
E14000746,,45.3,54.1,56.2,,,43.5,42.6,47.7,26.0,34.0,34.5,40.0
E14000747,37.4,,,,,44.9,50.3,,,,,38.8,48.0
E14000748,57.3,46.0,36.2,38.8,27.5,44.8,,,,,,,
E14000749,72.7,55.8,58.3,,,,,,,,52.1,49.3,44.0
E14000750,,,43.8,68.3,42.9,53.9,53.3,44.1,49.0,,,,
E14000751,,,,,,,,,,26.4,,,17.9
E14000752,,,43.2,40.9,33.7,51.4,42.6,50.3,34.5,,,,
E14000753,,,,,59.1,,,,,,,,44.9
E14000754,,,,42.6,,,37.3,47.7,79.7,78.8,74.1,69.6,64.9
E14000755,44.2,31.2,15.6,22.3,,,58.0,,72.3,56.3,,,53.5
E14000756,,,,,,77.1,68.4,76.3,79.5,56.6,75.1,,39.8
E14000757,24.2,26.3,39.9,55.5,53.8,51.8,67.1,70.9,91.7,100.0,100.0,89.5,77.0
E14000758,,,,,,,,,,67.2,41.6,33.9,58.3
E14000759,50.3,,,,,,,,,,46.8,53.3,35.2
E14000760,34.5,25.2,31.9,37.3,,,,,,22.2,,,
E14000761,100.0,,,,,,,,,,,,
E14000762,41.4,36.9,41.4,44.4,57.4,59.3,60.8,59.0,46.0,55.7,53.4,36.4,38.7
E14000763,,,,,,,,,,,58.9,86.0,
E14000764,,,,,,,,,,,,,
E14000765,51.1,55.3,43.5,40.9,35.1,30.8,36.7,26.5,28.0,31.6,36.3,44.8,48.6
E14000766,,,,,,,,,69.3,,,,
E14000767,22.9,46.8,48.3,52.0,60.4,54.5,47.9,,42.2,55.9,74.1,100.0,91.8
E14000768,,,,,28.3,24.6,,,,,,,
E14000769,51.8,53.1,,,75.8,66.0,55.7,,,,63.3,49.7,51.6
E14000770,56.9,36.5,40.2,30.6,24.2,61.8,88.8,83.1,73.6,,29.3,46.3,51.6
E14000771,24.5,23.1,22.0,,,,,54.7,60.8,53.7,57.0,82.5,84.7
E14000772,46.9,38.7,58.3,54.8,29.3,29.6,21.7,,,,52.0,71.2,68.0
E14000773,,,,40.8,51.1,48.6,,,,67.3,65.1,62.7,50.7
E14000774,48.8,66.0,71.6,74.8,73.4,52.3,,58.4,52.0,50.5,61.4,,29.6
E14000775,40.3,37.4,23.6,37.5,52.4,46.4,70.2,67.7,61.0,61.9,45.8,32.5,29.8
E14000776,,,,,,,,,,,,100.0,69.0
E14000777,,,,,,,,,,,,,22.1
E14000778,42.3,69.4,52.8,53.8,58.6,31.1,29.1,,,,,,
E14000779,,,22.1,29.2,35.1,45.9,,,,,,,63.8
E14000780,,56.0,,,,,,,,,,,
E14000781,,,,,,,,,,,,,
E14000782,,,25.1,22.8,19.6,,,,,,,,
E14000783,30.1,29.6,24.6,29.2,19.8,,30.0,30.5,23.9,29.5,13.6,23.9,31.5
E14000784,37.2,46.5,47.3,64.7,49.6,59.5,45.0,48.4,51.6,33.5,39.9,28.9,27.1
E14000785,61.3,57.8,65.6,49.1,,,,,,,,60.4,52.7
E14000786,68.0,42.5,64.7,62.3,61.1,48.7,,,,,,52.6,
E14000787,,,31.1,66.6,62.4,62.5,,,,,,,
E14000788,46.7,,,,,,,,,,,,
E14000789,,,,40.2,52.4,48.6,,,,,,,
E14000790,,,,,,,,,,,,,
E14000791,,,,,,,84.8,87.4,56.5,37.1,36.7,37.2,50.0
E14000792,41.0,,,,,,62.4,100.0,63.9,62.7,56.6,56.9,54.1
E14000793,31.6,,,55.2,,,,43.5,46.5,70.8,70.6,,100.0
E14000794,,,,,,56.6,61.4,63.0,45.9,67.1,61.6,48.2,64.6
E14000795,,,,,,,,,,,,,
E14000796,54.7,46.0,,,,,44.4,42.8,53.2,51.3,56.7,58.9,57.9
E14000797,51.1,,,,,,,,,,,24.7,32.7
E14000798,,31.4,54.5,52.1,46.0,,,,,,,,
E14000799,46.3,71.1,64.9,87.8,88.4,93.5,100.0,100.0,76.4,52.2,37.9,35.1,31.6
E14000800,40.1,46.7,46.1,18.6,43.2,43.8,42.7,43.8,22.0,23.6,22.5,20.1,24.6
E14000801,51.2,50.4,51.3,,,,,,,,27.9,24.4,33.0
E14000802,72.4,,,,,,,,,,,,
E14000803,39.6,37.4,30.0,23.5,36.2,44.5,57.5,56.1,42.5,40.4,30.2,40.9,44.2
E14000804,,,57.7,,,,,,,36.6,45.9,61.7,65.4
E14000805,65.3,61.7,62.3,79.5,68.1,76.0,51.2,44.6,50.7,50.3,49.9,,
E14000806,85.3,85.0,,,,,,,,,,,
E14000807,,,,,,,,,,,,,
E14000808,,,51.9,,,,,,,,,,
E14000809,,28.8,46.9,58.2,55.1,68.6,62.4,,,,,,
E14000810,40.9,39.5,43.0,52.5,60.8,59.2,60.7,,,,,,
E14000811,78.4,55.1,48.0,,40.2,54.0,83.3,69.8,,,,,
E14000812,42.7,40.5,39.9,49.2,46.0,36.1,45.9,37.5,22.3,23.3,14.2,30.0,45.1
E14000813,29.8,50.3,62.9,90.4,81.1,66.7,69.3,,,,,31.8,38.2
E14000814,36.6,,44.7,46.5,,,,,,64.2,66.2,71.2,56.5
E14000815,32.4,,37.8,63.7,62.5,40.3,59.1,58.2,64.5,73.2,52.1,49.4,52.3
E14000816,57.4,40.8,43.8,44.2,,34.2,45.9,45.0,50.0,,,,
E14000817,,,,,,,,,,40.9,52.7,73.6,100.0
E14000818,23.4,,,,,,,,,39.0,46.8,36.0,
E14000819,40.8,34.9,33.5,31.2,29.4,33.2,52.3,44.9,44.0,37.5,30.7,32.8,30.6
E14000820,36.6,58.1,61.1,52.4,55.5,45.5,45.0,47.2,40.1,36.5,28.4,25.8,24.8
E14000821,43.7,44.1,57.3,62.0,58.9,59.6,66.4,47.9,41.5,32.7,15.9,31.2,40.4
E14000822,27.9,34.9,41.8,57.2,55.0,51.2,50.3,47.2,47.5,38.5,41.7,33.6,34.3
E14000823,,,,,,,,,,,,,
E14000824,37.3,40.7,52.4,,,,,,,,,,
E14000825,73.1,70.9,55.7,46.0,31.8,53.2,,49.8,68.1,54.1,80.5,76.5,81.7
E14000826,43.9,35.5,34.0,53.3,55.1,74.5,,,,,,,
E14000827,60.0,61.5,53.6,40.8,43.7,30.7,31.6,42.1,38.2,37.4,,,
E14000828,35.7,38.2,50.8,77.6,81.5,78.4,,69.1,77.2,79.2,70.0,78.1,70.4
E14000829,,,39.3,42.0,,,,,89.6,82.3,70.6,74.2,44.6
E14000830,47.7,40.1,51.0,55.6,59.5,73.2,44.0,58.0,54.8,51.4,54.4,44.1,48.1
E14000831,,,,,24.2,36.3,44.8,35.7,,,,,
E14000832,83.6,51.3,43.8,29.1,31.3,27.6,,46.3,,53.4,57.9,33.9,35.6
E14000833,55.9,48.9,,54.2,78.0,88.6,100.0,,,,44.7,41.6,37.0
E14000834,36.8,,,,,,,,,,,,
E14000835,35.8,63.6,62.2,70.9,74.2,53.1,52.0,36.1,33.3,33.5,36.9,62.3,52.1
E14000836,39.3,33.6,29.1,,,,66.5,78.3,64.8,75.6,,,
E14000837,57.5,82.0,100.0,,,,,,,,,,
E14000838,34.7,42.7,59.4,67.5,80.4,64.9,,,,,,,
E14000839,,42.2,39.3,29.7,32.5,30.8,,,,49.7,36.9,46.7,48.1
E14000840,,71.5,43.7,,,,,,,,,,54.7
E14000841,32.4,34.3,34.1,38.6,46.2,53.2,52.3,59.2,79.7,62.4,58.7,47.0,28.9
E14000842,,50.0,64.2,71.1,79.7,,,,,,,,56.3
E14000843,70.6,67.0,54.8,67.0,,,,,,,,53.5,56.8
E14000844,74.3,85.8,80.2,77.0,71.4,61.3,58.4,47.0,48.6,55.2,59.0,52.0,54.6
E14000845,,,,66.9,82.0,87.7,82.7,100.0,100.0,65.2,56.1,,
E14000846,31.0,34.6,31.4,24.6,34.7,46.1,43.9,38.1,37.1,23.9,24.7,30.5,42.3
E14000847,64.4,83.1,75.7,79.7,70.7,56.0,62.8,64.2,62.1,69.9,56.9,51.1,39.4
E14000848,,53.6,61.3,62.8,68.3,,,,,,,,100.0
E14000849,,,,,,26.4,33.6,51.5,67.5,71.6,50.5,42.1,50.3
E14000850,61.2,66.3,65.5,69.7,77.0,76.4,77.0,51.5,35.3,28.8,,40.2,39.9
E14000851,58.1,63.8,64.4,44.8,40.3,27.4,24.6,33.5,59.5,,76.8,63.4,54.7
E14000852,,,,,70.3,,,,,,,,
E14000853,46.5,68.0,70.7,72.1,60.4,50.5,62.2,63.2,44.6,48.1,26.9,,26.5
E14000854,,,,23.6,31.5,51.2,75.4,,,,,,58.8
E14000855,49.8,66.3,67.1,68.2,55.2,55.3,58.0,63.4,29.5,,,32.2,39.7
E14000856,24.1,34.1,60.9,50.6,40.3,31.8,39.8,41.2,73.7,82.7,68.2,61.7,71.0
E14000857,,,,,,73.8,,,38.3,33.4,45.0,42.5,
E14000858,57.9,50.7,52.5,64.3,100.0,,,,,,,,
E14000859,35.8,48.9,51.5,,60.0,,,,,,,55.6,58.5
E14000860,54.5,64.4,47.0,53.9,53.5,55.9,51.9,56.6,57.1,41.5,64.7,67.0,72.7
E14000861,53.7,42.6,,,,,,,,,,,
E14000862,,76.2,,70.4,62.2,55.9,73.1,,29.9,,,,
E14000863,,62.9,75.2,61.2,48.7,41.4,,,,,,,
E14000864,,,,,,,,,,,,,
E14000865,,,,,,27.1,27.4,15.7,35.8,20.1,22.4,35.7,39.1
E14000866,38.3,,34.4,,,,,,47.9,33.0,35.4,59.9,54.8
E14000867,,,42.8,58.9,50.7,62.2,,,,,,27.0,28.9
E14000868,,,72.4,67.7,73.3,100.0,100.0,75.1,60.7,57.2,46.2,59.9,79.9
E14000869,,,,,,,53.4,52.1,52.1,55.1,,,46.7
E14000870,30.8,19.9,27.1,24.2,36.6,52.5,50.0,67.5,74.3,65.6,54.5,,
E14000871,16.4,18.0,19.6,23.2,,,,33.3,46.6,55.4,65.8,49.8,45.5
E14000872,,,,,,,,,,,67.8,64.8,66.4
E14000873,,,,,,,,,,,,,
E14000874,,,,,,76.3,92.3,89.4,94.7,77.8,62.1,44.2,30.1
E14000875,61.9,51.7,45.2,,,,,,,,,,
E14000876,31.2,34.5,50.5,58.9,58.4,72.4,74.9,38.7,,,,,30.8
E14000877,84.4,,,,,,,,,,56.7,63.9,59.6
E14000878,,,19.7,24.9,29.0,,,35.7,54.4,52.1,50.0,57.9,58.8
E14000879,71.6,,51.2,37.0,42.4,47.7,45.6,55.8,50.9,62.9,55.4,73.4,88.2
E14000880,36.8,38.8,,,,,45.6,41.0,49.0,65.9,50.7,56.7,41.7
E14000881,35.2,35.8,29.8,27.9,36.0,47.6,43.2,57.4,48.8,36.9,39.5,28.1,44.5
E14000882,,,,,,,,,,,,,
E14000883,33.8,32.3,44.3,33.2,40.2,63.3,60.7,50.1,53.3,48.7,61.1,81.9,81.2
E14000884,31.1,32.7,38.2,38.5,51.9,55.0,,,55.3,42.8,50.9,78.9,45.4
E14000885,,,,,,,,,,,,,
E14000886,35.1,38.0,53.9,55.1,68.3,74.1,73.2,75.3,64.7,,,,
E14000887,34.4,,,,,,,,,,,,
E14000888,34.0,,,75.6,,,,,,,,,
E14000889,38.4,35.7,43.6,46.8,56.7,61.1,49.2,,,,32.5,23.8,18.9
E14000890,60.1,42.6,38.8,35.5,41.4,49.6,60.9,76.8,,36.4,40.6,36.1,31.5
E14000891,49.2,52.2,48.9,58.5,54.4,61.1,56.4,37.0,37.7,28.9,36.0,42.7,35.3
E14000892,,49.2,53.0,69.7,56.0,32.8,,,,,62.2,72.2,78.3
E14000893,39.5,55.6,66.4,,,,,,,,,,
E14000894,71.1,73.6,67.5,,,73.8,77.2,86.3,100.0,85.6,60.3,49.9,39.8
E14000895,62.7,50.4,46.9,,,,,,,80.9,78.0,85.1,88.5
E14000896,,,,,22.0,43.7,39.6,,,,,,
E14000897,20.6,15.6,11.1,10.6,,,,,,,,19.6,26.0
E14000898,58.1,53.5,44.6,61.5,44.2,39.3,33.8,22.2,,,,55.1,62.1
E14000899,30.3,35.7,37.3,53.5,89.4,54.0,52.5,52.8,46.3,41.0,45.7,51.0,42.8
E14000900,47.5,44.5,34.1,33.1,56.8,55.0,66.3,37.8,,,,,
E14000901,37.8,37.6,32.2,20.4,26.1,35.1,38.6,36.4,,,,,
E14000902,,45.6,48.4,79.9,91.3,48.0,48.4,20.3,19.9,31.3,29.2,41.1,42.3
E14000903,41.1,24.6,33.0,40.9,31.3,74.3,41.7,43.3,28.5,22.0,,,
E14000904,,,,,60.5,,,,,,,57.0,49.3
E14000905,,48.2,53.9,45.9,36.0,,,,,,,54.4,60.1
E14000906,34.7,23.3,,,,,,,,,,,
E14000907,57.5,47.1,,,,,,,,,,,
E14000908,42.1,38.1,55.4,57.4,,,,,46.6,,,,
E14000909,14.3,64.7,71.7,76.7,72.6,50.3,45.6,32.6,33.3,44.0,35.2,32.2,
E14000910,35.0,,,,,,,,,,,,
E14000911,,38.6,44.2,52.8,46.3,43.6,,,,,,,
E14000912,45.1,42.0,37.2,48.7,49.8,53.2,49.1,,,,,,
E14000913,52.9,53.7,52.7,47.6,58.0,58.7,39.7,40.6,,45.9,74.4,75.2,74.9
E14000914,36.6,59.8,55.2,47.4,55.4,,50.6,43.7,43.2,37.4,35.5,52.8,68.9
E14000915,75.4,75.9,77.6,85.1,86.4,72.0,68.4,,,18.9,22.2,27.2,46.6
E14000916,71.5,69.8,61.1,,,,,58.4,48.9,49.5,46.3,30.1,31.0
E14000917,,,,,,29.2,34.8,45.1,35.2,41.2,33.9,45.5,50.0
E14000918,,,,,,,,,,,,,
E14000919,75.4,,,,,,,81.2,79.4,,,,
E14000920,37.5,,,,,,,,,,26.9,38.0,34.4
E14000921,,,,,,,42.1,33.9,,,,,
E14000922,50.1,39.1,45.9,,,,,31.5,35.3,,,,
E14000923,75.2,76.5,58.6,49.8,51.4,53.8,,,,,,,38.8
E14000924,,100.0,77.3,56.2,38.5,35.4,43.2,45.7,56.5,53.2,57.6,63.8,71.8
E14000925,,,,,,,,,,,,,
E14000926,,,,,,47.6,44.4,69.3,60.0,50.9,52.9,52.9,58.2
E14000927,53.2,58.6,71.2,60.8,58.0,61.0,,70.4,95.0,,,,
E14000928,,,,,64.3,,,,,,,,
E14000929,54.3,68.1,54.4,43.9,,,,,,,,,
E14000930,26.6,30.2,30.0,49.5,37.9,44.3,42.2,49.1,40.2,30.5,30.5,18.1,21.6
E14000931,49.3,52.3,27.3,18.7,,34.3,38.4,44.2,49.2,37.7,,30.2,29.4
E14000932,60.6,77.5,79.4,81.9,84.7,62.9,56.1,51.9,39.8,51.9,60.0,66.6,83.3
E14000933,65.4,66.5,52.1,,,48.6,54.1,53.3,80.3,28.9,27.9,51.7,46.7
E14000934,69.7,55.0,44.9,33.2,36.1,29.1,27.4,24.6,29.8,,,45.0,
E14000935,50.6,48.6,,68.0,74.0,64.0,54.9,51.5,40.0,,55.5,46.8,56.0
E14000936,,,71.0,50.9,43.7,49.6,42.1,61.5,62.8,58.6,71.3,67.8,75.9
E14000937,,43.3,30.8,49.6,50.2,53.9,74.1,58.7,42.2,40.4,36.6,33.9,29.3
E14000938,61.7,62.4,50.0,69.8,70.9,,,,82.1,71.4,83.3,88.4,70.2
E14000939,,,,73.5,83.3,79.1,,,,,32.6,33.5,31.2
E14000940,,54.1,,,77.6,53.3,40.7,48.6,56.9,62.1,63.6,66.6,62.5
E14000941,71.6,78.9,59.5,42.7,54.8,59.4,63.8,71.5,60.6,51.0,,,
E14000942,38.0,78.1,64.4,56.5,59.9,39.5,65.7,70.6,71.8,75.3,72.6,56.3,42.3
E14000943,,,,,85.6,100.0,,,,,,,61.3
E14000944,57.1,58.3,44.1,45.2,47.2,43.5,53.6,51.8,53.9,63.0,48.6,51.5,45.2
E14000945,52.3,67.5,80.8,,,,,,,,,,
E14000946,,,,,,,,,,,,,
E14000947,53.4,75.0,59.1,64.0,43.2,39.9,,48.4,66.2,68.2,77.3,56.9,49.1
E14000948,,,,,,,,,,,,34.4,27.2
E14000949,,,,,,,,55.1,,,,,42.0
E14000950,36.2,34.0,37.4,39.9,41.1,71.3,56.3,60.6,52.0,39.9,65.3,48.3,49.4
E14000951,30.1,22.6,17.4,24.2,,,,,,,,,
E14000952,29.9,,29.2,,,,,,,,,,
E14000953,,53.4,,35.7,51.4,31.3,57.8,46.7,,,45.6,73.5,67.7
E14000954,46.9,46.6,62.9,66.5,67.3,72.8,,,,,,37.2,57.4
E14000955,77.4,57.3,28.3,,32.8,53.5,65.2,54.7,,31.4,35.8,45.4,61.5
E14000956,30.7,,66.5,69.8,78.4,84.1,82.4,73.4,58.5,57.2,51.8,43.6,57.4
E14000957,72.4,73.0,57.8,45.9,41.3,35.8,32.2,32.0,20.6,26.6,34.0,34.3,58.8
E14000958,71.6,77.7,62.2,53.9,,,,,,44.6,40.0,40.4,38.3
E14000959,41.2,34.2,,38.5,59.9,72.0,73.2,41.7,32.8,,,,
E14000960,,52.6,54.2,55.5,58.5,,68.3,,,50.1,44.9,41.5,44.8
E14000961,100.0,75.3,78.5,76.1,80.3,100.0,76.6,,,,,61.6,61.8
E14000962,37.8,43.2,44.2,41.3,55.5,100.0,100.0,83.9,86.7,80.7,,,
E14000963,27.7,26.5,34.1,35.3,55.4,57.4,55.5,46.9,46.7,47.6,47.6,62.1,59.1
E14000964,,,,,,,,,,62.7,,,
E14000965,,,,,,,,,,,,,
E14000966,55.5,55.1,44.5,40.4,47.1,42.1,,,,100.0,100.0,100.0,73.6
E14000967,,,,41.4,,,40.5,,,,,,
E14000968,,,,,,,,,,,,41.3,43.8
E14000969,36.6,36.7,,,,,75.4,80.3,73.5,67.8,63.4,53.7,82.2
E14000970,59.5,71.3,77.1,73.2,50.4,46.8,41.7,,,,18.3,26.8,
E14000971,23.6,30.8,35.0,38.5,52.2,48.2,38.1,45.6,41.0,40.9,36.5,38.7,48.6
E14000972,78.2,69.8,54.7,,,,,,34.1,51.8,51.0,51.2,
E14000973,64.3,50.2,53.1,,,,,,,75.8,65.6,51.0,53.7
E14000974,,,48.3,55.5,52.0,67.3,53.1,63.3,68.9,58.6,61.0,55.8,56.4
E14000975,35.9,58.9,,75.0,100.0,100.0,73.5,59.5,53.7,,,,
E14000976,28.4,,,,,,,48.5,59.9,55.0,,,21.3
E14000977,75.4,50.8,22.4,15.5,,41.7,,,,,,,
E14000978,,,,,,,,,,,,,
E14000979,23.2,19.3,,47.2,40.4,51.6,49.7,,36.1,38.7,35.2,35.9,45.5
E14000980,63.8,60.0,65.7,62.4,56.0,52.0,49.4,,64.5,41.9,48.4,32.6,38.9
E14000981,37.1,46.0,45.5,52.6,53.4,63.2,71.4,79.3,100.0,,83.4,45.6,45.5
E14000982,34.7,44.0,32.0,23.2,,,,,,,,71.9,58.1
E14000983,64.8,76.1,59.8,55.1,57.7,54.5,86.2,100.0,93.3,84.2,63.1,54.1,
E14000984,28.2,40.6,53.3,36.8,26.6,21.1,,,,,49.2,48.9,53.0
E14000985,34.3,33.6,54.7,72.4,55.0,52.9,,,,,,,57.3
E14000986,,,,,,,,,,,66.7,56.5,73.7
E14000987,,,,,,,,,46.9,58.2,88.7,92.0,51.5
E14000988,58.1,23.3,34.2,49.2,41.6,48.1,49.0,30.6,,,,,36.1
E14000989,51.8,46.6,45.5,44.1,42.9,45.2,47.4,43.2,42.3,37.3,34.7,26.2,
E14000990,34.3,49.3,41.2,40.4,47.9,,,,,,,,
E14000991,38.0,36.5,31.0,33.3,44.9,40.5,61.9,74.0,,,,,
E14000992,40.9,66.1,65.9,78.1,59.3,,,,,,,,
E14000993,45.0,34.7,46.7,43.6,36.3,36.4,,,45.5,55.5,100.0,79.0,57.1
E14000994,46.6,47.0,,,,,,,76.2,38.8,41.3,51.5,36.3
E14000995,64.3,65.1,64.2,54.6,46.0,50.7,38.4,42.9,35.5,29.4,43.2,36.9,40.7
E14000996,66.7,57.4,85.6,63.7,39.6,25.7,,,,,,,
E14000997,,,36.6,37.5,,49.0,,,,,,,
E14000998,,47.3,58.1,51.5,56.2,,,,,,,,
E14000999,52.5,46.6,36.3,43.3,47.9,49.4,53.6,42.9,53.4,44.4,58.5,70.5,73.1
E14001000,45.2,67.4,61.4,81.5,84.2,,,,,,,,
E14001001,64.5,53.1,38.1,39.7,62.3,58.8,63.0,43.4,20.6,19.0,,,50.1
E14001002,,,,,,,,,,,,,
E14001003,,51.5,51.7,44.0,,,,,,,,,42.1
E14001004,41.2,61.2,51.8,59.0,63.6,54.1,63.7,32.0,,,,45.5,49.6
E14001005,,17.1,18.5,27.9,25.9,22.7,,,,,,,
E14001006,51.2,52.6,61.1,62.8,61.6,47.8,44.5,63.5,56.8,64.0,48.0,56.6,60.0
E14001007,52.6,41.2,52.7,72.5,50.9,85.7,52.0,54.6,57.6,59.7,71.6,78.9,70.8
E14001008,,,,45.8,47.8,48.2,60.1,,,,,,
E14001009,,,,35.2,34.7,40.6,,,38.2,46.9,87.5,87.1,61.4
E14001010,,,,,,,,,,,,,
E14001011,,,,,,,,,,,,,
E14001012,38.2,,,,,,,,,,,,
E14001013,,,,,,,,,,,,,
E14001014,74.3,73.2,91.4,69.9,61.1,34.4,,,,,,40.6,
E14001015,48.6,63.2,59.4,67.1,77.9,,,,,,,,
E14001016,46.4,,,23.3,25.4,55.6,58.3,,,,,,
E14001017,61.3,51.2,49.6,49.9,36.9,49.7,47.5,,,,,,
E14001018,41.2,39.9,34.5,31.1,45.2,38.1,53.5,52.9,56.9,63.6,57.7,53.9,28.0
E14001019,18.5,19.0,31.5,50.8,34.7,45.5,,,47.1,50.8,70.4,100.0,67.5
E14001020,49.1,40.0,45.2,32.1,34.7,56.8,62.1,62.6,81.6,72.5,37.0,,34.5
E14001021,21.1,,,,,,,,41.4,47.6,,,
E14001022,47.2,,33.3,39.1,49.6,44.0,,,,,,,
E14001023,47.9,58.7,59.2,52.0,50.2,,31.9,48.4,58.4,52.1,32.6,,
E14001024,73.3,64.4,74.8,72.5,,,,,,,,,
E14001025,51.1,40.7,36.6,26.1,,46.3,53.4,71.5,74.9,100.0,77.7,47.3,44.2
E14001026,76.0,73.7,73.5,93.7,74.4,67.6,,,,,,,
E14001027,54.9,71.2,51.1,50.4,48.2,49.3,65.9,57.4,100.0,,,,
E14001028,67.0,63.1,50.9,37.6,35.1,,,,,,,17.5,28.5
E14001029,,65.2,62.8,68.8,87.2,80.9,82.1,,,,,,
E14001030,,,,28.2,41.7,48.6,,73.2,47.4,53.4,46.3,,
E14001031,69.0,,64.5,,,,49.1,55.7,74.7,90.0,84.3,48.8,38.6
E14001032,,,,,,,,,,,,,
E14001033,,,,47.8,59.8,63.4,51.7,82.4,80.6,81.0,100.0,,
E14001034,,65.6,64.0,66.6,64.7,,,,57.1,,63.8,45.1,
E14001035,80.4,100.0,,,,,,,,,41.8,,65.3
E14001036,,40.2,36.2,36.3,49.8,,,,,51.0,49.7,46.9,42.7
E14001037,59.8,36.7,,,,,54.1,48.6,47.2,58.4,52.8,67.1,
E14001038,61.4,73.5,77.0,67.6,70.2,72.0,61.9,52.0,40.7,28.1,30.6,36.7,35.5
E14001039,,,42.6,43.2,55.3,53.1,,,,,100.0,88.3,89.6
E14001040,39.6,30.3,26.6,21.2,,,,,,,,,
E14001041,43.2,25.9,32.6,37.6,34.2,44.5,46.5,47.0,41.8,67.5,57.2,68.1,55.8
E14001042,45.0,43.0,42.4,45.9,34.4,38.4,25.3,21.1,15.8,16.3,25.9,26.8,28.5
E14001043,55.2,49.8,47.3,45.2,58.4,,,,,,,,33.5
E14001044,54.6,59.6,74.1,78.2,,,,,,,,,
E14001045,,,,,,,,,,,,,
E14001046,75.2,75.4,71.5,63.3,,49.1,41.0,52.6,51.8,,,,
E14001047,28.5,49.6,66.4,59.3,42.3,37.3,,,,,,25.3,36.7
E14001048,48.6,47.4,43.3,50.4,38.5,38.2,47.6,34.4,26.0,36.7,27.1,35.1,34.6
E14001049,,,,,43.5,,,,,,,,
E14001050,,,37.3,37.4,48.2,56.6,,,,,,,
E14001051,,,,,,,,,,,,,
E14001052,42.0,,46.3,35.8,,,,100.0,,,,,
E14001053,47.6,48.8,56.9,53.7,62.3,57.9,63.3,73.0,82.3,84.4,82.4,,69.3
E14001054,44.6,45.8,45.2,48.9,40.2,52.3,33.0,,,,,,
E14001055,61.5,56.9,,,,,,,,,,,
E14001056,41.4,42.0,47.6,51.9,53.0,,,,27.6,41.8,44.2,53.8,42.6
E14001057,51.8,46.8,37.0,42.8,,,,,,,,,
E14001058,,,,,,,,,,,,,
E14001059,63.6,59.4,43.7,48.1,30.6,64.6,86.8,,,,,,39.2
E14001060,,,23.9,,47.8,53.7,53.0,52.0,,,48.8,50.1,38.0
E14001061,52.6,59.5,69.1,55.2,59.2,37.5,,35.9,37.3,39.7,38.3,51.4,34.6
E14001062,45.0,48.3,47.8,44.4,49.8,51.1,60.8,63.4,55.5,54.1,46.9,60.2,64.6
E14001063,25.4,30.5,,,,,,100.0,100.0,85.1,86.4,59.9,55.0
E14001064,73.8,76.4,71.9,64.4,47.5,70.2,67.8,82.5,82.2,,,,
E14001065,37.0,47.7,55.1,52.1,37.8,21.7,,,,,,,
E14001066,,47.2,42.4,,,,54.0,53.3,62.4,73.6,65.9,64.1,60.4
E14001067,44.3,61.0,65.0,,,,,,,,,,
E14001068,,100.0,,,,,,,,,,,
E14001069,46.1,41.2,,28.8,,,,,,42.7,39.6,49.5,41.4
E14001070,58.6,56.2,32.9,34.2,30.4,34.4,39.4,,,,,,
E14001071,61.7,73.0,66.9,69.6,66.4,,,,,,,,
E14001072,,,,,,,,,,,,,
E14001073,,,,,,,49.1,,45.7,53.9,,,
E14001074,32.8,47.6,53.6,47.1,61.3,54.4,50.7,60.9,,,,46.0,50.8
E14001075,65.7,62.0,51.0,55.9,43.5,45.3,66.4,49.5,59.9,53.0,,34.0,37.4
E14001076,31.8,29.9,46.3,51.1,42.6,28.7,,,36.0,45.7,69.9,61.9,
E14001077,70.0,83.4,88.2,64.0,,40.8,35.2,39.4,38.2,,,,
E14001078,55.1,66.1,,,,71.8,45.5,45.1,44.6,,47.8,42.0,51.6
E14001079,,,,,,,,,,,,40.4,53.2
E14001080,39.1,34.6,35.5,45.8,45.4,51.4,,44.4,40.9,47.9,50.4,55.5,60.9
E14001081,,,,,,,,,,,,,
E14001082,,,,,,,46.9,51.0,36.9,54.6,46.9,43.1,40.2
E14001083,60.9,51.5,,,,,,61.8,78.2,,,,
E14001084,,,38.0,,,,,,,45.5,50.2,39.3,52.7
E14001085,,,,,,,,,,,,,
E14001086,,,,,,,,,,,,,
E14001087,77.0,81.0,66.9,60.5,50.7,36.4,,,,37.0,34.8,34.3,
E14001088,,,,,,,,,,,,,
E14001089,38.3,29.7,39.3,45.5,,,,,,,,,
E14001090,,45.1,53.8,,,,,,42.7,56.7,69.0,73.2,74.1
E14001091,57.5,50.1,47.5,,,,,,,,35.3,34.5,49.2
E14001092,,,32.2,25.7,27.5,,,,,,,,
E14001093,,57.9,52.1,37.5,40.5,,37.5,51.9,41.0,39.7,,17.8,32.3
E14001094,,,,,,,,,,,,25.3,32.8
E14001095,34.3,,31.5,33.5,22.7,29.4,24.6,,,,,14.0,15.7
E14001096,,,,,,,,,,,,,
E14001097,,,43.6,52.0,35.3,31.0,,,39.1,73.6,70.6,70.3,61.1
E14001098,,,33.3,39.5,47.5,55.2,,,38.6,,,32.9,26.1
E14001099,46.6,28.8,28.0,17.0,18.0,,,,,,26.5,,
E14001100,,53.6,51.1,44.1,43.5,,,,,,28.9,29.4,
E14001101,42.8,35.7,63.1,53.2,52.1,58.2,55.8,72.5,89.5,88.7,80.0,80.1,87.6
E14001102,19.7,18.5,21.1,,,,,22.3,41.1,39.4,41.8,47.0,46.2
E14001103,,,,,,,,,,,,,
E14001104,43.9,40.4,64.4,68.0,55.1,51.0,55.3,,95.2,93.8,92.0,93.7,43.8
E14001105,36.8,38.3,43.2,55.1,58.3,60.5,59.5,53.0,55.5,58.0,54.5,46.8,42.6
E14001106,34.2,32.0,46.3,47.1,48.9,33.5,,,,,,,
E14001107,68.0,75.1,77.4,67.5,66.3,41.7,,,,,54.3,56.2,45.0
E14001108,58.6,56.7,53.3,74.3,,,,,,60.0,73.9,66.7,74.5
E14001109,,,67.0,56.4,100.0,100.0,,,,86.2,80.2,57.9,
E14001110,29.9,38.9,48.0,57.9,60.0,44.9,37.7,30.7,,44.2,,,
E14001111,45.4,48.8,46.9,46.1,,,,,48.0,,50.1,36.1,20.6
E14001112,58.7,52.4,48.5,51.5,43.9,49.5,,,,,,,
E14001113,43.6,40.2,44.8,43.2,28.1,38.9,26.2,36.2,42.0,39.1,68.0,44.4,32.1
E14001114,,35.1,59.2,61.9,72.3,87.0,89.4,82.2,,,,,
E14001115,33.2,43.5,55.0,55.1,53.3,55.2,53.4,53.3,64.5,57.2,53.1,59.1,57.8
E14001116,100.0,81.1,50.7,,39.6,50.7,44.6,28.4,24.6,,,,27.2
E14001117,39.4,37.5,38.4,39.5,43.7,52.0,51.7,56.7,47.1,55.7,54.3,43.3,44.1
E14001118,26.9,,,,,,,,,,,,
E14001119,,,,,46.6,53.9,45.1,,,,,,50.0
E14001120,,,,,,,66.4,64.6,,,,,
E14001121,58.1,61.5,44.2,,74.4,77.0,,,,,,,
E14001122,56.6,62.7,45.8,,,,,,,,,,
E14001123,,,,,,,,,,,,,
E14001124,,,,,,,,,,,,,
E14001125,40.8,48.6,73.7,,,,,,,80.0,,,
E14001126,,49.1,64.0,73.9,58.1,,,,,63.8,80.7,70.9,72.7
E14001127,73.5,55.9,46.0,,,74.1,82.8,80.7,82.7,,,,
E14001128,64.5,57.5,64.5,46.7,58.7,56.6,52.5,58.8,73.9,71.9,65.2,62.5,41.2
E14001129,59.9,53.1,52.8,,,,,,,,,,
E14001130,47.7,49.7,31.4,42.6,56.6,55.4,72.6,64.5,,,,,
E14001131,,,,,,,,,,,29.3,49.6,43.2
E14001132,79.6,65.7,64.8,68.3,59.6,47.8,29.8,34.8,,,,,
E14001133,41.0,34.6,52.8,35.3,33.2,,,52.4,59.7,71.0,70.8,76.5,66.6
E14001134,,26.8,40.3,40.5,36.7,45.5,39.3,39.5,56.7,49.2,,,
E14001135,47.5,57.9,58.7,66.0,69.7,70.4,54.1,,39.5,44.9,51.6,53.6,57.4
E14001136,,,,,100.0,100.0,72.7,72.8,54.9,,60.9,57.4,45.0
E14001137,38.4,62.7,67.7,54.8,39.1,39.0,40.9,,31.8,34.1,36.8,52.7,
E14001138,,,,63.3,71.9,64.9,75.4,,,52.8,43.4,50.3,51.8
E14001139,59.7,,,,,79.3,65.1,69.4,71.1,,,,
E14001140,65.9,86.0,83.1,,,,,,,,,,
E14001141,23.8,47.1,71.2,80.9,85.1,77.6,40.9,47.1,51.3,37.0,41.2,29.3,32.6
E14001142,32.3,29.6,,,,,,,,,,,
E14001143,53.3,87.6,86.1,100.0,100.0,,75.1,79.4,68.6,100.0,,,45.5
E14001144,31.9,34.3,43.4,46.0,41.1,,,,,,,50.1,67.2
E14001145,32.5,42.6,45.5,49.0,50.7,41.5,35.0,32.5,,,,,
E14001146,31.8,,,,51.4,58.7,54.8,54.5,44.5,,65.6,49.1,49.4
E14001147,30.1,38.5,49.9,49.3,45.2,52.0,56.5,49.6,29.0,40.7,25.9,26.5,41.4
E14001148,49.9,64.0,58.3,57.8,27.7,33.7,44.9,49.9,68.1,41.7,,35.9,39.7
E14001149,,47.6,58.9,58.2,83.7,76.6,,,,,,,
E14001150,68.3,57.9,51.9,,,,,,,,,,
E14001151,,,,,,,,,,,,23.3,20.3
E14001152,61.5,64.4,71.3,68.8,,100.0,,99.9,73.0,61.1,66.0,61.6,58.1
E14001153,30.2,25.5,37.3,66.3,59.8,74.0,77.1,,,,,,
E14001154,68.7,60.4,85.1,68.6,64.0,58.1,,,65.6,81.1,84.8,91.9,87.7
E14001155,39.8,37.8,38.6,33.6,,,,,50.9,52.6,67.7,88.0,84.9
E14001156,,,,43.6,53.6,45.3,46.7,36.6,,,,,
E14001157,84.0,66.7,59.1,64.0,38.9,39.7,53.8,45.7,58.9,57.6,,,
E14001158,48.6,55.9,57.6,69.1,54.7,45.6,37.2,,,,35.0,47.7,46.5
E14001159,45.3,,67.2,62.0,78.3,100.0,,,,,,,
E14001160,,,,,,,,,,,,,
E14001161,64.7,92.3,58.4,47.9,,,55.3,46.1,46.8,48.9,,,
E14001162,30.2,27.8,18.9,30.0,,,,,,,,,
E14001163,,,,,,,,,,,,,
E14001164,,,,32.1,,,,,,,100.0,100.0,
E14001165,58.7,57.9,61.5,,,,,,,,,,39.9
E14001166,69.7,73.5,72.3,69.7,87.7,,,100.0,100.0,100.0,100.0,,
E14001167,38.9,34.8,34.5,,,,,,,,,,
E14001168,81.8,81.6,50.0,50.9,53.5,49.6,46.0,49.1,,,,,
E14001169,43.1,40.5,54.2,48.9,46.0,66.3,,,,,,,
E14001170,,,,,,,,,59.8,60.7,51.8,55.0,55.1
E14001171,80.8,100.0,79.8,86.3,75.0,65.7,44.6,,,,,,
E14001172,,32.5,32.5,33.3,41.8,32.7,,,,,,,
E14001173,47.0,46.6,56.7,49.5,,,,,,,,,
E14001174,,,,,,,,,,,,,
E14001175,,,,77.4,64.7,63.0,54.6,,,,,,
E14001176,,,,,,,,,,41.9,46.3,49.2,34.5
E14001177,66.5,60.9,52.6,71.3,55.1,58.7,58.4,,27.8,34.8,40.8,38.6,42.7
E14001178,61.7,46.5,74.9,56.6,58.5,65.2,58.6,75.1,51.8,33.5,31.4,,
E14001179,37.0,51.1,63.3,44.6,65.3,52.3,56.2,100.0,100.0,100.0,87.3,52.8,62.6
E14001180,39.7,48.0,54.1,51.6,42.9,31.4,,,,,47.3,,
E14001181,,18.4,34.7,35.1,34.8,,,,,,33.5,28.2,39.6
E14001182,51.7,65.8,48.2,66.3,76.9,46.8,43.8,,,,,,
E14001183,89.3,76.5,78.7,63.7,54.1,37.6,,54.8,53.3,45.6,44.2,20.1,20.3
E14001184,,78.0,51.7,,,,,,,33.9,38.3,67.8,37.1
E14001185,39.1,40.7,,,,,,,,,74.3,57.2,63.0
E14001186,50.8,55.0,47.5,41.7,41.6,,,50.7,63.8,72.5,69.5,54.9,56.5
E14001187,50.6,56.0,,55.6,51.9,63.7,79.0,80.1,77.9,,,,
E14001188,,,,,,,,,,,,,
E14001189,,,,,,46.3,50.7,,,,26.1,35.9,36.1
E14001190,52.2,48.4,44.2,49.7,63.8,73.5,73.0,64.7,61.9,56.5,49.0,58.2,56.9
E14001191,,,,,,,,,,,,,
E14001192,52.4,58.8,52.3,34.2,35.3,35.7,41.0,45.2,,,,,
E14001193,44.2,46.0,57.2,38.0,57.1,63.6,48.0,47.8,,,43.2,39.3,37.6
E14001194,30.2,23.5,21.0,,,,38.7,50.1,52.6,51.2,49.6,53.6,45.2
E14001195,42.7,46.7,40.2,34.6,37.1,,,,,,,,
E14001196,,,,,,,,,,,22.9,39.4,43.4
E14001197,57.2,74.8,80.6,86.4,,,,,,,,,
E14001198,53.6,,38.1,35.4,35.5,47.2,31.3,,,,,18.6,18.5
E14001199,44.1,46.7,68.4,64.3,65.1,63.1,37.1,14.6,,39.3,49.4,56.7,64.2
E14001200,,,,,28.8,37.4,39.0,51.9,,62.4,48.8,47.7,43.6
E14001201,35.3,36.1,,,,,,,,,,,
E14001202,,,,,,92.5,,100.0,100.0,85.0,85.7,78.9,77.7
E14001203,23.4,,,,,,,,,,40.3,,
E14001204,,,55.3,54.4,52.0,,,,57.9,78.8,66.6,62.2,62.7
E14001205,,,,,,,,,,,,,
E14001206,,,,,,,,55.1,,,,,42.0
E14001207,,,,,,,,,,,,,
E14001208,,,,,,,,,,,,,
E14001209,,,,,,,,,,,,,
E14001210,32.6,28.9,33.3,40.4,47.7,51.6,60.6,42.7,,,28.5,25.0,20.3
E14001211,,,,,,,,,,,,,
E14001212,28.8,,,,,,63.3,63.3,54.1,64.6,68.0,52.6,61.0
E14001213,,30.6,,,,,,,,,,,
E14001214,72.7,86.5,54.4,,,,54.2,54.9,61.4,56.6,57.2,58.5,
E14001215,49.2,,,,,,,,,,,,
E14001216,,,,,,,,,,,,25.6,21.0
E14001217,45.5,46.8,40.5,32.5,,,,28.9,,,33.4,,
E14001218,,,,,,,,,67.8,,58.8,52.7,43.7
E14001219,,,,,,,,,,,71.4,60.9,51.3
E14001220,67.5,59.8,52.2,51.3,,67.8,61.7,,36.1,,45.4,49.0,62.1
E14001221,,,,,,,,41.0,43.1,45.7,51.9,,
E14001222,36.9,33.3,47.0,43.0,,,,,,,80.8,76.0,73.3
E14001223,36.1,50.7,57.5,48.9,43.8,,,,,,,,
E14001224,30.6,39.4,37.6,59.8,54.9,59.7,77.3,,44.4,,31.3,34.0,38.5
E14001225,100.0,42.0,,,,,,,,,,,
E14001226,59.4,50.5,47.4,30.2,,,,,,,,,
E14001227,48.3,66.4,63.3,42.5,61.2,,,,,,,,
E14001228,,,65.7,,61.6,69.6,59.4,,,,,100.0,
E14001229,,33.3,,,,,,,,,,,
E14001230,35.3,43.6,30.6,,,,,,,,,,
E14001231,,35.9,28.1,27.1,33.5,47.5,57.6,82.4,77.8,,,70.2,79.0
E14001232,45.4,38.9,47.8,53.4,43.7,,,,51.2,60.3,57.6,50.0,59.2
E14001233,68.2,73.6,72.6,70.4,67.0,66.5,84.7,76.1,,,,,
E14001234,30.9,47.9,28.5,50.5,61.8,48.5,67.7,46.7,,,,74.4,70.0
E14001235,,,,,,,,,,,,58.6,68.7
E14001236,,,63.4,,,,,,,,,,
E14001237,42.2,47.2,64.6,60.4,52.9,,,81.2,76.1,82.4,62.2,72.7,72.6
E14001238,15.9,20.4,23.1,,,,,,,,,,
E14001239,100.0,100.0,100.0,100.0,70.5,47.3,,,,,,,
E14001240,48.8,47.4,34.0,,,,,81.7,,,63.3,69.2,62.0
E14001241,52.7,66.2,71.5,,,34.8,27.8,22.2,20.2,27.5,35.3,46.7,52.0
E14001242,,28.2,,,47.6,,,,,,,,
E14001243,62.8,79.8,71.0,,,77.8,,,59.8,57.0,48.5,57.4,63.6
E14001244,40.7,31.9,21.6,26.9,24.4,32.0,33.7,28.6,28.7,37.8,39.1,55.0,61.2
E14001245,39.3,,,,30.2,,17.5,,,37.1,29.6,25.8,24.0
E14001246,,71.7,66.2,66.1,55.2,36.8,45.6,34.4,,54.9,46.6,65.4,62.0
E14001247,60.0,75.7,71.1,90.1,100.0,76.7,79.7,77.4,58.1,62.0,57.2,47.2,74.0
E14001248,50.5,,,72.0,67.2,61.5,65.9,,,,,65.0,71.4
E14001249,100.0,100.0,74.1,71.0,,,,,,,,,
E14001250,61.3,65.7,48.3,64.7,47.6,59.2,63.4,64.7,61.1,62.2,64.2,69.9,64.7
E14001251,50.6,58.5,77.5,87.6,84.8,79.5,,,,13.4,13.6,22.5,29.7
E14001252,,,,,,,63.0,73.4,76.5,62.6,52.3,44.1,45.4
E14001253,60.3,33.8,40.3,,,,,65.3,61.5,51.5,,,
E14001254,,56.4,,,,,,,,,53.3,38.9,30.0
E14001255,20.3,28.1,34.4,25.9,33.8,45.5,27.1,58.8,39.9,48.2,55.4,43.2,42.4
E14001256,,52.2,59.5,,,74.4,78.8,76.3,81.3,100.0,77.1,69.8,71.6
E14001257,,,,,,,,,,,,,
E14001258,,,,,,,,,,,,,
E14001259,,,,,,,,,,,32.4,25.9,28.7
E14001260,,,,,,,,,,,,,
E14001261,,,,,,,,,,,46.0,45.4,44.3
E14001262,23.1,27.0,34.3,23.2,,43.4,44.0,,,,,39.9,42.5
E14001263,23.8,20.6,31.8,60.5,,,,,,100.0,73.8,77.4,80.3
E14001264,,20.4,,,20.7,,,,,,,,
E14001265,,,,,,,36.1,,,,,,
E14001266,32.6,23.7,37.8,33.6,25.3,,,54.3,54.1,69.5,59.8,50.5,64.4
E14001267,47.8,,,,45.0,48.7,49.6,37.1,,,40.8,,
E14001268,59.2,42.8,37.6,,,,,,,,57.2,47.9,50.7
E14001269,55.6,50.5,44.7,74.2,68.1,78.5,42.8,29.2,35.5,,53.1,48.2,50.6
E14001270,48.7,43.0,53.6,,,,,,,,,,
E14001271,42.9,38.0,65.0,59.2,,,,,,,,,
E14001272,41.9,44.2,44.5,49.1,49.5,50.9,41.7,34.4,33.6,32.8,35.3,29.0,25.8
E14001273,,,,,,,,,,,50.4,63.8,66.2
E14001274,,90.0,83.7,84.2,84.9,,,,,,,,
E14001275,47.5,55.6,,,,50.3,41.3,,,,,,
E14001276,60.5,54.8,38.4,,,,,,,,,,
E14001277,46.9,38.4,55.9,,33.3,40.2,,,58.5,55.3,52.1,53.7,
E14001278,,,,,,,,,,,,,
E14001279,,,,,,,,,,,,,
E14001280,44.0,43.6,,,,,,,,,,,28.1
E14001281,48.6,58.1,62.5,59.1,64.0,60.8,44.2,68.4,76.3,69.4,70.6,66.3,58.7
E14001282,,,,,55.5,,,,100.0,77.2,74.9,56.6,
E14001283,80.9,69.9,78.0,70.9,63.7,68.1,56.1,59.5,,56.6,51.5,,
E14001284,27.6,39.2,24.4,29.0,,,,,,,,,
E14001285,,45.3,57.5,67.3,60.4,61.8,55.5,48.9,47.7,26.0,34.0,34.5,40.0
E14001286,36.2,,,,,,,,,,,,45.7
E14001287,57.3,46.0,36.2,38.8,27.5,44.8,,,,,,,
E14001288,68.9,63.8,69.6,58.5,68.8,,55.0,57.3,,,,,
E14001289,83.6,71.2,71.1,81.8,75.8,57.6,65.1,44.7,48.1,,,47.3,
E14001290,,,50.7,57.6,,53.5,52.5,52.8,50.0,,,,
E14001291,100.0,84.3,63.2,65.0,60.8,58.7,57.7,44.3,,,,,
E14001292,,,,,,,,,,28.1,,,18.9
E14001293,,,,45.6,41.7,56.9,56.9,46.9,,,,,
E14001294,,,,,59.1,,,,,,,,47.6
E14001295,,,,47.0,20.4,22.8,40.3,49.4,79.0,74.5,67.5,68.3,66.4
E14001296,44.2,31.2,15.6,22.3,,,58.0,,72.3,56.3,,,53.5
E14001297,,,,,,74.6,73.3,80.2,79.5,56.6,75.1,65.7,50.6
E14001298,33.0,43.3,48.4,55.4,51.4,47.4,61.7,65.5,90.6,100.0,78.3,75.7,77.3
E14001299,,,,,,,,,,67.2,41.6,33.9,58.3
E14001300,,,,,,,,,,,30.8,31.7,26.3
E14001301,34.5,25.2,31.9,37.3,,,,,,27.8,,,
E14001302,100.0,,,,,,,,,,,,
E14001303,46.4,43.5,39.7,50.3,65.3,63.5,68.7,,,35.2,,,
E14001304,34.2,27.2,43.4,39.5,50.1,54.6,53.0,66.4,86.1,80.1,90.5,67.1,61.6
E14001305,,,,,,,,,,,58.9,86.0,
E14001306,,,,,,,,,,,,,
E14001307,63.9,56.9,46.9,44.3,46.1,41.6,44.4,29.1,26.4,29.5,34.6,39.8,37.8
E14001308,,,,,,,,,69.3,,,,
E14001309,16.3,42.3,43.2,49.9,58.1,55.9,41.6,,33.4,43.1,61.9,88.1,79.3
E14001310,,17.9,22.8,23.1,29.6,24.6,,,,,17.1,16.7,21.6
E14001311,48.4,45.5,,,58.8,66.0,55.7,,,,63.3,49.7,51.6
E14001312,61.7,45.4,51.1,46.5,,75.9,100.0,78.0,62.8,,23.9,46.4,53.1
E14001313,19.2,15.9,20.7,,,,,48.8,67.6,60.1,62.5,82.5,84.7
E14001314,69.9,64.0,64.3,65.4,47.6,49.5,38.9,31.3,,,45.1,66.9,67.9
E14001315,,,,40.8,46.7,44.9,,,,60.3,56.2,57.5,49.3
E14001316,49.6,56.5,56.4,,,,,,,,,,
E14001317,35.2,36.8,28.4,39.3,53.3,49.9,72.7,69.1,62.5,62.1,50.2,38.7,29.5
E14001318,48.8,40.4,,,,,,,,,,100.0,100.0
E14001319,,60.8,,,,,,,,,,,
E14001320,42.6,75.0,62.4,60.1,53.0,30.5,28.8,,,,,,
E14001321,,,22.1,29.2,35.1,45.9,,,,,,,63.8
E14001322,,,42.7,,71.0,70.1,76.6,74.5,52.3,,,,
E14001323,,,,,,,,,,,,,22.1
E14001324,37.5,41.5,,,,,,,,,,,
E14001325,49.5,57.0,61.1,,,,,,46.9,,,,
E14001326,,,25.1,22.8,19.6,,,,,,,,
E14001327,25.7,27.9,24.3,32.6,22.2,,39.4,38.5,28.7,33.9,13.9,17.1,25.4
E14001328,40.4,46.1,43.7,56.7,42.3,48.2,41.9,45.1,49.1,33.5,37.9,36.1,34.7
E14001329,46.4,42.8,55.1,64.4,67.9,57.9,,,,,,45.8,48.6
E14001330,70.4,47.2,73.1,67.7,66.1,58.7,,,,,,52.6,
E14001331,,,27.7,66.6,62.5,62.8,,,,,,,
E14001332,,,,40.2,48.9,,,,,,,,
E14001333,,,,,77.6,,,,,,,,
E14001334,,,,,,,,,,31.0,30.6,44.9,
E14001335,,,,,,,,81.5,47.6,29.0,39.5,39.7,54.6
E14001336,41.0,,,,,,62.4,100.0,63.9,62.7,56.6,56.9,54.1
E14001337,54.2,46.5,43.3,,,,,,,,58.1,41.7,42.9
E14001338,,,,,,,,,,,,,
E14001339,,,,,,,56.6,68.3,45.9,60.8,59.7,51.9,68.1
E14001340,,,,,,,,,,,,,63.7
E14001341,45.5,46.3,33.2,28.9,,,47.6,44.8,56.4,,,,35.1
E14001342,51.1,,,,,,,,,,,24.7,32.7
E14001343,,,,,,,,,,,,,
E14001344,47.2,,43.1,50.3,73.4,62.7,,,,,,,
E14001345,40.1,46.7,46.1,18.6,43.2,43.8,42.7,41.0,21.1,23.0,21.8,20.1,24.6
E14001346,44.6,45.5,51.3,,,,,,,,29.5,24.4,33.0
E14001347,72.4,,,,,,,,,,,,
E14001348,35.2,35.3,37.8,38.7,40.2,44.0,41.5,28.5,,23.8,23.8,37.9,39.5
E14001349,,,,,,100.0,59.1,45.9,45.3,36.6,39.6,56.2,52.7
E14001350,65.3,61.7,62.3,79.5,68.1,76.0,51.2,44.6,50.7,50.3,49.9,,
E14001351,85.3,85.0,,,,,,,,,,,
E14001352,39.8,,,,,,,,,,,,
E14001353,,,,,,,,,,,,,
E14001354,,,39.4,53.6,51.2,68.6,62.4,,,,,,
E14001355,40.9,39.5,43.0,52.5,60.8,59.2,60.7,,,,,,
E14001356,45.0,57.5,,,,,,30.7,40.2,35.2,62.5,73.1,76.6
E14001357,,70.6,64.9,70.1,61.3,,,,33.2,61.5,52.8,45.5,
E14001358,44.2,45.3,38.7,49.6,46.0,42.1,50.1,41.5,28.4,20.6,,,37.4
E14001359,26.9,56.3,76.4,100.0,100.0,,,,,,,,40.2
E14001360,54.7,58.4,55.8,78.7,33.3,33.1,39.5,39.2,,42.9,42.9,47.0,53.4
E14001361,41.9,42.2,48.8,51.9,,,,,,,,55.8,60.2
E14001362,36.6,,44.7,46.5,,,,,,64.2,66.2,71.2,56.5
E14001363,32.4,,37.8,63.7,62.5,40.3,59.1,58.2,64.5,73.2,52.1,49.4,52.3
E14001364,,,,,81.3,82.0,89.8,62.0,53.6,57.3,,,
E14001365,64.3,,46.5,46.9,,36.9,41.9,40.3,45.7,,,,
E14001366,,72.4,,,,,,,,,55.8,59.8,
E14001367,36.5,31.7,33.9,27.9,28.1,32.9,44.3,51.3,46.8,38.6,35.4,39.3,38.4
E14001368,38.0,56.6,59.7,50.7,53.7,45.5,45.0,47.2,40.1,38.2,31.0,27.4,28.9
E14001369,39.5,36.0,33.3,37.9,50.7,54.9,52.6,27.9,35.3,24.8,25.8,55.3,51.9
E14001370,26.4,26.1,50.9,65.7,46.2,45.8,56.4,50.6,43.3,39.2,24.1,24.0,29.5
E14001371,47.7,63.2,44.7,,,,,,,,,,
E14001372,68.0,65.6,48.7,40.2,30.7,48.5,,49.8,61.8,54.2,65.5,71.1,78.6
E14001373,60.0,61.5,53.6,40.8,43.7,30.7,31.6,42.1,38.2,37.4,,,
E14001374,35.7,38.2,50.8,77.6,81.5,78.4,,69.1,77.2,79.2,70.0,78.1,70.4
E14001375,,,39.3,36.9,47.7,52.6,40.9,53.8,60.0,64.3,75.2,79.1,51.6
E14001376,52.2,40.9,51.0,59.6,61.3,75.8,47.2,58.0,50.9,49.3,51.8,36.5,38.8
E14001377,52.4,30.5,25.5,34.2,36.6,48.7,62.7,44.1,45.3,35.0,17.2,15.0,13.6
E14001378,60.2,49.2,43.8,35.1,35.2,33.3,42.6,60.1,37.9,44.9,40.4,25.2,31.1
E14001379,31.9,56.5,49.3,38.2,34.6,,,,,,45.2,31.1,35.0
E14001380,31.1,,,,,,,,,,,,
E14001381,35.8,63.6,62.2,70.9,74.2,53.1,52.0,36.1,33.3,33.5,36.9,62.3,52.1
E14001382,64.9,61.7,65.3,75.0,76.9,67.4,,,,,,,
E14001383,44.6,47.9,51.8,39.2,39.3,43.2,31.6,44.8,45.8,30.1,48.5,52.6,35.7
E14001384,20.6,27.7,27.8,40.4,44.5,45.9,36.3,47.0,80.8,58.2,58.7,51.2,29.4
E14001385,57.5,82.0,100.0,,,,,,,,,,
E14001386,26.1,42.2,,,,,,,,,,,
E14001387,34.7,42.7,59.4,67.5,80.4,64.9,,,,,,,
E14001388,,42.2,39.3,29.7,32.5,30.8,,,,49.7,36.9,46.7,48.1
E14001389,41.2,68.5,49.8,43.6,47.1,,,,,,,,62.6
E14001390,,50.9,61.1,58.9,,,,,,,,,54.8
E14001391,70.6,67.0,54.8,67.0,,,,,,,,53.5,56.8
E14001392,77.8,96.3,94.7,100.0,83.0,73.5,75.6,50.7,52.8,66.9,58.0,60.5,66.2
E14001393,,,,66.9,82.0,87.7,82.7,100.0,100.0,65.2,56.1,,
E14001394,30.5,29.1,37.0,39.2,43.0,51.4,39.4,38.4,35.6,27.3,33.8,38.5,44.7
E14001395,64.4,83.1,75.7,79.7,70.7,56.0,62.8,64.2,62.1,69.9,56.9,51.1,39.4
E14001396,,53.6,61.3,62.8,68.3,,,,,,,,100.0
E14001397,46.0,25.6,33.6,53.6,48.0,63.1,65.5,72.3,59.2,40.7,30.8,30.4,40.0
E14001398,,,,,,23.2,31.3,47.9,63.4,71.6,50.5,42.1,50.3
E14001399,58.6,66.1,64.5,73.5,86.3,86.1,89.9,85.1,53.2,43.9,,,28.5
E14001400,,,,23.6,31.5,51.2,75.4,,,,,,58.8
E14001401,33.3,48.6,52.3,51.6,35.8,38.3,,,,,,29.6,36.4
E14001402,37.8,,,,,,,,,,,,
E14001403,,,,,,,,,,,,,
E14001404,52.4,50.7,52.5,64.3,100.0,,,,,,,,
E14001405,35.8,48.9,51.5,,46.7,,,,,,,55.6,58.5
E14001406,53.7,42.6,,,,,,,,,,,
E14001407,38.9,79.1,,70.4,62.2,60.0,81.6,68.9,75.7,76.8,62.5,63.1,60.1
E14001408,,62.9,78.5,65.2,52.7,45.3,,,,,,,
E14001409,,,,,,,,60.5,51.4,,,,
E14001410,47.4,,,,,27.1,27.4,15.7,35.8,20.1,22.4,35.7,43.4
E14001411,30.9,,24.8,,,,,,,,38.3,52.4,43.6
E14001412,,,52.7,72.5,56.1,56.0,,31.8,23.2,27.7,22.0,41.6,38.3
E14001413,,,72.4,67.7,73.3,100.0,100.0,75.1,60.7,57.2,46.2,59.9,79.9
E14001414,,,,,,,53.4,52.1,52.1,55.1,,,46.7
E14001415,30.8,19.9,27.1,24.2,36.6,52.5,50.0,67.5,74.3,65.6,54.5,,
E14001416,16.4,18.0,19.6,23.2,,,,33.3,46.6,55.4,65.8,49.8,45.5
E14001417,,,,,,,,,,,50.0,51.9,53.4
E14001418,63.6,72.3,68.6,50.5,46.0,32.3,,18.0,26.5,36.4,66.7,63.2,68.4
E14001419,,,,,,,,,,,,,
E14001420,,42.0,,,,72.9,91.3,88.1,100.0,80.8,63.1,42.2,
E14001421,39.3,46.9,54.8,62.7,49.8,,,,,,,,
E14001422,75.9,60.8,54.3,,51.2,38.2,,,,,,,
E14001423,31.2,34.5,50.5,58.9,58.4,72.4,74.9,38.7,,,,,30.8
E14001424,57.9,52.7,62.7,62.9,68.8,67.8,,83.1,65.4,66.9,70.6,,38.4
E14001425,,,20.4,25.9,30.7,,,35.7,54.4,52.1,50.0,57.9,58.8
E14001426,71.6,,35.3,30.2,33.0,31.0,40.9,46.5,46.9,66.5,59.2,76.1,89.4
E14001427,36.8,38.8,,,,,,,53.4,63.5,47.7,54.2,38.6
E14001428,43.9,33.9,,,,,63.0,75.5,63.7,80.4,,,
E14001429,35.2,39.2,33.6,33.8,40.9,49.4,44.9,59.3,50.1,38.0,40.8,28.1,44.5
E14001430,,,,,,,,,,,,,
E14001431,33.8,32.3,44.3,33.2,40.2,63.3,60.7,50.1,53.3,48.7,61.1,81.9,81.2
E14001432,31.1,32.7,38.2,38.5,51.9,55.0,,,55.3,42.8,50.9,78.9,45.4
E14001433,,,,,,,,,,,,,
E14001434,34.4,,,,,,,,,,,,
E14001435,,35.3,26.6,,80.4,,,,,,,,
E14001436,45.2,54.6,41.0,32.9,36.5,,,,,,,,15.6
E14001437,34.0,,,75.6,,,,,,,,,
E14001438,48.2,43.4,47.2,46.2,56.2,54.5,45.1,,36.2,38.0,35.3,27.5,
E14001439,51.5,42.4,32.0,22.0,26.3,34.3,52.4,62.7,66.6,49.3,45.1,44.0,37.4
E14001440,49.2,54.8,51.3,60.3,56.1,61.1,56.4,37.0,37.7,28.9,33.7,40.3,31.6
E14001441,,49.2,53.0,69.7,56.0,32.8,,,,,68.5,75.8,80.6
E14001442,43.6,50.8,52.2,,,,,,,,,,
E14001443,59.4,63.9,60.5,60.5,,68.7,,60.4,70.5,59.6,64.3,49.9,
E14001444,62.7,50.4,46.9,,,,,,,78.7,74.4,83.6,86.9
E14001445,,,,,22.0,43.7,39.6,,,,,,
E14001446,22.7,16.2,11.6,11.0,,,,,,,,19.6,26.0
E14001447,62.8,57.4,47.8,61.5,55.4,53.3,45.6,30.3,,,,55.1,62.1
E14001448,47.5,44.5,34.1,33.1,56.8,55.0,66.3,37.8,,,,,
E14001449,29.4,27.4,26.0,,,,,36.4,,,42.6,35.2,58.6
E14001450,,42.8,45.1,75.5,91.3,48.0,48.4,20.3,19.9,31.3,29.2,41.1,41.1
E14001451,41.1,24.6,35.4,44.9,34.3,86.4,48.9,51.3,32.3,24.2,,,
E14001452,,,,,46.9,,,,,,,59.6,47.0
E14001453,,48.2,53.9,45.9,36.0,,,,,,,54.4,60.1
E14001454,39.0,29.0,51.2,38.9,46.8,55.7,,,,,,,
E14001455,58.9,58.0,43.4,31.3,,,,,25.9,34.7,39.9,39.2,42.0
E14001456,55.2,40.0,,,,,,,,,,,
E14001457,42.1,38.1,55.4,57.4,,,,,46.6,,,,
E14001458,13.3,19.1,26.5,45.1,43.7,45.2,41.1,36.6,33.5,24.8,,44.1,40.4
E14001459,,,,,,,,,,,,,
E14001460,41.7,40.3,37.4,52.6,52.9,53.2,49.1,,,,,,
E14001461,52.9,53.7,52.7,47.6,58.0,58.7,39.7,40.6,,45.9,74.4,75.2,74.9
E14001462,36.6,59.8,55.2,47.4,55.4,,46.6,40.5,41.7,39.7,39.2,55.9,71.4
E14001463,71.5,69.8,61.1,,,,,53.3,45.1,45.8,43.0,30.1,31.0
E14001464,,,,,,,,,,34.7,28.2,26.1,46.6
E14001465,,,,,,,,,,,,,
E14001466,,,,,,,42.1,33.9,,,,,
E14001467,,,,,,,,,,,,,
E14001468,56.7,39.1,45.9,,,,38.8,38.8,43.5,37.8,,,
E14001469,57.6,66.8,55.9,48.1,59.8,67.7,73.4,,,,,,41.3
E14001470,44.9,32.5,35.8,42.1,41.7,40.4,,,,,33.5,41.7,38.3
E14001471,,100.0,77.3,61.5,42.8,39.4,65.3,62.6,71.9,61.8,50.3,55.8,65.2
E14001472,,,,,,,,,,,,,
E14001473,,,,,,54.1,48.8,69.3,60.0,50.9,52.9,50.3,55.3
E14001474,65.1,69.9,88.9,68.4,60.0,63.7,,78.7,95.0,,,,
E14001475,,,,,64.3,,50.8,,,,,,
E14001476,50.3,72.3,56.8,43.8,,,,,,,,,
E14001477,28.2,32.5,31.5,52.5,40.6,47.8,44.8,48.5,37.5,28.6,27.8,15.0,17.3
E14001478,46.4,,,23.3,25.4,55.6,58.3,,,,,,
E14001479,57.3,56.8,37.3,27.7,,,,37.6,41.4,43.9,32.7,30.5,29.1
E14001480,61.8,59.1,52.3,35.0,28.0,57.8,55.8,52.7,73.0,40.5,39.7,60.9,57.6
E14001481,78.9,56.2,39.5,24.7,31.4,24.9,31.3,33.7,33.2,,,,
E14001482,52.4,63.2,41.3,51.5,53.3,55.3,82.0,78.4,77.5,84.3,,,
E14001483,58.3,47.2,,,70.6,75.5,61.7,55.4,41.3,,60.5,52.6,61.4
E14001484,64.5,53.1,38.1,39.7,62.3,58.8,63.0,43.4,20.6,19.0,,53.6,49.5
E14001485,,,71.0,50.9,43.7,49.6,42.1,61.5,62.8,58.6,71.3,67.8,75.9
E14001486,61.7,62.4,50.0,69.8,70.9,,,,82.1,71.4,83.3,88.4,70.2
E14001487,,,,73.5,83.3,79.1,,,,,32.6,33.5,31.2
E14001488,,38.5,,,77.6,53.3,40.7,48.6,56.9,61.0,65.0,69.0,65.0
E14001489,48.9,48.4,43.3,,,42.9,47.4,67.3,53.2,51.0,,,
E14001490,41.3,64.7,64.2,55.3,69.8,67.4,61.6,73.5,68.7,71.0,72.5,,
E14001491,,,,,85.6,100.0,100.0,68.6,,25.9,,35.8,70.5
E14001492,47.2,58.3,44.1,45.2,44.9,41.5,55.3,52.8,54.8,63.4,47.0,53.8,53.6
E14001493,41.5,65.2,60.9,77.1,76.1,84.5,93.1,100.0,76.4,52.2,37.9,41.3,38.0
E14001494,,,,,,,,,,,,,
E14001495,39.4,36.6,39.9,41.8,49.2,77.7,65.8,67.8,52.0,39.9,58.2,48.2,49.5
E14001496,,,,26.5,27.7,,,,,,,,
E14001497,29.9,,29.2,,,,,,,,,,
E14001498,51.9,52.1,62.9,66.5,67.3,72.8,,,,,,43.1,59.7
E14001499,77.4,57.3,28.3,,32.8,53.5,65.2,54.7,,31.4,35.8,45.4,61.5
E14001500,30.7,,66.5,69.8,78.4,84.1,82.4,73.4,58.5,57.2,51.8,43.6,57.4
E14001501,31.8,37.5,37.3,53.5,89.4,54.0,52.5,52.8,46.3,41.0,45.7,51.0,38.7
E14001502,68.2,68.9,57.8,45.9,41.3,35.8,32.2,32.0,20.6,26.6,34.0,34.3,61.3
E14001503,,18.1,33.5,57.7,58.8,56.8,,,,,,,
E14001504,71.6,77.7,62.2,62.5,,,,,,52.3,46.9,40.4,38.3
E14001505,41.2,34.2,,38.5,59.9,72.0,73.2,41.7,32.8,,,,
E14001506,,,46.4,50.9,42.2,54.7,52.0,60.8,75.4,,,,
E14001507,,,,,,,,,,65.8,54.7,41.5,44.8
E14001508,100.0,75.3,78.5,76.1,80.3,100.0,76.6,,,,,61.6,61.8
E14001509,37.8,43.2,44.2,41.3,55.5,100.0,100.0,83.9,86.7,80.7,,,
E14001510,34.8,19.8,22.1,28.2,60.1,59.6,62.0,44.5,37.5,47.6,47.6,62.1,64.3
E14001511,,,,,,,,,,62.7,,,
E14001512,33.8,45.4,52.7,61.5,67.3,62.4,74.2,74.0,74.0,71.1,69.5,64.5,40.2
E14001513,45.8,46.5,,,,,,,,,,,
E14001514,59.6,55.1,50.9,46.9,54.5,51.3,,,,67.6,68.0,100.0,81.1
E14001515,,,,41.4,,,40.5,,,,,,
E14001516,,,,,,,,,,,,41.3,43.8
E14001517,27.7,40.7,30.7,42.1,41.2,,75.4,84.0,76.5,71.3,73.5,64.5,83.9
E14001518,61.4,70.0,69.5,65.1,48.1,44.7,48.5,38.8,33.3,32.2,18.3,26.4,30.7
E14001519,22.3,31.9,36.0,43.8,61.5,55.3,29.4,,,27.6,36.8,38.2,43.3
E14001520,68.1,62.6,49.2,,,,,,34.1,58.7,56.7,56.6,
E14001521,64.3,50.2,53.1,,,,,,,72.1,61.5,44.9,43.8
E14001522,,,54.6,56.3,65.2,81.1,58.4,66.3,67.0,45.9,69.1,65.4,63.9
E14001523,,,,,,,,,,,,,
E14001524,,,,,,,,53.9,73.1,78.2,65.5,,21.5
E14001525,,,,,,,,,,,,,
E14001526,75.4,50.8,22.4,15.5,,41.7,,,,,,,
E14001527,25.1,45.4,,,,,,,66.5,,,,
E14001528,23.2,19.3,,47.2,40.4,51.6,49.7,,36.1,38.7,35.2,35.9,45.5
E14001529,66.6,63.8,62.6,54.6,53.1,49.5,42.6,,64.5,41.9,48.4,29.3,34.0
E14001530,37.1,46.0,45.5,52.6,47.8,59.3,67.2,76.4,100.0,,83.4,51.5,50.4
E14001531,34.7,44.0,32.0,23.2,,,,,,,,71.9,58.1
E14001532,51.3,66.9,52.6,47.3,51.2,,80.2,100.0,91.2,93.3,85.6,81.7,
E14001533,57.8,61.9,63.2,52.6,47.6,,,,,,,,
E14001534,28.2,40.6,53.3,36.8,26.6,21.1,,,,,49.2,48.9,53.0
E14001535,34.3,33.6,54.7,72.4,55.0,52.9,,,,,,,57.3
E14001536,58.1,63.8,64.4,44.8,40.3,27.4,24.6,33.5,59.5,,76.8,65.6,56.1
E14001537,64.4,79.9,62.5,66.3,42.4,37.8,,47.2,63.0,65.3,75.4,58.4,54.1
E14001538,,,,,,,52.5,70.7,58.9,64.8,54.9,47.2,62.0
E14001539,,,,,,,,,48.0,53.1,71.1,92.0,46.7
E14001540,63.4,26.4,39.6,55.4,55.2,57.0,59.2,37.7,,,,,48.5
E14001541,51.8,46.6,45.5,44.1,42.9,45.2,47.4,43.2,42.3,37.3,34.7,26.2,
E14001542,42.2,41.8,47.7,48.4,,,,,,,,,
E14001543,37.5,60.0,57.9,55.1,45.4,50.2,59.9,,,,,,
E14001544,45.0,34.7,46.7,43.6,36.3,36.4,,,45.5,61.1,100.0,89.6,58.5
E14001545,46.6,47.0,,,,,,,76.2,38.8,41.3,51.5,40.8
E14001546,65.9,69.0,65.0,54.7,48.6,51.4,40.6,41.2,35.4,28.8,44.1,39.7,42.5
E14001547,,,,52.5,57.1,57.1,,47.4,34.2,36.5,29.3,,
E14001548,,,,,,,,,,40.5,,47.9,43.7
E14001549,,,38.7,43.1,,,,,,,,,
E14001550,,47.3,58.1,51.5,56.2,,,,,,,,
E14001551,52.5,46.6,36.3,43.3,47.9,49.4,53.6,42.9,53.4,44.4,58.5,70.5,73.1
E14001552,44.8,74.4,,,,,,,,,,,
E14001553,,,,,,,,,,,,,
E14001554,,51.5,51.7,49.6,,,,,,,,,
E14001555,41.2,61.2,51.8,59.0,63.6,54.1,63.7,32.0,,,,45.5,49.6
E14001556,,18.5,19.7,29.7,27.8,22.7,,,,,,,
E14001557,48.0,44.6,54.4,55.1,55.1,51.5,47.9,76.2,68.2,68.0,40.5,47.9,54.3
E14001558,55.7,44.0,39.9,61.3,,75.4,60.7,61.5,63.7,64.4,71.6,78.9,63.2
E14001559,,,,,,,,,,,,,
E14001560,26.9,,,42.7,43.0,56.4,62.0,,55.7,,,,
E14001561,,,,,,,,,,,,,
E14001562,,,,,,,,,,,,,
E14001563,,,,,,,,,,,,,
E14001564,61.3,51.2,49.6,49.9,36.9,49.7,47.5,,,,,,
E14001565,43.4,44.0,37.8,37.1,52.7,41.1,52.1,54.5,63.1,69.9,69.5,53.9,29.9
E14001566,22.9,24.0,33.4,54.2,30.9,40.4,,,57.6,62.1,75.5,100.0,73.8
E14001567,49.3,40.8,37.6,26.7,25.5,43.7,54.5,65.1,78.9,83.0,39.9,,
E14001568,21.2,,,,,,,,54.1,63.2,,,
E14001569,,57.0,37.7,50.7,61.5,,,,,,,,
E14001570,72.1,,,,,,,,,,,,
E14001571,46.3,35.3,30.0,34.9,,44.2,53.0,72.2,77.5,100.0,77.7,41.9,40.2
E14001572,67.4,52.7,69.6,70.1,48.6,53.2,21.9,,26.4,19.2,37.1,49.7,42.2
E14001573,54.9,71.2,51.1,50.4,48.2,49.3,65.9,57.4,100.0,,,,
E14001574,,46.9,45.3,39.9,63.9,63.0,66.5,,,,,41.3,
E14001575,69.0,,64.5,,,,49.1,55.7,74.7,90.0,84.3,48.8,38.6
E14001576,,,,,,,,,,,,,
E14001577,,,,47.8,59.8,63.4,51.7,82.4,80.6,81.0,100.0,,
E14001578,,56.2,58.0,,,,,,,,70.2,49.9,
E14001579,80.4,100.0,,,,,,,,,41.8,,65.3
E14001580,59.4,30.6,,,,,50.7,48.6,61.6,63.9,63.1,75.7,
E14001581,61.4,85.0,87.2,70.4,74.3,71.6,57.8,53.4,36.3,23.2,29.9,30.8,31.8
E14001582,,,,,,40.7,36.1,27.6,28.9,,,77.3,40.2
E14001583,56.3,58.4,60.2,53.0,71.4,70.1,77.7,73.4,,,80.7,89.7,84.9
E14001584,49.2,47.5,46.8,38.8,24.7,,,,,41.3,66.3,71.9,67.8
E14001585,,,42.6,43.2,55.3,53.1,,,,,100.0,88.3,89.6
E14001586,35.5,22.2,24.3,17.3,16.8,22.6,,,,,,,
E14001587,39.1,,,27.7,36.0,42.5,54.5,55.5,47.5,71.7,42.4,,48.4
E14001588,29.4,29.2,22.7,29.6,21.4,23.1,27.4,35.8,33.2,29.3,56.9,43.3,49.7
E14001589,56.1,49.2,34.6,57.3,65.3,65.7,85.2,,,55.5,,,
E14001590,,,,,,,,,,,,,
E14001591,60.9,61.2,60.4,67.2,,70.8,,,,,,,
E14001592,31.6,56.5,77.8,71.3,48.4,44.4,,,,,,25.3,36.7
E14001593,61.6,54.7,46.7,50.8,35.5,41.3,41.0,33.3,37.2,38.3,31.9,44.7,56.9
E14001594,,,,,,,,,,,,,29.9
E14001595,29.5,27.8,46.4,37.4,48.2,60.7,31.9,44.9,32.1,,,,
E14001596,,,,,28.9,25.1,,,,,,,
E14001597,42.0,,46.3,35.8,,,,100.0,,,,,
E14001598,51.6,61.8,72.7,68.4,68.2,63.4,,,,,,,
E14001599,65.1,61.2,,,,,,,,,,,
E14001600,39.3,39.3,44.6,47.9,53.0,,,,27.6,41.8,44.2,50.3,36.7
E14001601,,,,,,,,,,,,,
E14001602,63.6,59.4,43.7,48.1,30.6,64.6,86.8,,,,,,39.2
E14001603,,,23.9,,47.8,53.7,53.0,52.0,,,,42.8,38.0
E14001604,52.6,59.5,69.1,55.2,59.2,37.5,,35.9,37.3,39.7,38.3,51.4,34.6
E14001605,45.0,48.3,47.8,44.4,49.8,51.1,60.8,63.4,55.5,54.1,46.9,60.2,64.6
