ONS_CODE,Jan 2021-Dec 2021,Apr 2021-Mar 2022,Jul 2021-Jun 2022,Oct 2021-Sep 2022,Jan 2022-Dec 2022,Apr 2022-Mar 2023,Jul 2022-Jun 2023,Oct 2022-Sep 2023,Jan 2023-Dec 2023,Apr 2023-Mar 2024,Jul 2023-Jun 2024,Oct 2023-Sep 2024,Jan 2024-Dec 2024
E14000530,31.3,46.3,58.7,30.8,25.2,,,,,,,,32.7
E14000531,16.5,,16.4,13.0,21.4,31.2,,,,,,,
E14000532,45.0,53.9,51.3,40.9,47.7,50.6,60.2,64.2,66.2,65.0,67.5,71.0,76.2
E14000533,37.8,22.4,28.3,32.7,36.5,44.6,64.9,30.6,34.0,29.3,24.9,22.6,23.0
E14000534,26.5,41.2,24.0,,,,68.4,66.6,72.0,72.9,79.5,59.2,
E14000535,,,,,30.8,41.6,39.0,48.5,40.7,34.5,38.7,36.0,36.1
E14000536,36.6,48.6,48.6,51.6,50.5,38.6,47.4,42.9,36.1,48.9,55.5,63.3,40.4
E14000537,41.4,31.3,28.4,36.5,34.6,39.0,36.5,22.8,19.2,,28.1,44.8,38.7
E14000538,33.3,26.5,15.8,24.0,14.9,28.3,49.2,32.6,38.8,35.1,31.9,36.2,37.4
E14000539,51.7,48.7,39.7,29.3,38.3,57.8,75.4,72.6,,24.4,16.7,20.6,30.0
E14000540,72.0,82.0,71.7,59.2,55.2,67.6,73.6,62.5,50.9,52.3,43.5,50.9,59.2
E14000541,54.9,57.7,57.1,56.6,51.9,53.6,44.5,29.0,22.8,33.7,20.5,40.1,39.4
E14000542,19.5,22.6,24.3,30.8,31.1,34.8,40.1,27.4,39.6,41.3,37.1,43.4,33.9
E14000543,41.1,39.6,39.4,28.9,34.7,37.3,40.4,46.9,21.3,32.2,29.1,21.1,24.5
E14000544,26.2,22.1,17.2,,17.1,33.5,36.0,50.1,51.1,50.8,71.3,54.8,
E14000545,22.2,23.8,20.2,44.9,68.4,41.5,39.1,35.7,26.8,29.9,26.0,14.0,14.7
E14000546,60.9,45.4,47.3,38.8,,,,,,,15.9,36.1,35.1
E14000547,45.8,49.5,59.0,63.6,61.1,64.6,73.6,42.3,45.5,60.9,46.7,45.6,41.1
E14000548,36.7,40.9,43.5,36.3,22.7,26.1,15.7,30.1,31.4,33.8,28.8,21.1,22.6
E14000549,38.5,,,,,,,,,,,,
E14000550,31.9,39.5,40.0,47.5,41.4,33.9,50.2,42.8,38.8,50.5,34.9,36.9,39.3
E14000551,21.4,22.4,21.2,23.9,38.2,60.0,55.6,66.4,65.8,50.6,58.0,53.2,51.5
E14000552,74.5,75.5,61.9,44.7,53.6,32.0,35.5,58.7,,45.9,19.1,16.1,24.7
E14000553,56.7,71.0,61.2,64.0,63.2,59.6,50.5,51.9,68.7,75.1,84.2,100.0,100.0
E14000554,41.1,37.7,35.4,27.4,27.6,34.7,25.7,19.8,15.6,36.1,50.7,51.3,40.0
E14000555,36.9,50.0,43.3,45.3,46.1,44.1,47.8,52.9,57.7,59.4,63.4,74.0,80.4
E14000556,30.1,35.6,27.3,37.2,39.1,42.8,36.1,28.4,31.4,18.3,34.4,34.8,38.3
E14000557,36.9,32.3,35.1,27.1,24.3,,19.0,42.8,46.3,66.1,53.8,54.0,59.5
E14000558,29.1,31.2,32.6,39.1,35.2,38.3,79.9,75.4,42.4,54.5,,,46.1
E14000559,27.7,40.2,52.5,79.2,90.8,86.9,100.0,100.0,,33.1,43.4,35.0,43.2
E14000560,64.5,73.0,67.1,51.2,61.9,60.5,50.4,50.3,37.7,31.0,52.4,53.0,58.4
E14000561,30.9,35.6,32.2,36.9,49.9,60.4,61.5,49.1,48.1,50.9,54.4,71.4,64.4
E14000562,58.6,53.0,48.4,73.9,60.9,44.1,48.7,,46.6,72.0,39.1,52.3,50.6
E14000563,58.3,65.5,75.2,57.9,52.2,57.1,57.5,72.0,84.6,90.5,62.9,60.5,57.3
E14000564,33.5,34.3,17.0,12.3,,27.0,34.5,38.7,60.1,32.0,33.2,50.4,44.5
E14000565,30.4,21.8,19.5,23.5,22.9,33.9,52.3,56.5,56.1,54.0,36.7,31.0,20.8
E14000566,92.0,94.2,71.9,51.9,44.6,39.8,30.0,34.2,38.5,27.4,48.9,54.1,63.5
E14000567,54.6,50.7,63.0,60.8,62.0,61.8,46.5,49.0,51.0,55.7,29.8,42.5,43.1
E14000568,56.1,55.8,56.9,57.8,56.7,55.6,50.4,48.1,55.9,51.2,49.8,51.1,39.6
E14000569,51.8,58.5,62.1,38.8,44.3,37.0,25.9,19.0,,,,,22.0
E14000570,48.3,47.6,52.5,56.6,62.4,64.2,58.7,65.4,54.1,43.5,47.7,44.0,48.2
E14000571,49.5,56.7,44.0,51.5,57.4,53.4,64.0,69.4,51.8,47.0,57.1,54.8,62.1
E14000572,22.7,26.6,40.5,38.0,42.4,48.1,44.6,35.6,37.3,34.6,29.2,40.9,40.8
E14000573,36.7,35.1,31.5,30.1,16.1,17.8,22.9,37.1,55.0,54.5,50.1,44.8,44.9
E14000574,35.6,22.7,25.4,38.4,42.9,52.5,52.0,50.3,32.5,30.9,29.8,27.9,21.0
E14000575,20.0,19.5,17.5,28.8,36.6,33.7,37.0,31.3,,22.4,39.2,32.2,51.5
E14000576,54.8,28.0,22.7,21.2,13.9,,,,,,21.8,17.2,25.8
E14000577,41.7,46.6,80.4,,,,,,,,,,
E14000578,55.7,56.4,58.6,46.2,54.1,59.3,65.9,83.9,83.2,60.1,43.9,,30.2
E14000579,65.6,58.9,47.0,47.0,52.4,60.8,57.2,64.9,67.0,,,35.6,51.0
E14000580,51.1,45.6,41.3,29.8,19.9,21.7,19.4,,,41.8,29.4,45.1,45.4
E14000581,46.0,36.7,45.3,36.0,41.4,45.0,35.8,41.0,39.8,31.4,42.9,29.1,38.8
E14000582,56.9,71.6,63.4,57.1,46.4,41.6,27.0,32.3,59.8,60.1,67.3,54.8,65.5
E14000583,15.3,15.7,19.9,22.0,37.7,40.5,45.3,41.2,32.5,33.2,30.6,34.8,52.2
E14000584,48.4,58.2,51.5,52.3,42.5,38.6,40.8,39.8,46.8,44.8,50.9,52.0,47.6
E14000585,17.6,25.6,28.9,36.8,27.6,24.1,23.9,32.3,41.4,57.0,64.1,61.9,66.2
E14000586,33.2,35.6,39.6,41.5,42.7,43.7,38.1,34.7,33.6,38.5,35.6,37.8,43.5
E14000587,39.6,35.5,24.1,25.5,32.5,30.1,45.1,33.9,42.9,47.4,48.6,73.6,42.4
E14000588,24.7,45.1,54.4,46.2,45.3,23.0,31.7,47.8,43.5,75.7,70.1,53.4,44.5
E14000589,54.4,59.1,56.3,46.7,,,56.2,19.5,21.9,30.9,36.3,56.1,57.8
E14000590,25.1,,,20.7,23.8,16.8,,,,,,,
E14000591,55.7,31.4,,45.8,59.8,86.5,100.0,74.8,85.0,78.6,55.1,55.9,38.7
E14000592,56.8,48.5,54.2,55.8,64.3,78.9,80.1,75.3,73.5,100.0,,,57.9
E14000593,64.9,60.9,60.7,60.5,63.6,63.8,52.7,41.1,49.0,44.9,35.3,50.2,37.1
E14000594,29.5,29.3,29.4,18.4,,32.1,53.7,52.3,42.2,,,,56.6
E14000595,47.8,38.6,36.8,30.8,25.2,28.6,20.0,25.3,20.5,,,,
E14000596,56.8,37.1,39.0,31.1,26.9,24.1,23.5,23.8,22.3,30.3,26.0,22.0,25.6
E14000597,57.6,45.9,52.2,51.4,58.4,58.3,62.8,62.2,64.3,44.1,43.7,29.4,37.0
E14000598,46.2,51.6,35.0,39.2,44.9,35.2,32.1,34.7,31.4,36.5,45.1,48.0,53.9
E14000599,31.1,31.0,36.5,29.0,27.0,28.2,32.7,31.7,37.2,40.2,,,
E14000600,46.7,40.4,35.1,34.3,48.3,51.6,42.9,45.2,46.3,29.7,30.9,28.3,26.9
E14000601,26.8,22.9,19.8,21.8,26.7,24.6,27.0,37.7,38.1,26.7,18.1,15.8,19.3
E14000602,38.7,36.0,29.6,30.2,44.5,42.4,50.5,65.5,71.6,67.3,69.0,41.1,29.4
E14000603,19.3,22.0,28.2,23.8,18.6,,,,,44.2,53.9,36.1,34.6
E14000604,25.7,30.9,23.4,17.9,18.4,42.7,31.5,28.7,42.1,35.7,71.0,65.9,52.9
E14000605,32.8,37.6,47.2,37.6,24.3,20.8,41.7,35.2,35.9,27.8,20.9,31.0,35.0
E14000606,29.4,52.5,64.9,65.8,56.4,59.2,46.7,51.5,50.5,,,48.6,64.1
E14000607,32.2,44.2,48.4,55.0,60.6,64.6,75.9,82.3,,,,11.1,18.0
E14000608,41.2,47.1,38.7,26.5,26.3,24.2,20.8,42.7,41.6,33.2,39.8,37.8,33.8
E14000609,46.7,58.1,64.8,54.8,75.9,74.7,44.0,,,,67.8,68.0,52.7
E14000610,,25.9,,,,,,,,,,,
E14000611,35.4,35.4,28.7,35.8,32.4,18.7,36.1,36.0,46.6,41.7,41.3,41.8,30.0
E14000612,51.8,48.2,40.4,37.0,26.0,26.1,26.6,39.0,42.2,57.5,64.7,62.2,68.4
E14000613,37.9,40.7,51.3,45.7,50.0,41.5,43.7,45.4,50.8,64.6,68.5,60.4,39.0
E14000614,59.9,55.7,50.5,49.6,48.8,54.6,49.4,35.8,20.7,33.2,28.4,29.8,50.0
E14000615,43.1,35.9,35.8,37.4,45.6,45.6,51.7,44.1,60.1,36.5,47.7,50.6,44.7
E14000616,32.8,19.7,13.6,19.8,21.8,50.8,35.6,26.0,25.7,18.0,40.7,56.6,51.0
E14000617,55.3,66.0,30.7,28.9,26.2,15.6,30.6,,,,47.0,72.5,92.1
E14000618,25.7,28.7,19.3,22.6,,26.8,36.9,38.9,43.7,,76.6,45.3,50.6
E14000619,53.8,61.0,72.1,77.3,85.2,83.9,90.5,81.0,55.3,32.0,39.4,43.3,60.1
E14000620,22.4,32.8,29.7,12.7,18.7,24.8,,,16.7,26.8,31.1,25.9,28.7
E14000621,33.6,41.8,50.2,34.2,35.7,31.6,23.6,39.5,47.8,53.4,63.0,64.7,63.5
E14000622,22.2,,15.4,,,,,,,,,,
E14000623,31.0,42.8,50.7,36.3,42.5,32.5,21.8,42.5,37.4,47.6,43.8,33.3,24.9
E14000624,38.5,36.6,47.3,45.2,47.2,43.7,28.1,32.9,24.0,28.3,71.9,55.7,64.8
E14000625,38.0,49.5,39.6,42.1,38.3,35.4,43.3,26.9,36.1,32.4,,,
E14000626,,,27.0,40.6,42.2,37.6,40.2,25.1,23.5,14.4,12.5,36.5,50.2
E14000627,45.0,47.3,35.9,37.5,25.0,29.4,34.7,40.9,54.1,,55.7,54.5,48.0
E14000628,35.4,39.1,47.0,24.8,26.0,,,,,,,100.0,100.0
E14000629,59.3,62.3,49.5,56.6,63.7,61.3,78.8,75.4,71.4,53.0,36.0,34.7,51.4
E14000630,49.7,40.9,28.9,30.7,30.7,30.9,48.6,26.2,11.5,13.6,16.6,100.0,55.0
E14000631,34.4,33.9,31.1,38.9,44.5,55.9,61.7,41.1,40.2,53.3,45.9,56.4,59.9
E14000632,48.9,50.0,36.8,29.3,32.6,35.7,77.6,60.3,82.3,80.0,,47.1,38.2
E14000633,41.3,31.6,68.1,86.4,81.4,81.7,,,,,,,
E14000634,37.4,44.3,40.7,36.1,38.6,39.8,49.0,49.9,59.2,34.7,,,23.5
E14000635,42.3,36.6,28.3,52.7,25.4,37.1,33.2,35.4,40.6,19.7,22.3,,
E14000636,45.1,35.9,48.0,36.0,35.9,46.9,52.8,63.9,69.5,92.7,80.0,67.1,51.0
E14000637,23.9,26.5,26.4,25.9,41.7,51.1,52.0,73.9,69.2,58.0,43.5,36.3,28.5
E14000638,23.6,13.3,,,,,32.4,42.1,62.9,60.9,81.6,81.0,79.4
E14000639,25.7,35.2,51.2,51.0,43.3,37.1,30.9,38.9,39.2,37.0,45.4,34.1,36.4
E14000640,,,22.1,37.7,64.8,82.5,80.5,83.4,,,,,
E14000641,48.2,48.8,37.4,36.0,40.7,43.3,42.7,48.1,,24.8,36.9,34.1,53.4
E14000642,,,44.7,51.3,,,,,,,,,
E14000643,21.1,22.6,22.0,27.6,45.7,39.8,46.6,40.4,33.6,25.0,21.7,23.9,23.5
E14000644,61.0,64.9,60.5,48.9,32.3,30.4,48.6,48.5,75.4,65.4,55.5,58.3,49.9
E14000645,44.1,35.0,44.4,53.3,33.1,41.3,35.0,27.1,31.9,30.8,40.7,33.8,38.1
E14000646,40.9,31.7,46.3,25.6,25.8,21.1,22.9,30.8,22.8,48.9,43.4,46.5,47.4
E14000647,,,,,,,,,,,38.2,30.7,19.9
E14000648,47.4,56.1,41.1,35.7,50.3,38.0,46.5,51.2,,,,,40.7
E14000649,40.6,48.7,43.6,42.1,45.6,43.6,50.7,71.6,82.9,67.6,68.7,62.1,49.8
E14000650,48.4,45.2,42.4,31.1,27.1,30.4,30.6,24.1,28.9,23.1,27.9,33.5,39.5
E14000651,61.6,53.9,48.7,52.7,40.6,47.1,37.5,30.9,34.8,41.9,44.1,40.7,41.2
E14000652,,,32.7,35.1,41.5,53.7,57.7,61.8,57.8,52.3,43.2,39.1,38.3
E14000653,68.6,40.5,34.7,34.5,35.5,34.1,54.9,46.3,,,,,24.3
E14000654,48.2,55.6,45.3,51.2,50.4,31.8,43.6,39.3,35.3,27.1,28.8,20.5,25.0
E14000655,60.0,67.9,57.7,75.0,69.6,65.2,57.5,61.7,50.5,32.0,36.6,,
E14000656,16.9,12.5,12.1,18.6,18.6,33.1,44.1,35.5,24.7,,,26.8,37.0
E14000657,48.1,56.1,45.7,47.3,41.1,28.8,38.1,31.0,44.6,45.7,40.4,46.8,29.7
E14000658,24.7,24.2,27.1,29.2,34.0,28.7,22.3,22.7,28.2,28.6,36.7,42.8,33.1
E14000659,48.5,32.6,20.9,31.5,28.1,19.3,21.2,,30.5,42.5,46.3,51.6,46.6
E14000660,31.9,22.7,26.0,22.9,24.6,29.0,30.1,39.5,64.9,76.8,51.7,52.0,34.5
E14000661,36.7,33.5,31.2,28.3,23.9,28.5,33.0,48.0,47.5,34.7,32.6,12.9,16.2
E14000662,37.0,38.2,32.8,36.6,45.4,34.2,28.6,39.7,36.6,49.9,48.4,34.7,55.9
E14000663,35.9,42.8,54.1,58.8,54.6,70.5,57.4,44.5,35.1,26.5,27.9,27.8,35.8
E14000664,47.7,58.7,57.4,62.1,62.3,57.4,64.1,,,,39.9,46.5,52.7
E14000665,,23.9,28.0,41.9,46.8,50.1,57.5,54.7,52.0,39.2,13.0,17.8,15.3
E14000666,35.5,49.5,50.5,52.5,59.9,46.0,48.2,48.7,54.1,63.2,64.4,51.9,36.1
E14000667,44.3,39.5,40.5,34.0,24.2,21.8,24.2,36.8,32.2,34.2,25.7,29.6,39.2
E14000668,18.8,25.6,32.2,37.8,66.0,63.1,70.9,71.3,71.1,58.8,55.2,60.8,53.0
E14000669,45.7,52.3,57.3,66.8,63.7,59.0,55.2,50.4,35.8,27.6,12.5,21.2,25.5
E14000670,31.7,42.1,66.9,51.8,52.0,35.2,34.9,,,,,,23.2
E14000671,56.2,82.4,39.0,23.8,25.9,23.7,45.4,29.2,,25.2,17.8,33.1,35.3
E14000672,41.9,58.8,56.6,58.2,55.7,62.8,68.3,49.1,25.8,38.4,36.5,45.2,60.6
E14000673,48.2,56.8,49.8,60.9,45.0,31.7,38.0,,,,,48.1,54.0
E14000674,42.2,52.6,31.8,29.4,24.6,,,,,,,,31.0
E14000675,,52.0,53.3,46.2,,,,,,,,,57.3
E14000676,100.0,100.0,86.1,,,,,,,,,,
E14000677,41.3,36.5,38.6,44.1,39.8,45.7,57.1,66.0,,,,,35.6
E14000678,43.5,31.5,39.4,39.5,45.3,46.2,36.6,31.4,23.6,23.9,38.7,,44.5
E14000679,81.3,66.8,51.9,54.5,56.7,45.0,50.1,55.8,42.1,51.7,28.8,40.5,37.8
E14000680,15.5,17.6,26.3,37.0,43.3,47.1,40.5,36.6,33.8,21.7,25.1,36.1,45.0
E14000681,23.9,34.4,52.7,56.7,65.4,77.6,74.6,64.6,42.7,39.2,42.1,41.1,59.3
E14000682,15.1,16.9,,,,,,,,,,,22.3
E14000683,23.2,19.9,28.6,29.8,51.6,64.6,34.3,28.4,,,,16.2,15.0
E14000684,20.4,22.3,27.4,,,,,,,,,,17.9
E14000685,29.2,27.4,20.3,25.3,15.4,,29.5,,34.7,44.6,37.0,49.5,41.9
E14000686,63.2,68.8,73.6,67.1,58.3,,,,,73.7,36.4,,
E14000687,79.2,51.9,61.5,66.2,47.5,74.2,77.9,76.8,71.7,57.6,62.4,,32.9
E14000688,49.8,51.0,50.8,56.4,44.1,,,,,,,,
E14000689,15.7,27.7,38.7,37.0,38.4,41.5,44.5,47.8,81.2,73.9,93.0,93.8,83.3
E14000690,28.1,32.6,23.4,32.5,42.3,37.5,49.2,50.8,58.2,,,50.0,56.7
E14000691,43.8,,36.8,39.5,51.3,50.3,,,,37.0,28.5,31.1,49.2
E14000692,52.7,54.4,63.9,54.8,47.3,31.3,50.9,68.8,,,,,
E14000693,43.9,33.1,40.9,30.8,47.7,50.9,60.3,50.3,42.6,25.5,32.6,53.2,40.7
E14000694,40.3,33.8,35.0,29.3,36.4,43.8,28.6,37.7,25.6,,32.8,31.9,40.8
E14000695,40.5,46.6,39.1,31.9,41.6,34.0,28.3,28.0,31.3,,,,
E14000696,47.7,57.6,52.3,58.1,60.2,68.7,85.0,60.1,57.2,49.3,36.4,37.7,42.3
E14000697,41.6,44.6,54.0,50.0,62.3,71.4,36.2,34.1,36.4,,,,32.9
E14000698,40.6,55.6,65.4,71.3,77.5,77.5,62.1,48.4,39.2,27.9,43.2,48.7,35.5
E14000699,37.6,40.4,31.9,25.5,,,,,,,,,
E14000700,,,,,,,36.9,,,73.2,,31.9,26.9
E14000701,39.6,33.7,29.4,26.2,23.6,29.2,30.9,,,68.1,64.1,74.3,65.5
E14000702,43.7,37.7,29.5,17.7,18.6,30.4,32.6,20.2,14.5,11.8,20.8,35.9,32.1
E14000703,60.5,57.9,61.9,76.9,76.6,83.0,100.0,100.0,100.0,,,63.1,42.0
E14000704,,,,,,15.4,52.6,59.8,51.2,66.0,42.4,41.5,52.2
E14000705,27.3,40.5,49.5,54.5,78.1,65.0,,,,,36.5,,
E14000706,43.2,48.2,58.5,55.0,44.2,41.7,40.4,55.5,82.1,89.3,61.9,52.4,
E14000707,50.5,49.5,42.8,52.1,,,,,,,31.4,49.7,45.8
E14000708,46.5,35.1,33.5,43.0,54.0,66.5,71.5,59.3,63.8,62.6,43.1,51.5,58.9
E14000709,27.7,31.3,31.6,39.8,38.0,44.2,38.0,36.5,40.3,42.6,36.5,39.5,40.4
E14000710,41.8,41.8,47.4,48.2,47.4,44.0,59.2,56.3,50.6,49.9,30.6,45.6,56.9
E14000711,38.4,38.4,35.3,27.7,21.8,19.9,36.1,31.3,43.9,42.6,32.0,43.3,31.2
E14000712,22.7,25.9,26.7,30.4,29.3,30.3,33.4,24.6,,,,,12.5
E14000713,91.7,64.6,71.9,77.9,68.8,46.6,30.0,,,,19.0,22.1,29.7
E14000714,59.0,50.7,61.2,50.3,33.7,45.1,,29.3,30.6,,43.3,51.5,51.5
E14000715,,,,53.3,33.7,,,,,,,17.9,36.7
E14000716,66.4,64.0,58.7,48.2,47.4,46.2,38.9,47.3,38.6,54.6,57.3,50.8,55.1
E14000717,58.3,55.7,48.7,,,,12.4,20.8,31.0,34.2,,,
E14000718,19.6,21.9,41.4,39.5,35.6,31.7,,,,,41.5,41.1,65.5
E14000719,57.3,57.1,37.5,,,49.6,59.3,59.2,56.2,36.8,,,50.4
E14000720,100.0,84.5,87.1,79.1,49.3,61.0,,,,,,49.8,55.4
E14000721,,31.3,,45.8,72.3,50.9,53.5,,,,36.9,36.5,48.2
E14000722,,,,,,,,,,17.1,15.4,20.3,33.9
E14000723,45.2,54.3,51.3,52.9,51.0,46.8,49.1,46.3,42.2,46.4,54.4,53.8,48.2
E14000724,33.9,24.8,19.4,49.6,47.0,52.6,46.8,38.2,35.6,39.4,41.4,32.3,27.2
E14000725,28.2,32.2,35.7,38.1,32.7,36.3,35.3,31.3,32.2,23.5,24.0,22.3,30.6
E14000726,36.9,62.6,56.4,58.7,91.8,84.4,91.3,87.3,73.5,61.1,44.6,45.4,44.1
E14000727,57.7,71.2,77.0,72.5,61.0,58.3,67.4,62.6,65.3,82.1,68.4,45.5,38.5
E14000728,59.2,53.6,51.1,33.4,29.0,36.0,45.4,42.8,27.5,37.3,26.1,33.7,52.2
E14000729,46.7,47.2,64.8,77.0,42.8,31.4,,,43.9,53.1,56.5,51.0,
E14000730,42.8,37.6,23.0,42.0,25.3,25.3,26.9,45.8,38.0,40.3,44.2,40.8,52.5
E14000731,53.3,35.5,24.2,,,52.4,60.8,77.7,76.3,,,43.3,40.6
E14000732,48.6,31.8,36.3,36.7,37.9,41.4,28.4,,,,,39.8,54.8
E14000733,37.1,36.7,39.9,42.7,39.7,36.8,38.9,43.4,54.4,50.3,49.2,40.8,42.4
E14000734,46.3,26.5,35.0,47.6,46.1,51.1,50.4,53.2,50.5,56.8,57.6,,
E14000735,55.0,50.3,15.9,20.0,,,,,,,,22.6,40.1
E14000736,39.4,37.0,42.6,,49.6,45.0,39.2,45.8,60.6,50.1,39.1,28.4,32.1
E14000737,40.1,37.7,35.3,52.6,60.3,52.4,61.2,55.7,60.4,78.3,81.3,65.7,74.0
E14000738,37.6,17.1,24.0,24.7,26.3,34.5,27.0,,30.4,25.5,26.1,40.6,40.6
E14000739,44.4,35.4,42.2,43.4,60.2,71.4,69.4,83.3,80.0,77.6,88.3,,
E14000740,39.4,41.7,35.0,32.8,51.3,29.6,38.0,44.3,30.6,42.6,63.4,53.3,51.9
E14000741,34.1,40.9,30.4,24.1,29.7,32.3,30.7,57.2,56.5,57.5,65.4,59.0,65.8
E14000742,29.7,35.4,43.4,47.0,45.6,45.0,31.5,,,,46.5,59.9,68.9
E14000743,41.3,37.2,31.3,31.6,34.6,39.1,37.9,54.1,37.6,26.3,24.1,21.7,23.8
E14000744,29.1,,,,16.4,17.0,16.9,19.7,23.7,29.7,34.7,44.0,53.7
E14000745,57.2,66.4,56.5,60.8,54.2,33.7,44.3,,,,,,42.2
E14000746,65.4,55.2,46.3,32.0,22.3,35.8,52.1,55.9,55.8,48.7,55.7,46.1,47.0
E14000747,30.4,39.1,31.4,40.3,26.7,36.6,29.0,23.3,46.4,42.0,39.0,38.7,28.8
E14000748,29.3,23.1,36.8,50.1,54.1,60.6,42.2,50.3,62.1,48.3,61.0,60.3,57.6
E14000749,20.9,22.5,32.8,21.4,40.1,44.8,,75.7,54.7,59.0,61.4,38.4,38.3
E14000750,64.2,40.0,51.9,61.4,51.5,66.3,68.0,50.5,62.0,51.8,54.0,59.3,55.5
E14000751,,,,20.7,27.9,31.5,33.4,26.4,33.3,37.4,37.3,39.5,51.2
E14000752,37.7,37.6,51.1,30.1,31.2,36.0,28.6,44.9,38.5,70.5,57.4,45.9,43.3
E14000753,63.3,67.1,55.4,37.0,31.1,,37.3,50.9,44.4,82.5,77.8,48.6,40.2
E14000754,55.3,49.6,40.0,28.9,22.1,44.8,41.2,47.0,52.3,38.1,33.8,28.0,23.3
E14000755,39.3,33.7,50.1,86.4,75.3,80.3,65.7,43.5,58.6,34.4,28.2,45.1,41.7
E14000756,25.4,24.0,30.0,34.7,41.9,47.5,39.5,35.8,25.2,25.3,24.7,17.4,10.6
E14000757,67.4,60.2,53.3,42.4,24.5,23.4,26.8,24.5,22.5,,,,
E14000758,,42.1,35.8,30.9,37.2,,,,,51.2,36.9,68.4,71.8
E14000759,39.9,38.3,50.1,46.5,32.9,51.0,48.6,62.4,81.9,48.4,56.3,54.6,48.2
E14000760,57.8,58.3,57.3,55.5,50.2,61.5,73.0,54.4,52.4,49.5,50.1,57.0,61.4
E14000761,,,,,,,32.3,31.3,,,,,
E14000762,46.3,44.7,45.9,43.4,51.2,40.0,39.7,36.7,32.0,41.9,40.9,41.3,44.4
E14000763,58.5,59.6,40.4,62.3,41.2,46.2,69.8,70.7,86.4,80.4,53.7,34.0,
E14000764,50.3,37.6,51.3,45.9,49.5,50.8,50.7,49.7,47.1,55.9,62.9,75.9,60.1
E14000765,41.0,41.3,46.4,54.3,54.2,51.2,37.3,33.0,39.1,48.9,49.3,49.7,44.2
E14000766,59.4,63.8,70.3,77.0,72.5,80.9,57.9,45.3,38.1,27.8,34.8,33.5,43.6
E14000767,66.8,56.4,51.7,44.0,46.5,38.3,28.0,22.8,24.3,24.1,,,
E14000768,84.0,85.4,82.3,52.7,56.3,54.8,55.1,67.9,67.2,67.5,75.5,77.3,75.2
E14000769,12.0,18.5,21.5,26.3,23.1,24.0,21.8,38.7,55.2,44.5,47.9,31.1,39.4
E14000770,36.8,30.7,53.7,49.0,53.9,61.9,51.5,50.7,51.0,26.3,35.2,37.1,33.9
E14000771,40.1,56.0,51.0,51.3,53.1,37.6,28.3,,34.4,,22.3,23.6,17.5
E14000772,48.9,43.7,53.4,31.7,34.7,48.3,48.6,58.1,55.9,59.5,46.3,45.9,46.3
E14000773,36.6,38.3,50.4,46.6,51.0,40.9,25.8,41.0,,21.2,21.0,13.1,11.1
E14000774,32.9,28.9,18.3,19.2,17.6,18.9,40.4,41.2,25.3,30.3,28.2,20.5,27.4
E14000775,22.4,21.1,25.9,44.2,39.7,27.5,33.4,18.1,19.7,30.7,31.9,31.5,39.5
E14000776,61.0,51.8,50.8,56.2,40.4,38.3,35.4,46.1,37.4,50.3,,,
E14000777,46.0,62.0,86.0,78.1,72.2,40.2,,,47.3,57.9,58.2,61.3,58.7
E14000778,42.5,32.5,24.3,28.4,46.6,49.2,62.9,72.0,90.6,97.0,100.0,100.0,100.0
E14000779,50.4,58.8,48.8,53.5,51.6,50.8,52.4,32.1,32.6,28.5,27.8,46.2,39.0
E14000780,55.5,36.7,34.8,38.0,,,,,51.0,45.5,38.6,61.3,49.6
E14000781,75.8,70.1,47.2,47.2,49.7,29.3,18.7,30.7,22.1,32.3,64.2,58.7,63.6
E14000782,68.1,60.3,57.1,41.5,38.3,45.6,45.6,45.7,45.9,40.6,37.3,41.5,39.0
E14000783,64.6,60.3,57.2,65.4,50.5,57.6,67.3,45.3,48.9,32.2,32.9,41.5,34.0
E14000784,60.9,46.1,35.6,31.4,26.2,48.8,44.2,54.1,42.6,47.3,46.1,45.7,53.3
E14000785,36.6,28.1,22.6,18.9,33.9,32.2,63.5,85.1,,,,,39.3
E14000786,12.2,22.0,29.3,26.6,34.7,30.4,42.6,48.3,57.7,46.8,36.5,34.0,44.4
E14000787,61.3,52.8,55.6,42.2,,,,52.3,59.7,58.7,57.9,,52.9
E14000788,37.9,38.5,57.8,58.7,,,,,,72.4,87.0,85.5,83.1
E14000789,60.8,60.9,55.8,53.2,53.0,41.7,45.2,57.6,57.1,72.3,79.2,58.8,68.6
E14000790,,63.5,59.9,65.0,75.4,61.4,68.0,63.8,60.6,59.4,48.8,52.0,42.0
E14000791,48.8,55.9,59.0,43.2,50.5,49.5,,41.9,,36.6,45.0,38.2,37.2
E14000792,28.6,30.9,33.4,31.5,31.5,30.3,,36.6,,44.0,38.0,24.9,37.3
E14000793,59.2,63.1,45.6,36.5,24.7,29.7,55.4,65.7,56.1,64.5,71.4,57.2,56.1
E14000794,32.8,47.1,65.8,74.7,81.2,60.6,54.2,41.7,40.4,50.3,48.5,57.0,42.2
E14000795,19.7,46.9,46.3,75.3,49.3,46.1,40.7,36.9,57.4,,,,78.6
E14000796,48.6,45.8,44.5,54.2,56.3,60.9,59.2,63.4,59.4,54.3,62.9,40.4,45.2
E14000797,25.8,22.9,41.3,64.5,58.9,64.3,54.6,40.4,54.4,46.0,55.6,74.3,71.4
E14000798,35.6,34.0,39.9,36.2,36.1,46.5,,,,,,,64.3
E14000799,29.2,27.8,20.0,18.7,,,,,,,28.0,37.0,52.8
E14000800,42.0,41.6,29.7,36.9,46.1,39.0,38.7,35.2,33.6,41.8,47.0,54.7,59.4
E14000801,34.5,27.7,24.1,28.3,55.3,41.9,55.8,57.5,53.0,46.2,43.6,39.6,47.5
E14000802,27.6,35.7,36.7,32.2,31.2,27.8,30.3,,,,40.4,48.3,56.7
E14000803,40.2,40.0,41.4,42.9,40.7,42.9,36.2,34.2,28.9,35.9,36.9,44.8,46.6
E14000804,19.8,23.0,27.9,21.4,32.3,49.7,49.3,62.3,56.3,52.8,41.3,41.4,34.3
E14000805,28.2,20.1,26.5,33.7,,25.1,,42.0,49.8,57.9,56.0,48.7,77.7
E14000806,,,,37.1,47.7,43.2,49.3,,,,,,
E14000807,59.0,38.1,40.9,47.9,29.6,54.4,53.1,48.9,62.0,55.4,46.1,39.7,46.1
E14000808,49.7,55.0,58.9,52.0,50.2,37.4,,,59.5,59.7,83.4,81.7,56.2
E14000809,37.0,41.2,62.5,61.6,47.9,33.4,26.5,30.2,48.8,69.0,72.7,69.0,60.9
E14000810,72.6,58.1,50.3,51.6,33.6,25.9,32.0,,,,41.6,31.5,37.8
E14000811,,,23.0,24.9,49.1,60.7,61.5,42.2,50.1,52.5,,71.8,
E14000812,40.2,39.2,39.2,41.8,39.1,41.4,43.5,45.2,51.4,69.4,53.6,43.3,31.4
E14000813,60.5,52.5,41.0,46.3,29.1,24.1,28.9,22.6,28.4,29.7,37.2,39.0,42.6
E14000814,43.7,28.2,27.2,36.6,59.4,68.2,61.8,58.2,,,,,
E14000815,29.0,27.4,35.0,25.5,,,22.4,21.5,21.7,19.5,18.3,29.3,28.4
E14000816,45.1,27.8,39.2,49.2,50.0,59.2,52.1,33.4,36.1,35.4,25.3,51.7,74.7
E14000817,58.9,,,,45.0,51.2,47.1,38.3,27.7,31.6,41.7,35.3,
E14000818,40.0,54.5,60.1,42.7,37.9,35.6,,58.9,60.1,54.0,62.2,62.6,64.5
E14000819,38.2,48.1,58.8,56.9,58.7,53.8,52.6,46.5,53.2,59.2,59.2,56.5,44.8
E14000820,54.9,49.7,40.3,35.2,32.4,32.7,31.6,30.3,36.0,42.5,43.4,48.2,50.2
E14000821,27.3,30.2,15.2,16.1,19.7,23.2,35.3,31.6,41.7,54.4,58.5,64.9,43.7
E14000822,42.8,51.5,45.3,36.8,22.9,24.1,30.1,29.5,34.2,26.3,29.1,27.9,30.8
E14000823,63.5,57.2,44.0,59.8,70.8,,,29.1,,,,,
E14000824,33.7,46.6,62.7,68.8,82.0,52.5,,,,,,,24.1
E14000825,,16.2,19.5,26.8,31.2,38.1,28.7,25.8,16.1,,15.7,18.8,23.0
E14000826,30.0,27.8,36.4,28.7,25.8,30.8,,,,,72.0,61.5,61.1
E14000827,23.0,32.8,35.8,37.9,43.1,37.5,40.3,40.1,25.7,30.9,35.0,37.5,42.3
E14000828,50.5,57.6,55.0,38.0,,,,,,,,,30.9
E14000829,45.6,56.8,30.0,18.3,16.3,14.6,22.7,38.2,,,23.5,33.6,38.3
E14000830,33.8,29.9,31.5,28.1,27.7,33.9,22.9,31.9,27.4,25.5,33.0,29.4,35.1
E14000831,53.8,56.9,59.2,63.6,68.1,68.8,59.7,58.1,57.0,53.2,55.9,56.5,55.8
E14000832,33.0,30.3,28.5,36.2,50.0,47.1,54.2,42.6,35.3,50.9,25.7,29.6,37.1
E14000833,36.3,34.1,29.8,31.4,31.6,16.7,,,,,35.2,38.2,37.7
E14000834,31.2,34.2,38.1,38.3,39.6,45.8,,,,,,,
E14000835,30.5,31.9,24.0,19.2,18.0,15.3,25.0,25.1,28.6,35.6,36.3,41.3,25.2
E14000836,26.7,28.5,31.2,30.4,29.9,22.7,29.3,23.2,16.2,22.8,10.7,19.1,50.4
E14000837,30.6,25.8,,,,,,100.0,54.2,65.7,62.6,,32.6
E14000838,20.8,37.2,37.4,41.3,38.8,33.0,49.8,,77.4,73.8,59.6,68.2,74.3
E14000839,48.3,57.0,45.8,50.4,48.3,41.6,38.1,36.9,40.9,38.1,,22.4,13.2
E14000840,51.9,53.4,33.1,50.4,64.5,71.1,58.1,50.8,43.4,32.5,74.5,64.5,62.9
E14000841,33.4,40.6,48.0,45.4,28.6,37.1,29.4,29.3,19.5,12.3,21.2,28.8,37.0
E14000842,28.6,34.8,34.1,39.5,38.4,46.1,43.2,47.7,55.5,53.7,74.6,42.7,23.1
E14000843,,42.6,49.9,60.9,40.1,41.1,,28.5,50.0,,100.0,55.6,42.7
E14000844,23.2,10.9,7.4,12.9,11.6,12.3,,,13.0,21.8,26.0,28.0,38.0
E14000845,34.1,65.9,61.8,35.4,24.4,17.1,,,,,,42.8,69.2
E14000846,40.5,43.8,49.8,60.2,54.0,49.7,44.8,38.9,49.6,53.2,68.2,70.5,64.8
E14000847,30.3,26.3,11.9,15.0,8.6,20.9,35.1,25.8,31.1,28.1,20.2,25.6,28.6
E14000848,48.0,45.6,37.3,29.6,37.1,31.2,51.9,48.2,100.0,68.3,,,
E14000849,84.6,74.6,79.6,70.5,71.9,71.8,57.9,43.9,39.7,23.1,23.4,48.1,44.7
E14000850,30.8,31.6,29.7,34.7,27.8,23.0,24.6,19.1,36.7,32.8,39.5,45.5,42.3
E14000851,38.2,35.7,31.6,22.4,34.3,40.0,47.2,39.2,35.9,18.1,16.4,15.1,22.2
E14000852,19.5,26.9,24.0,28.6,28.8,,,,,,,39.9,68.0
E14000853,36.4,39.2,29.5,27.2,22.1,15.0,12.3,,27.0,32.1,30.6,43.2,40.7
E14000854,43.8,37.4,52.8,43.4,37.6,36.6,,29.4,46.4,43.2,49.6,48.3,49.9
E14000855,28.7,28.7,23.8,29.3,21.5,33.5,36.3,39.5,32.2,61.7,74.2,50.8,39.2
E14000856,46.1,57.2,50.9,27.8,24.8,39.9,47.4,43.0,34.2,,,,26.0
E14000857,39.5,40.9,52.0,52.5,41.7,57.1,39.3,53.3,54.4,43.2,42.2,40.4,53.2
E14000858,,19.2,20.5,19.1,18.0,,,,,29.2,36.8,19.1,23.9
E14000859,41.2,44.7,50.5,55.7,32.9,37.3,35.5,,,52.3,50.7,66.9,44.8
E14000860,48.0,31.6,26.7,41.7,27.7,35.3,39.2,44.8,39.3,46.0,56.9,37.3,29.8
E14000861,45.1,44.8,58.3,67.4,63.5,42.6,,30.2,31.2,53.2,59.8,,47.1
E14000862,18.8,26.6,,,,32.5,32.8,25.5,42.7,33.8,44.6,42.2,26.7
E14000863,42.2,40.4,22.0,,27.2,42.5,50.8,41.7,24.8,31.5,48.6,47.6,61.1
E14000864,30.3,26.3,16.2,,40.3,56.5,51.5,50.7,,56.8,53.7,41.6,42.6
E14000865,66.5,49.6,55.9,35.1,50.2,64.3,59.5,68.3,66.2,58.9,60.9,62.3,60.2
E14000866,44.1,35.8,37.5,39.9,45.8,59.1,68.8,78.8,82.2,72.4,71.1,57.8,43.5
E14000867,40.1,50.4,50.6,45.7,50.5,55.0,51.6,67.9,58.5,70.1,52.5,44.1,31.9
E14000868,17.2,28.4,39.2,50.1,51.9,35.5,27.5,,,29.1,23.3,24.4,16.0
E14000869,29.9,34.1,28.5,26.5,,,31.7,33.5,28.4,32.9,26.8,14.6,
E14000870,40.0,44.6,47.2,47.4,47.2,40.0,31.4,33.3,20.1,11.5,17.5,17.0,31.9
E14000871,69.5,60.7,62.4,55.1,50.5,58.0,53.7,60.4,54.6,50.9,43.4,34.8,39.9
E14000872,59.0,,,,,20.0,18.0,31.5,59.3,61.0,57.7,36.0,40.7
E14000873,58.0,45.3,34.1,38.5,38.2,53.1,61.8,66.0,68.7,72.8,100.0,62.1,49.2
E14000874,52.1,37.5,40.2,44.4,48.2,57.8,23.0,,,,21.6,30.7,41.8
E14000875,,29.6,39.2,42.2,61.2,37.8,53.4,59.5,58.8,62.9,26.3,29.7,20.5
E14000876,47.2,45.6,56.0,31.2,20.3,16.6,11.0,,20.6,26.5,32.0,54.3,44.3
E14000877,,,,,,,,,,,19.8,22.6,22.3
E14000878,35.6,40.9,47.0,55.6,56.5,51.2,44.1,61.1,51.9,48.1,49.0,50.3,44.3
E14000879,32.0,22.4,25.8,24.5,40.2,35.2,33.1,29.3,17.1,24.9,22.5,29.3,18.4
E14000880,42.1,38.7,31.8,40.6,24.5,28.1,39.0,27.7,44.0,43.9,34.2,46.2,45.1
E14000881,41.6,36.9,46.1,57.2,56.8,49.0,38.2,37.3,28.7,35.9,36.3,38.4,37.4
E14000882,53.9,50.9,56.1,56.8,45.4,50.7,44.5,42.7,48.9,42.7,57.5,38.3,41.2
E14000883,30.1,36.6,34.2,31.9,37.2,26.8,25.3,31.0,34.3,29.3,39.3,27.4,
E14000884,37.7,49.8,38.9,38.3,48.9,34.5,39.5,43.1,32.1,39.8,48.7,52.0,44.2
E14000885,,48.1,65.3,49.3,46.2,48.9,35.7,,,,28.3,51.6,47.2
E14000886,43.7,41.8,37.1,23.5,21.0,14.4,,,20.5,26.8,70.6,63.5,57.4
E14000887,47.5,29.5,20.8,25.3,23.1,26.7,30.1,31.1,36.1,57.4,,62.4,49.9
E14000888,52.0,50.0,44.1,,,,,33.7,33.7,49.5,39.0,26.7,29.7
E14000889,53.4,51.7,45.2,37.4,34.0,33.6,32.9,26.8,30.3,26.8,26.1,32.1,40.1
E14000890,40.5,27.7,31.1,38.7,46.2,44.5,31.7,17.6,,19.9,29.7,33.9,40.6
E14000891,40.4,32.0,32.7,41.0,34.9,33.1,30.0,34.8,46.1,42.5,41.1,39.9,36.3
E14000892,58.6,58.2,36.8,28.8,,31.0,51.4,46.6,47.7,33.3,,22.3,
E14000893,43.7,43.2,35.4,,,,,,,,46.8,52.4,60.1
E14000894,24.4,19.2,14.8,,,19.8,,,,,,33.4,40.1
E14000895,39.5,26.6,39.3,45.2,,38.3,41.8,49.9,50.0,33.5,,,
E14000896,63.6,55.2,57.1,70.8,63.9,55.1,36.3,42.1,48.3,62.2,73.4,80.4,76.9
E14000897,43.8,46.4,56.2,65.5,71.9,68.9,60.5,64.8,67.5,36.6,42.9,39.6,45.6
E14000898,48.9,45.9,40.3,41.0,28.2,40.3,43.5,35.4,38.5,30.4,30.6,36.8,42.3
E14000899,46.4,49.7,46.7,46.1,33.3,25.8,37.2,36.1,41.9,31.9,31.9,29.3,27.5
E14000900,26.3,28.1,21.4,31.4,39.8,24.7,31.3,21.7,39.0,57.6,45.5,38.9,37.2
E14000901,45.6,39.9,43.1,48.3,47.7,52.4,40.5,35.0,37.3,38.8,50.9,50.2,45.2
E14000902,57.1,55.8,47.3,41.5,18.9,,46.0,53.2,54.2,54.9,38.5,39.6,33.7
E14000903,35.5,34.3,38.5,40.0,39.3,43.3,17.7,35.2,41.8,47.6,60.0,60.6,63.4
E14000904,41.5,35.8,45.2,33.0,,34.7,,56.2,39.8,29.8,38.6,29.6,23.5
E14000905,51.1,35.3,29.6,20.9,24.2,37.9,70.0,77.7,62.7,61.6,55.1,42.6,37.6
E14000906,53.7,44.0,51.0,45.4,51.5,60.1,36.2,,,,,,48.8
E14000907,33.3,36.4,38.7,50.9,39.6,39.3,33.4,,100.0,100.0,100.0,67.8,62.6
E14000908,66.3,46.5,50.5,29.1,30.7,27.1,25.3,19.0,29.3,31.8,47.2,49.0,51.8
E14000909,35.3,42.3,24.1,19.6,15.3,20.6,31.7,23.3,24.5,30.4,27.6,38.2,40.0
E14000910,32.3,37.6,35.9,45.3,47.8,36.8,31.1,,,,46.4,48.2,55.0
E14000911,52.6,48.1,35.7,33.1,34.1,33.7,30.3,36.0,27.8,19.8,,16.3,26.3
E14000912,21.3,20.8,32.8,23.2,28.4,27.0,40.3,42.3,35.8,,34.9,45.3,43.4
E14000913,21.6,18.0,18.4,22.7,31.2,30.0,35.3,47.5,40.3,38.9,33.7,13.2,25.5
E14000914,53.0,45.4,27.1,30.7,31.7,21.9,31.3,29.5,37.7,46.8,48.8,50.9,43.4
E14000915,37.6,18.8,36.7,40.2,35.7,36.4,30.4,25.4,25.0,37.3,48.8,44.6,49.2
E14000916,32.3,23.6,18.2,24.8,29.5,31.5,50.5,48.1,32.4,43.6,35.1,33.4,45.7
E14000917,67.9,69.8,74.5,48.6,44.2,38.1,34.6,31.0,35.5,47.4,41.4,39.0,26.0
E14000918,59.2,64.2,62.2,58.4,54.5,43.4,35.1,,76.2,73.5,87.2,84.2,51.9
E14000919,20.7,10.0,15.3,16.4,21.0,,,,29.9,49.7,48.7,41.7,25.9
E14000920,32.0,39.1,48.9,42.4,41.2,38.6,37.0,23.3,41.6,44.3,45.9,64.6,58.6
E14000921,30.3,31.5,,36.4,39.3,50.7,61.0,47.3,56.5,50.4,36.8,72.7,57.7
E14000922,45.9,37.1,42.9,40.7,47.0,69.9,87.5,69.2,68.0,63.7,61.1,68.5,66.5
E14000923,32.9,,26.5,41.8,48.9,45.6,51.0,32.0,,,28.3,41.1,44.0
E14000924,,,,,20.5,42.4,39.2,30.9,30.4,17.8,30.5,40.0,34.5
E14000925,29.6,29.5,35.1,61.7,56.8,61.0,70.2,,,,,,
E14000926,32.5,32.1,21.9,24.1,33.7,43.5,27.6,20.8,21.9,27.4,45.0,56.6,54.0
E14000927,34.2,40.4,38.3,36.1,42.6,39.8,28.2,35.9,,,,,18.4
E14000928,53.5,67.8,46.7,47.0,28.8,19.2,20.5,28.0,27.8,37.8,46.3,38.7,46.3
E14000929,32.2,28.2,22.7,24.5,44.3,49.5,45.4,59.8,,,,,
E14000930,52.4,47.7,41.1,46.5,43.3,60.3,53.1,65.8,49.3,46.8,54.5,51.5,61.1
E14000931,32.8,34.1,35.4,47.1,33.5,43.4,31.5,37.5,43.9,30.4,34.2,31.3,39.4
E14000932,26.2,28.7,,,,,13.8,25.4,33.3,43.2,27.5,23.0,23.7
E14000933,20.3,26.7,30.7,27.9,32.0,22.5,14.9,21.2,24.0,49.7,49.5,29.7,43.9
E14000934,29.1,24.6,35.0,49.8,47.9,46.1,41.9,38.2,53.8,58.1,68.6,53.6,44.5
E14000935,18.6,23.3,32.2,19.8,21.3,,20.1,27.4,31.3,36.7,29.9,20.9,25.8
E14000936,30.9,40.8,62.1,35.2,46.3,64.1,56.5,60.9,38.4,18.9,27.3,20.5,39.0
E14000937,61.0,79.3,46.5,54.9,45.3,39.3,36.5,22.2,27.3,38.8,39.1,45.3,42.0
E14000938,28.2,23.0,22.7,34.3,23.5,28.9,26.6,39.2,31.4,21.7,21.8,,
E14000939,35.1,34.2,,,,,,,,42.1,46.2,53.1,56.9
E14000940,24.4,25.6,17.0,24.6,22.6,22.2,30.7,37.3,29.0,28.3,29.7,29.8,31.0
E14000941,,,,17.5,26.7,24.3,15.3,12.0,22.2,26.4,38.4,62.3,49.7
E14000942,41.2,40.6,,24.0,26.8,24.2,30.6,14.0,16.2,16.2,19.5,23.8,36.9
E14000943,,,18.3,16.9,22.7,21.0,,,,32.9,38.0,35.8,35.5
E14000944,27.4,26.0,28.2,36.4,53.9,41.6,40.8,38.9,35.6,42.8,37.9,46.1,45.3
E14000945,49.4,39.5,19.2,,,,,,,,,,
E14000946,42.2,31.0,47.5,43.7,43.8,70.7,63.4,77.3,45.6,41.8,,,
E14000947,51.4,40.0,24.2,20.1,18.7,24.1,30.2,55.4,36.0,26.2,22.7,18.1,26.7
E14000948,67.3,51.5,71.0,54.1,54.2,52.3,,,62.7,67.8,66.6,42.1,46.5
E14000949,38.9,41.1,29.5,,,,32.1,27.3,21.2,32.4,27.6,42.1,38.0
E14000950,56.7,44.6,51.2,54.9,50.8,56.9,43.4,56.5,50.9,56.2,49.5,21.2,28.1
E14000951,51.4,43.3,52.0,54.7,48.1,60.2,47.9,,,,,36.9,51.0
E14000952,37.4,38.1,31.2,36.4,51.6,67.5,43.4,59.5,83.2,59.5,67.0,,
E14000953,58.5,66.8,49.0,63.9,42.3,33.7,36.1,,40.5,45.1,,46.1,40.5
E14000954,52.6,30.6,23.9,16.0,13.9,16.6,20.0,,,32.9,34.2,36.5,29.7
E14000955,24.5,21.0,26.9,41.3,53.9,48.3,50.9,39.5,31.6,35.0,28.6,26.9,34.1
E14000956,50.3,40.5,37.5,26.6,30.1,31.0,29.8,33.4,35.5,38.6,41.6,47.3,51.0
E14000957,33.1,29.5,18.3,24.7,28.1,44.6,51.9,41.0,50.3,49.2,49.1,47.9,42.8
E14000958,30.5,,,36.4,44.6,62.7,47.8,43.7,38.1,38.4,42.5,38.6,30.8
E14000959,33.0,38.6,43.0,43.8,36.1,33.6,30.1,33.3,46.3,42.7,43.0,51.7,42.4
E14000960,39.8,64.0,40.9,40.7,53.4,48.6,57.7,37.2,40.7,42.1,44.1,51.5,39.7
E14000961,,,30.2,27.8,35.7,31.1,,,,,61.7,60.0,40.1
E14000962,35.0,29.9,27.8,45.2,49.7,42.3,39.1,,39.3,40.2,45.8,58.3,59.9
E14000963,32.7,30.5,36.3,50.3,52.6,43.2,37.9,30.8,36.1,35.9,39.0,37.0,24.0
E14000964,30.7,33.5,,43.9,,38.0,31.3,34.3,34.2,30.1,31.6,,
E14000965,38.7,34.0,34.8,41.1,,,47.8,60.3,64.4,65.1,,,30.0
E14000966,,18.4,21.5,30.8,44.2,39.0,36.7,,,,,,
E14000967,49.6,52.6,52.0,40.7,31.4,39.4,40.9,50.6,49.8,,,25.8,28.1
E14000968,59.1,45.7,28.9,,,,,43.4,75.0,,100.0,,32.9
E14000969,48.8,34.5,42.3,51.4,40.7,37.4,28.6,,,32.5,30.9,41.8,35.5
E14000970,30.9,36.5,34.0,39.2,35.6,34.4,38.2,40.1,45.0,57.2,47.4,45.0,44.1
E14000971,32.8,44.2,40.8,45.7,51.6,38.9,38.4,40.1,31.0,39.1,43.3,43.1,34.8
E14000972,22.0,28.4,35.3,49.2,75.3,58.2,71.2,66.8,59.0,39.2,38.6,36.3,37.2
E14000973,17.6,24.3,24.7,28.3,36.8,39.0,,,,,,14.5,20.3
E14000974,30.1,24.9,20.4,20.0,31.9,27.3,25.0,31.7,21.4,20.5,24.8,32.6,31.5
E14000975,41.2,50.3,27.0,,,,,,47.5,47.3,100.0,,49.9
E14000976,50.3,46.6,45.1,43.9,54.3,61.7,70.7,48.2,38.4,21.3,25.5,39.4,42.7
E14000977,30.5,31.5,31.1,34.1,37.0,24.4,25.0,,,,,,39.3
E14000978,44.1,54.4,51.8,48.4,,33.8,46.5,47.7,63.8,64.7,,,
E14000979,52.3,44.6,49.0,60.3,36.5,50.4,39.1,40.2,36.6,34.0,41.8,43.7,43.6
E14000980,37.4,32.3,21.5,21.3,16.2,15.1,28.3,26.5,,,25.0,24.5,34.8
E14000981,35.2,37.5,38.3,31.1,24.6,33.3,32.2,40.2,44.9,,36.5,,44.3
E14000982,54.9,48.9,44.1,56.9,70.6,71.2,64.5,35.2,28.4,25.8,,,21.5
E14000983,,38.3,32.5,40.1,41.6,34.9,31.2,,,,,39.8,42.1
E14000984,31.4,30.4,30.5,34.1,51.7,53.7,49.0,68.9,68.8,64.0,53.8,44.5,48.9
E14000985,58.1,48.4,50.0,30.1,21.0,27.7,,,,49.3,48.7,36.0,31.4
E14000986,39.2,42.4,41.7,,34.0,,52.5,38.7,30.1,35.7,34.9,31.6,47.4
E14000987,52.1,62.4,55.2,43.9,53.4,49.8,57.0,71.5,64.5,60.1,53.2,33.0,21.7
E14000988,13.0,16.6,26.6,41.3,40.7,47.6,50.7,47.3,63.2,53.9,42.1,43.1,37.5
E14000989,21.9,19.7,26.9,36.7,46.8,43.3,38.8,34.3,42.7,41.0,44.4,44.2,44.9
E14000990,41.1,44.3,35.5,30.9,30.7,23.6,,30.0,40.5,45.7,67.9,31.3,30.3
E14000991,39.2,48.9,57.6,52.3,46.1,45.9,51.1,49.7,29.2,,,,
E14000992,36.9,43.0,30.0,19.4,,20.0,14.5,,,,53.9,56.1,56.9
E14000993,40.0,29.5,29.1,27.9,29.7,26.8,32.8,40.2,28.3,29.7,24.9,,16.7
E14000994,39.3,37.1,36.7,31.3,44.1,40.3,33.7,43.3,,,30.5,32.8,27.2
E14000995,39.2,27.8,26.2,21.9,19.3,27.9,27.5,36.4,33.3,39.3,38.4,35.8,41.4
E14000996,23.3,20.4,19.7,,16.9,20.9,44.8,60.6,67.0,58.3,42.6,41.7,19.0
E14000997,77.3,81.2,63.3,54.2,53.8,41.4,33.8,,16.9,22.7,27.6,35.4,36.1
E14000998,29.0,28.6,16.2,13.6,19.8,19.1,,,,38.4,,,
E14000999,27.5,30.1,27.1,27.0,24.9,24.1,23.4,27.3,28.5,28.7,36.3,25.0,22.4
E14001000,37.9,47.6,30.7,34.3,,,38.6,40.3,38.7,50.8,45.0,44.1,59.9
E14001001,42.0,46.0,43.0,47.7,49.9,45.1,44.4,39.4,54.8,38.9,38.1,17.3,
E14001002,61.4,47.6,56.1,58.6,36.9,61.1,62.8,37.5,52.1,59.0,58.9,66.5,65.9
E14001003,37.3,26.3,29.8,26.5,29.7,31.0,35.6,37.0,48.9,44.5,41.4,49.4,59.2
E14001004,62.5,45.6,34.3,39.7,29.4,24.7,35.3,19.2,49.6,63.5,65.0,69.1,48.8
E14001005,48.0,60.2,52.0,62.6,64.6,56.0,59.4,62.9,51.7,51.7,59.7,60.5,59.4
E14001006,37.3,41.2,37.9,34.4,33.3,34.6,43.8,49.4,40.5,44.0,33.9,32.3,26.1
E14001007,60.7,52.5,38.5,35.5,23.9,41.3,,34.7,30.8,,42.5,30.3,24.6
E14001008,18.4,43.3,,77.4,54.2,52.2,66.4,59.4,87.5,84.6,,,
E14001009,57.0,68.1,51.0,54.2,50.8,45.0,47.3,53.5,52.1,33.0,41.9,,
E14001010,64.0,63.0,71.7,59.7,,,,,,100.0,52.0,66.7,51.9
E14001011,76.5,78.6,65.2,39.1,50.3,45.3,53.7,49.4,34.0,32.6,22.8,20.4,35.5
E14001012,50.2,48.4,44.5,29.0,20.6,28.4,28.8,21.8,42.5,61.4,59.9,60.4,59.8
E14001013,73.7,59.5,60.1,48.6,52.4,58.1,73.3,80.2,52.6,56.4,32.2,35.5,54.0
E14001014,31.3,23.3,16.4,12.7,17.2,23.9,50.8,70.4,50.3,52.6,32.8,23.8,28.7
E14001015,54.0,46.3,35.8,24.8,15.2,,33.1,42.2,41.3,34.0,,29.7,29.6
E14001016,44.3,52.3,79.7,80.4,53.3,49.4,25.8,25.7,41.8,26.0,25.6,25.3,25.5
E14001017,33.1,32.1,39.5,39.7,39.8,40.9,29.4,27.0,,50.1,46.9,57.5,64.4
E14001018,47.9,49.4,41.9,47.2,53.3,47.0,42.8,36.3,31.5,21.3,23.2,25.1,29.5
E14001019,37.7,38.5,39.8,30.2,18.8,28.5,41.1,49.1,43.6,50.7,26.0,,
E14001020,26.0,25.4,35.8,31.6,38.9,37.5,20.9,23.1,21.4,10.6,14.5,36.8,39.7
E14001021,44.5,53.3,59.7,70.5,68.1,46.3,56.1,27.2,40.2,36.7,33.3,49.1,36.2
E14001022,31.2,38.6,51.9,54.4,48.3,43.1,44.6,,49.5,58.8,62.4,52.9,26.2
E14001023,19.8,23.5,24.9,30.1,41.6,49.1,42.0,46.1,40.1,,,46.3,62.8
E14001024,13.1,13.3,18.8,13.8,15.7,25.2,,20.0,39.4,50.5,53.6,80.4,85.2
E14001025,34.5,40.4,52.3,62.4,61.0,29.1,32.3,30.3,18.9,31.9,,32.5,46.2
E14001026,13.4,22.4,23.9,25.5,,24.9,33.3,35.9,39.9,39.4,38.0,34.7,100.0
E14001027,,35.4,27.2,28.3,30.5,33.0,41.0,42.4,44.2,,,24.6,29.1
E14001028,24.1,25.5,32.8,35.5,35.8,38.6,40.4,47.3,49.7,47.0,48.9,50.9,48.6
E14001029,31.3,24.5,18.5,23.9,24.4,,,,36.2,47.1,49.6,49.3,39.9
E14001030,66.8,54.9,48.0,42.7,35.3,29.9,29.0,,17.2,41.2,40.9,51.5,57.5
E14001031,35.6,42.6,62.9,47.5,55.8,41.9,48.1,41.4,39.1,31.8,,28.1,42.9
E14001032,29.2,35.7,25.0,30.5,44.6,38.2,45.4,46.8,50.5,59.0,65.2,60.7,69.4
E14001033,31.0,42.6,44.0,50.5,40.3,40.2,36.9,37.5,,,,,
E14001034,27.0,22.4,17.6,14.3,,,26.0,32.1,,24.9,,25.0,29.6
E14001035,28.5,24.4,25.7,38.8,65.9,,,,,29.0,35.7,42.9,58.0
E14001036,72.6,70.3,68.3,67.7,71.6,65.9,79.0,100.0,100.0,54.0,39.4,36.2,33.8
E14001037,24.0,18.0,28.4,27.9,33.8,39.8,58.4,40.0,34.7,37.0,31.3,27.4,22.0
E14001038,18.6,11.6,19.2,16.0,23.9,20.0,14.8,16.2,34.7,48.1,52.4,50.4,39.8
E14001039,42.7,43.6,58.6,34.6,34.5,19.3,20.9,42.1,42.9,61.5,,,24.8
E14001040,39.5,50.2,60.5,60.7,57.9,62.4,54.0,59.2,59.3,54.9,67.9,67.0,76.0
E14001041,49.4,49.1,65.5,55.6,50.7,51.0,49.0,49.1,44.7,47.9,26.5,31.0,
E14001042,34.2,35.5,39.5,39.6,32.0,35.3,31.6,41.2,41.1,48.8,46.6,52.9,58.5
E14001043,35.6,33.8,38.5,39.5,42.0,,,,,,38.8,29.1,44.5
E14001044,48.3,36.1,32.9,28.1,,,,,32.1,30.3,26.7,33.7,41.3
E14001045,21.1,39.0,47.1,50.6,56.7,47.4,,,100.0,100.0,100.0,76.5,71.8
E14001046,37.2,18.0,18.7,18.9,25.6,37.7,38.0,48.6,,,,41.3,32.8
E14001047,57.2,28.3,18.1,14.7,17.4,35.5,35.5,33.6,27.5,,34.5,56.3,54.6
E14001048,61.6,51.3,47.5,46.8,38.0,45.4,48.2,49.2,56.4,54.1,42.4,38.9,37.7
E14001049,44.5,49.7,48.4,55.7,47.7,38.9,,,,82.3,77.9,65.6,60.9
E14001050,53.2,58.9,51.4,46.5,59.0,46.8,48.2,55.1,33.7,49.1,61.0,50.7,79.0
E14001051,38.1,,,75.8,84.6,93.5,76.7,74.1,59.0,53.7,66.0,,
E14001052,39.5,36.4,27.2,39.3,51.0,39.4,38.4,,,,21.6,31.4,45.7
E14001053,39.8,30.5,38.3,38.2,37.3,31.5,35.1,31.6,19.4,,,,
E14001054,41.6,44.4,48.3,53.2,44.6,52.0,38.1,39.0,46.0,37.3,55.4,69.8,61.8
E14001055,38.5,36.8,34.8,44.5,38.4,,56.1,57.6,,,,,
E14001056,48.7,43.5,46.1,51.6,42.1,49.0,62.2,71.5,52.2,40.3,38.4,28.2,29.6
E14001057,46.6,57.1,57.4,68.2,63.5,,,72.8,57.6,37.4,,,
E14001058,42.9,69.0,70.9,48.0,48.6,36.5,,24.6,25.5,24.2,37.3,,
E14001059,36.1,36.8,25.7,29.8,29.1,31.9,19.2,,,28.3,40.6,54.0,54.9
E14001060,56.8,56.5,56.9,50.2,45.6,33.9,22.6,23.0,42.1,45.3,72.1,72.2,66.7
E14001061,50.7,35.7,33.5,29.7,29.8,42.7,44.6,42.6,43.6,37.6,39.8,42.3,36.0
E14001062,39.5,42.5,47.0,55.1,41.8,33.8,35.5,28.5,36.1,42.9,42.2,49.8,35.7
E14001063,32.0,43.3,49.8,30.7,26.6,13.6,,,,,,,32.7
E14001064,28.6,23.0,24.3,18.7,24.4,34.3,12.9,16.6,,,,,
E14001065,45.0,53.9,51.3,40.9,47.7,50.6,60.2,64.2,66.2,65.0,67.5,71.0,76.2
E14001066,37.8,22.4,28.3,32.7,36.5,44.6,64.9,30.6,34.0,29.3,24.9,22.6,23.0
E14001067,38.1,54.3,39.4,48.7,44.3,,49.2,44.5,68.2,70.5,79.5,81.4,
E14001068,,,,,24.8,35.3,36.2,48.3,44.7,35.8,32.7,36.2,35.5
E14001069,38.9,45.0,43.7,47.0,42.6,26.1,55.8,56.6,65.1,80.8,54.5,61.7,43.6
E14001070,27.7,21.2,20.8,34.4,37.0,41.6,37.2,32.1,31.3,19.3,36.7,45.8,41.5
E14001071,38.4,27.6,23.4,25.8,14.6,19.4,30.6,35.2,45.5,42.1,46.0,53.4,46.0
E14001072,53.9,47.8,59.8,49.5,54.7,78.4,61.6,60.2,,19.4,16.0,32.1,56.0
E14001073,57.7,74.8,69.5,56.5,55.2,65.3,68.0,54.2,41.8,44.0,42.6,50.3,64.4
E14001074,50.1,53.2,46.7,41.8,43.0,43.8,43.9,28.0,23.6,34.2,18.6,36.7,35.7
E14001075,21.2,21.6,28.3,32.8,29.6,33.8,29.2,25.0,37.3,39.7,43.9,51.3,39.6
E14001076,41.1,39.6,39.4,26.6,32.3,34.5,37.3,55.0,32.1,38.0,36.2,21.1,24.5
E14001077,22.3,19.2,16.5,,19.0,32.0,32.8,44.3,51.1,50.8,58.1,48.4,26.1
E14001078,24.5,28.6,25.0,55.0,79.4,41.5,35.5,36.9,27.9,35.8,43.8,19.6,22.3
E14001079,66.2,49.4,52.2,38.8,,,,,,,15.9,36.1,35.1
E14001080,43.8,46.8,56.3,64.2,58.5,63.1,69.8,39.7,45.3,60.0,47.2,47.0,43.6
E14001081,38.5,,,,,,,,,,,,
E14001082,28.8,36.2,39.4,49.0,43.2,35.3,53.6,45.1,38.8,50.5,36.2,38.3,37.5
E14001083,24.1,22.3,31.1,38.3,32.8,65.5,46.3,68.2,57.3,63.0,76.3,75.3,86.5
E14001084,74.5,73.8,60.1,41.5,51.7,32.0,35.5,58.7,,45.9,19.1,16.1,24.7
E14001085,65.3,79.0,68.1,75.4,72.2,62.3,46.7,47.9,61.9,,,,
E14001086,45.6,61.3,58.0,54.4,56.0,52.3,46.5,50.9,47.6,38.2,51.2,63.3,100.0
E14001087,33.7,36.3,27.8,35.5,37.6,41.1,35.1,28.4,31.4,18.3,29.7,30.3,34.7
E14001088,33.7,32.6,45.0,50.5,42.0,,29.9,46.5,53.2,66.5,52.2,58.0,56.0
E14001089,40.9,42.0,44.4,47.1,44.2,50.4,84.6,75.4,56.2,63.0,60.4,47.7,47.0
E14001090,42.9,38.7,25.1,21.2,36.4,31.5,51.6,61.4,,49.7,26.6,20.1,15.0
E14001091,27.8,39.2,50.4,71.8,81.8,75.3,100.0,100.0,55.5,39.8,48.1,35.2,45.6
E14001092,66.3,73.0,69.6,51.5,62.2,56.9,43.6,35.8,25.5,25.7,51.1,51.5,56.9
E14001093,42.1,43.0,36.8,38.8,39.9,50.6,53.9,46.9,52.3,50.9,54.4,72.7,68.4
E14001094,53.0,45.4,48.4,73.9,60.9,50.5,44.8,,44.3,65.2,39.1,52.3,48.7
E14001095,61.7,54.1,67.7,54.9,47.7,52.1,46.6,57.3,66.6,86.7,55.1,47.6,42.4
E14001096,34.5,39.8,32.1,28.4,19.7,36.0,51.6,57.3,86.1,59.6,35.3,49.9,56.5
E14001097,31.7,22.8,16.4,22.2,22.9,41.2,56.9,62.5,61.4,51.4,34.2,29.3,19.3
E14001098,80.6,79.4,66.4,47.4,47.9,42.1,25.7,27.7,27.0,29.1,46.6,52.1,57.8
E14001099,49.3,46.7,63.0,60.8,62.0,61.8,46.5,49.0,51.0,58.3,32.3,44.5,45.1
E14001100,57.7,63.8,53.6,55.6,57.5,55.8,52.3,50.2,64.4,59.0,57.5,58.1,39.6
E14001101,44.9,55.0,59.1,34.5,46.2,46.7,39.1,41.6,23.2,,,21.5,19.0
E14001102,48.3,46.5,51.5,55.7,61.6,64.2,61.6,68.6,56.0,47.8,49.4,45.4,50.2
E14001103,45.9,57.5,44.9,54.2,52.7,41.0,40.0,28.4,,,31.4,37.9,52.8
E14001104,29.8,30.4,45.2,29.5,40.0,39.2,37.1,46.7,19.5,,,,
E14001105,36.9,34.3,32.0,29.3,17.4,19.9,27.5,38.9,51.8,52.4,48.4,47.0,47.7
E14001106,31.0,34.1,33.0,31.9,30.9,42.7,56.8,50.2,49.8,56.3,,,
E14001107,22.8,18.8,11.4,13.4,16.9,22.0,46.4,60.7,47.5,58.0,34.3,22.5,32.0
E14001108,49.1,27.2,19.6,22.1,,,,,,,23.0,17.9,21.5
E14001109,41.7,46.6,80.4,,,,,,,,,,
E14001110,53.6,54.5,55.0,44.1,52.0,56.3,62.1,73.7,77.2,53.5,38.8,,38.4
E14001111,51.6,49.1,42.0,46.2,50.0,65.6,58.4,60.2,66.1,55.9,60.9,53.7,57.1
E14001112,62.9,52.4,43.8,36.6,30.8,35.9,31.7,,,29.1,,29.8,28.7
E14001113,46.0,36.7,45.3,36.0,41.4,45.0,35.8,41.0,39.8,31.4,42.9,29.1,38.8
E14001114,55.3,69.4,62.6,54.1,43.5,39.4,25.4,32.3,59.8,60.1,67.3,54.8,65.5
E14001115,48.4,58.2,51.5,52.3,42.5,38.6,40.8,39.8,46.8,44.8,50.9,52.0,47.6
E14001116,16.1,23.0,29.9,38.6,29.6,25.6,23.3,31.4,41.1,56.2,61.7,59.2,62.1
E14001117,45.1,47.7,46.6,47.2,46.1,45.5,38.1,35.1,28.4,36.7,34.8,36.2,44.3
E14001118,39.6,35.5,24.1,25.5,32.5,30.1,45.1,33.9,42.9,47.4,48.6,73.6,42.4
E14001119,24.7,45.1,54.4,46.2,45.3,23.0,31.7,47.8,43.5,75.7,70.1,53.4,44.5
E14001120,54.4,59.1,56.3,46.7,,,56.2,19.5,21.9,30.9,36.3,56.1,57.8
E14001121,28.9,24.3,21.6,24.2,29.2,16.8,,,,,,,
E14001122,30.3,27.4,,51.0,85.9,88.9,100.0,100.0,100.0,84.5,41.0,45.2,39.1
E14001123,61.9,52.8,59.3,57.3,63.8,76.1,68.8,,,,,,55.2
E14001124,35.7,41.1,53.8,50.8,59.8,63.2,41.9,39.6,,43.1,40.2,57.2,40.9
E14001125,29.5,29.3,29.4,18.4,,32.1,53.7,52.3,42.2,,,,56.6
E14001126,60.3,46.0,25.7,19.7,18.7,23.3,20.8,25.0,17.7,,,,
E14001127,23.8,22.9,30.6,35.2,54.3,69.6,35.8,28.4,,,,19.1,17.4
E14001128,33.8,33.0,31.2,27.6,39.0,29.2,30.2,31.3,23.6,22.5,22.3,27.9,34.1
E14001129,57.6,45.9,52.2,51.4,58.4,58.3,62.8,62.2,64.3,44.1,43.7,29.4,37.0
E14001130,46.2,51.6,35.0,39.2,44.9,35.2,32.1,34.7,31.4,36.5,45.1,48.0,53.9
E14001131,35.8,32.7,33.1,37.1,50.5,48.4,51.8,66.8,75.5,67.0,71.3,40.3,27.1
E14001132,31.0,,9.6,10.9,12.0,17.0,34.8,33.9,38.4,34.6,32.9,45.2,58.6
E14001133,47.5,45.5,43.2,23.4,39.4,41.2,39.3,54.8,40.2,34.7,38.7,45.7,46.3
E14001134,48.2,44.5,35.8,31.8,43.1,46.1,36.3,41.9,45.7,34.6,33.3,26.1,24.9
E14001135,22.2,24.5,20.2,22.7,25.7,21.9,26.8,36.5,38.1,30.2,20.8,18.7,17.0
E14001136,,22.0,28.2,25.1,20.3,,,,,44.2,53.9,36.1,34.6
E14001137,23.8,32.3,21.2,16.7,27.0,46.5,35.7,30.0,40.0,34.9,47.5,53.9,39.7
E14001138,32.8,37.6,47.2,37.6,24.3,20.8,41.7,35.2,35.9,27.8,20.9,31.0,35.0
E14001139,29.4,46.4,60.7,62.4,40.0,48.7,39.9,45.8,47.2,,,,57.5
E14001140,19.1,27.7,32.4,41.2,61.9,70.7,75.7,82.8,,37.3,27.6,20.8,26.7
E14001141,35.4,49.7,32.0,26.0,27.7,20.8,23.1,31.7,27.2,28.9,36.3,29.1,30.3
E14001142,42.1,51.9,56.5,55.9,70.0,60.9,39.0,,,,47.6,43.6,34.4
E14001143,,25.9,,,,,,,,,,,
E14001144,37.6,35.1,30.0,34.9,29.4,17.8,34.4,36.0,46.6,37.0,37.3,37.8,26.9
E14001145,50.3,51.3,45.4,42.5,33.0,26.9,32.8,43.3,46.7,68.8,69.1,66.3,72.7
E14001146,37.9,41.4,49.7,37.2,48.7,40.0,49.0,46.5,44.1,64.0,72.9,56.9,42.3
E14001147,59.9,55.7,50.5,49.6,48.8,54.6,49.4,35.8,20.7,33.2,28.4,29.8,50.0
E14001148,32.8,19.7,13.6,19.8,23.5,48.2,36.3,27.5,25.7,20.3,42.7,58.1,52.7
E14001149,55.3,66.0,30.7,27.5,24.5,12.6,28.0,,,,71.8,89.4,91.6
E14001150,25.7,28.7,19.3,22.6,,26.8,36.9,38.9,43.7,,76.6,45.3,50.6
E14001151,50.1,58.5,71.0,77.3,85.2,83.4,89.7,79.8,50.8,37.9,46.1,49.7,65.8
E14001152,19.3,27.4,26.5,,,,,,15.9,24.6,32.3,25.2,26.5
E14001153,33.6,41.8,50.2,34.2,35.7,31.6,23.6,39.5,47.8,53.4,63.0,64.7,63.5
E14001154,22.2,,15.4,,,,,,,,,,
E14001155,31.0,42.8,50.7,36.3,42.5,32.5,21.8,42.5,37.4,44.0,39.3,28.7,
E14001156,45.2,40.5,57.1,55.8,55.0,53.8,35.0,39.7,35.3,31.1,61.5,45.4,54.2
E14001157,,,31.9,40.3,39.6,45.1,51.4,34.8,34.2,21.9,20.5,50.3,53.5
E14001158,45.0,47.3,35.9,37.5,25.0,29.4,34.7,40.9,54.1,,55.7,54.5,48.0
E14001159,35.4,39.1,47.0,24.8,26.0,,,,,,,100.0,100.0
E14001160,48.4,55.6,43.4,51.2,75.9,70.5,81.9,77.7,64.8,53.1,44.3,40.0,52.6
E14001161,45.1,31.1,17.7,26.0,26.8,27.2,46.6,21.9,10.6,16.4,16.6,100.0,68.8
E14001162,48.9,38.3,33.0,40.3,38.3,43.7,51.6,,35.4,50.8,44.3,64.1,66.6
E14001163,21.3,22.5,23.9,40.8,63.4,61.0,57.6,,,,,,
E14001164,60.6,75.8,81.7,83.7,58.9,54.4,50.6,64.8,,,,,
E14001165,48.9,50.0,36.8,29.3,32.6,35.7,77.6,60.3,82.3,80.0,,47.1,38.2
E14001166,31.4,23.5,54.1,64.1,69.8,64.3,,,,,,,
E14001167,36.1,41.9,36.8,36.1,38.6,45.3,56.1,50.6,59.5,36.8,33.4,43.7,34.6
E14001168,35.6,25.4,28.6,53.8,30.5,38.5,40.0,42.5,36.5,49.9,51.7,48.1,53.0
E14001169,39.8,43.9,55.1,34.3,45.1,53.8,55.3,64.2,48.0,66.0,67.5,50.5,45.8
E14001170,23.9,26.5,26.4,25.9,41.7,51.1,52.0,73.9,66.1,51.3,36.5,29.4,28.5
E14001171,23.6,13.3,,,,,32.4,42.1,62.9,60.9,81.6,81.0,79.4
E14001172,41.4,43.6,56.1,54.7,46.7,38.3,30.9,38.9,39.2,37.0,45.4,30.7,25.6
E14001173,54.4,54.6,47.5,30.4,37.0,45.0,51.4,62.4,,51.9,53.4,59.4,77.0
E14001174,41.6,,38.7,41.0,,,,,,,,,
E14001175,,,,,,,,29.0,60.1,67.3,68.3,58.0,47.2
E14001176,61.0,64.9,60.5,48.9,32.3,30.4,48.6,48.5,68.1,56.3,40.9,50.0,46.9
E14001177,36.1,29.3,36.4,47.4,29.0,36.7,32.7,27.1,31.9,30.8,40.7,35.2,41.8
E14001178,43.1,29.3,41.5,21.4,25.7,22.5,18.2,23.6,,41.3,46.3,48.8,64.4
E14001179,47.5,54.8,38.2,31.7,47.9,34.6,46.5,51.2,,,,,44.2
E14001180,46.2,50.0,43.4,41.5,43.3,46.6,50.3,64.8,63.5,47.7,54.9,49.6,45.0
E14001181,48.4,45.2,42.4,31.1,27.1,30.4,30.6,24.1,28.9,23.1,27.9,33.5,39.5
E14001182,53.4,51.7,48.1,52.2,42.5,44.8,37.7,37.7,43.5,50.6,52.9,52.2,46.6
E14001183,16.0,9.3,9.4,16.6,25.2,24.3,35.5,34.3,23.7,30.2,35.8,40.4,49.5
E14001184,,,32.7,35.1,41.5,53.7,57.7,61.8,57.8,52.3,43.2,39.1,38.3
E14001185,67.1,37.7,32.6,34.5,35.5,34.1,54.9,46.3,,,,,24.3
E14001186,37.2,53.9,42.2,45.0,47.1,24.9,45.0,43.5,37.9,29.1,26.5,17.0,22.6
E14001187,32.0,21.4,18.9,38.7,29.6,44.8,36.5,24.4,22.7,,,33.0,40.4
E14001188,58.1,56.3,51.0,64.2,57.1,57.5,61.5,71.4,73.1,,62.2,45.4,58.0
E14001189,59.7,63.7,48.8,50.6,41.1,29.6,39.0,31.2,44.6,49.4,41.6,48.4,34.2
E14001190,24.9,25.1,27.9,30.0,33.9,27.9,20.7,20.9,31.1,31.3,37.3,43.9,32.1
E14001191,43.9,26.2,19.9,38.9,34.3,22.6,31.0,,42.0,66.0,59.9,63.9,63.4
E14001192,34.4,27.0,34.0,38.9,34.5,37.8,37.7,39.3,57.3,60.5,41.5,51.0,31.7
E14001193,37.0,38.2,32.8,36.6,45.4,34.2,28.6,39.7,36.6,49.9,48.4,34.7,55.9
E14001194,35.9,42.8,54.1,58.8,54.6,70.5,57.4,44.5,35.1,26.5,27.9,27.8,35.8
E14001195,51.6,55.8,53.8,57.3,56.3,55.2,53.4,44.8,43.2,35.8,36.1,39.7,45.2
E14001196,42.5,62.4,58.7,61.7,46.9,34.8,,52.3,61.9,70.8,68.6,52.6,40.5
E14001197,49.7,37.0,25.3,13.4,,,,,,,,39.0,39.4
E14001198,23.1,27.7,34.2,41.1,60.8,61.2,68.5,68.7,71.1,60.0,56.7,60.8,53.7
E14001199,51.0,41.0,41.6,31.1,22.5,22.3,22.4,36.7,36.3,34.5,23.4,27.1,31.2
E14001200,45.7,52.3,57.3,66.8,68.3,62.3,58.1,52.9,35.8,31.0,13.5,22.2,27.4
E14001201,46.0,46.8,61.0,79.5,83.2,100.0,100.0,68.8,73.2,59.8,52.0,,24.1
E14001202,31.7,42.1,66.9,51.8,52.0,35.2,34.9,,,,,,23.2
E14001203,40.0,54.5,60.1,42.7,37.9,35.6,,58.9,60.1,54.0,68.8,68.1,69.6
E14001204,53.2,82.4,39.0,23.8,25.9,23.7,45.4,24.4,,30.3,24.0,36.6,38.6
E14001205,54.5,60.5,47.2,39.5,28.8,,,,,,,48.8,64.0
E14001206,35.2,37.6,,,,,32.1,27.3,21.2,32.4,27.6,42.1,38.0
E14001207,62.8,52.6,32.5,28.4,,,,,,,,,30.9
E14001208,,77.9,53.3,46.2,,,,,,,,,57.3
E14001209,33.5,74.2,67.5,52.5,,,,,,,,,
E14001210,77.8,67.7,61.1,50.0,45.0,42.5,35.1,40.7,44.7,42.5,41.9,34.6,44.1
E14001211,41.3,35.6,40.0,48.0,42.0,45.9,43.4,47.4,,,,,33.9
E14001212,33.3,39.1,41.2,38.3,,47.1,47.1,40.2,33.6,22.7,,,36.1
E14001213,81.3,66.8,51.9,54.5,58.4,46.5,54.1,59.8,46.8,61.8,36.2,46.3,43.7
E14001214,19.5,21.0,30.0,39.6,56.1,54.6,48.2,41.1,30.6,21.3,25.9,31.5,31.8
E14001215,22.8,32.0,49.4,42.8,57.0,64.7,63.9,66.8,38.1,28.4,34.8,38.4,55.2
E14001216,50.9,37.4,57.3,56.0,56.3,58.0,,,,,56.9,45.4,60.8
E14001217,42.3,48.1,49.6,44.9,51.4,53.2,66.7,63.4,61.6,50.5,19.9,26.4,28.8
E14001218,15.1,16.9,,,,,,,,,,,22.3
E14001219,27.2,27.1,35.7,,,,,,,,,,17.9
E14001220,19.5,17.1,22.0,32.3,28.2,27.4,34.0,,41.2,46.1,41.1,39.7,36.3
E14001221,47.2,41.7,54.2,56.4,43.7,62.5,68.9,70.6,67.1,52.1,54.1,44.6,36.7
E14001222,45.8,45.2,42.1,32.5,32.1,,,,,,20.2,,26.5
E14001223,31.6,34.6,26.2,24.8,30.9,32.1,41.6,76.8,69.4,89.4,69.5,55.8,55.9
E14001224,36.5,26.6,40.1,42.2,34.5,45.3,36.3,27.4,29.7,32.1,43.0,48.4,42.6
E14001225,41.2,,38.6,44.2,56.9,60.6,,100.0,56.5,51.2,43.2,25.7,37.6
E14001226,43.9,33.1,40.9,30.8,47.7,50.9,60.3,50.3,42.6,25.5,32.6,53.2,40.7
E14001227,37.1,42.2,42.1,35.7,53.8,43.6,25.9,36.2,,,37.8,37.1,45.8
E14001228,40.5,46.6,39.1,31.9,41.6,34.0,28.3,28.0,31.3,,,,
E14001229,36.5,45.8,36.2,47.1,48.5,55.0,65.9,52.3,55.2,44.4,28.2,37.4,52.3
E14001230,43.9,49.5,47.6,48.8,77.6,84.5,80.0,,,,,,35.6
E14001231,41.3,59.4,69.9,76.9,80.4,80.4,63.7,50.5,39.2,28.9,47.8,58.1,37.2
E14001232,36.4,27.4,37.3,37.7,37.5,46.3,35.1,28.9,23.5,29.4,42.9,35.2,47.9
E14001233,25.8,25.8,15.9,,,,27.9,,44.6,43.5,,,
E14001234,46.2,58.4,44.2,59.3,38.0,32.1,34.2,,40.5,45.1,,52.7,44.7
E14001235,,29.6,,24.1,19.5,,40.4,77.6,69.5,73.2,,31.9,26.9
E14001236,46.0,31.0,27.7,,,,,,,68.1,64.1,74.3,65.5
E14001237,41.6,37.1,32.9,23.7,26.4,32.0,37.4,22.5,10.1,12.8,14.8,25.0,27.7
E14001238,60.5,57.9,61.9,76.9,76.6,83.0,100.0,100.0,100.0,,,63.1,42.0
E14001239,,,,,,15.4,36.0,44.0,35.2,49.6,46.6,46.0,56.9
E14001240,27.3,40.5,49.5,54.5,78.1,65.0,,,,,36.5,,
E14001241,22.1,24.1,19.5,20.5,35.8,51.0,51.2,54.2,62.8,63.4,44.7,42.4,33.4
E14001242,44.7,61.3,69.9,61.9,43.7,34.9,,,80.8,71.0,52.7,44.1,
E14001243,50.5,49.5,42.8,52.1,,,,,,,31.4,49.7,45.8
E14001244,34.0,33.2,33.0,45.8,40.9,48.4,37.1,38.3,39.9,38.6,35.2,34.2,30.2
E14001245,41.8,41.8,47.4,48.2,47.4,44.0,59.2,56.3,50.6,44.7,28.6,41.8,52.5
E14001246,38.4,38.4,35.3,27.7,21.8,19.9,36.1,31.3,43.9,42.6,32.0,43.3,31.2
E14001247,19.8,19.3,,,,,,16.7,19.6,31.9,30.1,35.5,47.9
E14001248,20.7,27.7,28.7,31.3,30.0,30.3,33.4,24.6,,,,,12.5
E14001249,40.5,,,,,,,,,,,,60.3
E14001250,51.8,37.8,31.4,57.5,44.4,53.9,46.6,26.9,23.6,24.1,23.3,20.0,17.4
E14001251,42.3,44.7,49.7,42.3,40.1,32.0,43.9,,83.3,71.7,66.4,62.0,51.4
E14001252,91.7,64.6,71.9,77.9,68.8,46.6,30.0,,,,19.0,22.1,29.7
E14001253,39.7,,43.0,35.0,31.6,43.4,,,,,43.3,,45.1
E14001254,,,,53.3,33.7,,,,,,,17.9,36.7
E14001255,52.1,51.9,47.5,44.3,45.7,47.0,44.2,50.1,41.0,50.1,47.2,37.0,39.2
E14001256,58.3,55.7,48.7,,,,12.4,20.8,31.0,34.2,,,
E14001257,21.3,,44.8,39.3,32.7,25.9,,,,,33.9,32.9,58.9
E14001258,49.5,49.8,39.7,30.0,40.4,30.3,44.1,44.8,40.5,36.8,,,
E14001259,100.0,81.7,84.2,83.6,58.9,72.7,61.8,,,,,51.9,57.5
E14001260,,39.5,42.1,30.0,54.5,,,,,,41.0,36.4,47.6
E14001261,,,,,,,,37.1,27.3,25.6,33.7,29.0,32.8
E14001262,45.2,54.3,51.3,52.9,51.0,46.8,49.1,46.3,42.2,46.4,54.4,53.8,48.2
E14001263,56.6,55.4,50.5,40.7,24.3,,,,,,,46.7,42.4
E14001264,65.4,77.9,69.2,74.8,80.3,70.5,79.9,73.5,93.8,65.0,24.5,30.7,30.2
E14001265,62.7,61.1,74.6,64.5,52.5,70.4,65.7,58.3,57.3,49.7,38.6,26.5,29.5
E14001266,53.4,46.4,45.2,30.8,29.0,36.0,45.4,42.8,27.5,37.3,26.1,33.7,52.2
E14001267,44.7,45.1,71.1,81.2,50.8,37.6,,,43.9,53.1,56.5,51.0,
E14001268,32.1,31.6,53.2,54.2,54.6,63.5,55.8,54.1,31.1,28.0,31.1,,
E14001269,48.5,46.4,25.8,42.0,25.3,25.3,26.9,45.8,38.0,40.3,44.2,40.8,52.5
E14001270,64.3,36.6,33.1,25.2,29.9,59.0,60.8,77.7,76.3,,,43.3,40.6
E14001271,47.1,28.4,34.8,35.8,35.6,44.6,,,,,,39.8,54.8
E14001272,37.1,36.7,39.9,42.7,39.7,36.8,38.9,43.4,54.4,50.3,49.2,40.8,42.4
E14001273,49.4,31.6,39.9,58.3,60.8,51.1,50.4,53.2,58.8,67.7,70.3,48.3,40.8
E14001274,55.0,44.0,,,,,,,,,,22.6,42.9
E14001275,39.4,37.0,42.6,,49.6,45.0,39.2,45.8,60.6,50.1,39.1,28.4,32.1
E14001276,40.1,37.7,35.3,52.6,60.3,52.4,61.2,55.7,60.4,78.3,81.3,65.7,74.0
E14001277,37.6,24.1,29.8,31.7,31.8,34.5,27.0,,30.4,25.5,26.1,40.6,40.6
E14001278,57.4,46.9,53.2,56.4,58.6,65.4,53.1,73.6,73.0,72.0,88.3,,
E14001279,29.4,36.6,23.7,22.6,26.4,32.3,36.0,68.5,64.9,61.3,61.9,55.7,63.5
E14001280,29.7,35.4,43.4,47.0,45.6,45.0,31.5,,,,46.5,59.9,68.9
E14001281,41.3,37.2,31.3,31.6,34.6,39.1,37.9,54.1,37.6,26.3,24.1,21.7,23.8
E14001282,43.9,48.3,49.8,30.4,31.1,26.9,33.7,,71.8,,37.6,29.4,29.3
E14001283,29.1,,,,18.2,18.6,18.0,20.9,23.7,29.7,34.7,44.0,53.7
E14001284,54.0,68.4,60.9,64.0,57.4,43.2,55.5,37.7,,,,,49.4
E14001285,55.9,50.1,42.4,30.6,19.0,26.0,41.1,47.5,56.3,54.6,59.8,42.8,33.2
E14001286,23.1,29.9,25.7,33.8,32.5,39.7,32.7,24.9,49.0,46.5,39.0,43.6,34.8
E14001287,29.3,23.1,36.8,50.1,54.1,60.6,42.2,50.3,62.1,48.3,61.0,60.3,57.6
E14001288,15.0,15.7,21.2,,35.0,28.2,35.4,32.6,23.4,27.0,28.8,33.1,46.2
E14001289,14.6,,22.0,19.8,21.4,27.1,,,32.1,42.7,45.5,47.7,44.9
E14001290,62.8,40.8,52.9,63.8,59.4,65.5,69.1,50.6,61.0,53.0,56.7,60.8,57.0
E14001291,35.3,27.2,18.7,20.3,25.3,22.6,34.5,32.2,42.8,40.2,42.1,36.2,
E14001292,,,,20.7,27.9,31.5,33.4,26.4,33.3,37.4,34.7,36.8,49.9
E14001293,44.0,30.2,52.5,40.1,27.1,37.4,28.5,41.2,65.6,84.4,79.2,64.3,37.6
E14001294,66.6,67.1,55.4,37.0,31.1,,37.3,50.9,44.4,82.5,77.8,48.6,40.2
E14001295,55.3,51.2,41.7,29.4,23.4,45.1,41.9,44.3,47.6,33.0,31.3,29.3,27.2
E14001296,39.3,33.7,50.1,86.4,75.3,80.3,65.7,43.5,58.6,34.4,28.2,45.1,41.7
E14001297,38.0,33.3,40.6,43.2,45.8,50.5,40.3,33.6,23.0,25.3,24.7,16.3,9.2
E14001298,44.3,43.9,35.4,35.6,23.7,22.5,25.2,24.0,,,,,
E14001299,,42.1,35.8,30.9,37.2,,,,,51.2,36.9,68.4,71.8
E14001300,42.5,38.2,54.3,44.3,31.3,42.9,41.9,44.3,57.4,40.5,57.0,53.4,51.9
E14001301,60.2,61.1,59.0,56.6,51.9,67.2,80.6,75.7,71.1,61.3,51.7,53.5,56.1
E14001302,,,,,,,32.3,31.3,,,,,
E14001303,39.4,41.2,41.8,40.9,46.2,30.6,33.6,33.1,35.4,56.6,54.8,57.4,59.5
E14001304,53.8,48.4,50.0,46.1,55.9,48.8,46.4,39.6,30.4,,18.7,,15.8
E14001305,58.5,59.6,40.4,62.3,41.2,46.2,69.8,70.7,86.4,80.4,53.7,34.0,
E14001306,50.3,37.6,51.3,45.9,49.5,50.8,50.7,49.7,47.1,52.4,58.7,71.2,56.7
E14001307,32.1,33.8,42.6,47.2,47.9,45.1,33.9,30.7,38.7,47.1,47.5,47.6,44.1
E14001308,59.4,63.8,70.3,77.0,72.5,80.9,57.9,45.3,38.1,27.8,34.8,33.5,43.6
E14001309,58.0,55.9,54.0,46.6,47.7,39.3,29.1,23.7,22.9,25.2,14.7,16.4,
E14001310,86.6,87.8,80.6,55.2,56.3,55.2,57.1,70.4,69.3,55.6,62.0,62.6,61.2
E14001311,12.4,20.2,24.4,30.0,26.4,27.2,21.8,38.7,55.2,44.5,47.9,31.1,39.4
E14001312,46.5,31.1,50.1,46.3,44.4,59.3,51.0,,59.1,29.3,35.2,38.5,34.7
E14001313,49.2,61.9,60.1,53.0,58.6,45.9,37.0,36.1,29.7,,15.4,19.8,19.7
E14001314,40.7,33.9,38.4,33.4,32.3,38.7,40.1,51.3,61.6,82.7,61.2,58.1,45.4
E14001315,22.2,23.5,34.2,39.3,47.6,49.3,37.7,53.0,33.3,18.9,29.2,22.2,18.1
E14001316,50.2,46.0,35.4,20.9,31.6,30.9,36.5,30.1,12.5,16.0,,,30.3
E14001317,20.4,22.6,27.8,44.6,42.5,34.9,37.1,19.2,20.8,29.5,33.8,32.8,41.1
E14001318,71.1,67.6,63.8,84.9,67.4,54.9,44.1,36.7,43.9,58.1,,50.3,
E14001319,65.7,51.9,51.1,56.9,49.8,41.0,33.2,25.1,47.5,51.2,57.4,66.2,50.0
E14001320,40.8,29.6,25.8,23.7,40.8,45.7,56.8,70.2,89.5,96.4,100.0,100.0,100.0
E14001321,50.4,58.8,48.8,53.5,51.6,50.8,52.4,32.1,32.6,28.5,27.8,46.2,39.0
E14001322,47.6,50.7,41.8,36.2,31.1,9.6,,,23.0,36.4,45.9,59.0,51.1
E14001323,44.5,72.2,80.6,72.8,66.0,25.9,39.8,36.4,30.5,41.6,29.9,34.5,63.5
E14001324,30.7,43.1,40.2,30.3,28.4,,,,,41.9,74.9,64.6,61.3
E14001325,45.3,40.2,36.6,32.1,37.1,43.0,,,,,89.7,68.1,66.0
E14001326,68.1,60.3,57.1,41.5,38.3,45.6,45.6,52.6,54.6,52.6,48.2,41.5,39.0
E14001327,65.0,61.6,57.3,65.5,48.7,55.8,66.0,38.4,43.6,30.1,31.8,41.6,33.8
E14001328,60.4,45.1,37.5,36.9,32.5,52.8,50.0,53.2,40.8,46.5,44.1,45.4,51.9
E14001329,37.0,32.5,27.2,23.7,21.9,,,,,,,69.0,55.5
E14001330,17.9,25.6,29.8,21.5,30.9,26.1,33.2,41.9,51.0,39.0,33.8,31.9,41.4
E14001331,69.5,67.4,69.2,45.9,,18.2,13.9,40.6,44.8,65.7,65.3,54.6,59.1
E14001332,44.4,41.4,39.3,48.3,50.5,43.1,47.6,68.5,81.6,79.1,93.5,70.3,67.3
E14001333,60.3,59.5,49.8,58.1,49.9,,,,,,,,
E14001334,,63.5,59.9,65.0,75.4,61.4,68.0,63.8,60.6,57.5,46.0,48.8,39.0
E14001335,48.8,55.9,59.0,43.2,50.5,49.5,,57.4,,39.3,48.8,35.3,34.5
E14001336,28.6,30.9,33.4,31.5,31.5,30.3,,36.6,,44.0,38.0,24.9,37.3
E14001337,44.2,34.4,33.6,41.6,54.4,70.5,73.9,61.3,63.8,62.6,42.7,54.5,63.5
E14001338,64.2,62.6,46.7,37.9,27.6,32.0,51.6,45.6,47.1,49.5,77.1,63.0,61.4
E14001339,37.9,53.2,,76.3,86.5,71.3,70.2,54.3,50.9,59.1,53.5,50.4,35.8
E14001340,16.7,48.3,51.8,89.4,51.7,47.5,41.2,50.9,68.7,,,46.5,55.6
E14001341,50.2,41.7,40.6,45.7,45.5,43.8,40.9,36.2,38.4,32.4,41.8,41.9,50.8
E14001342,25.8,22.9,41.3,64.5,58.9,64.3,54.6,40.4,54.4,46.0,55.6,74.3,71.4
E14001343,35.4,33.8,39.6,39.5,40.1,52.5,,,,,,,64.3
E14001344,31.2,38.6,51.9,44.0,37.2,,,,49.5,52.7,57.5,45.6,
E14001345,42.0,40.9,29.0,36.1,45.3,38.2,37.8,34.6,33.5,39.4,44.9,52.4,56.2
E14001346,36.6,30.8,26.8,29.0,56.0,43.2,57.9,59.1,55.0,52.4,48.7,42.7,54.9
E14001347,27.6,35.7,36.7,32.2,31.2,27.8,30.3,,,,40.4,48.3,56.7
E14001348,47.2,41.1,41.9,36.8,29.7,37.4,35.8,41.1,36.2,42.0,38.7,44.9,48.6
E14001349,,,,,,,,,25.5,27.6,42.7,46.4,39.7
E14001350,28.2,20.1,24.4,30.4,,22.6,,42.0,49.8,57.9,56.0,48.7,77.7
E14001351,,,,37.1,47.7,43.2,49.3,,,,,,
E14001352,28.4,17.5,24.8,29.3,22.2,29.6,27.0,25.4,40.5,61.0,58.0,53.8,54.6
E14001353,79.3,73.5,67.2,73.0,66.8,89.1,81.8,78.8,57.7,,,,
E14001354,36.4,41.9,64.2,63.6,47.7,31.7,26.5,30.2,48.8,69.0,72.7,69.0,58.3
E14001355,75.8,58.1,50.3,51.6,33.6,25.9,32.0,,,,41.6,31.5,37.8
E14001356,33.0,35.7,23.0,38.4,31.9,45.9,43.1,58.5,58.3,36.9,38.1,18.8,
E14001357,40.1,36.1,,27.2,25.1,35.1,47.4,19.8,19.1,20.1,13.5,27.9,33.7
E14001358,39.8,40.9,40.7,45.6,37.2,42.1,38.8,40.6,46.3,58.2,59.2,52.3,46.4
E14001359,55.5,51.1,32.6,35.6,,,,20.3,24.5,29.7,36.9,35.9,42.6
E14001360,41.6,36.7,28.5,22.5,16.2,49.5,49.3,48.1,41.6,26.9,27.8,27.7,29.7
E14001361,23.6,31.2,48.5,39.6,38.8,50.3,60.9,49.1,52.7,54.1,33.3,,
E14001362,43.7,28.2,27.2,36.6,59.4,68.2,61.8,58.2,,,,,
E14001363,29.0,27.4,35.0,25.5,,,20.3,19.9,19.6,18.5,17.3,27.5,26.1
E14001364,42.3,47.1,,41.2,,,43.3,40.9,52.8,53.7,,39.1,
E14001365,49.5,23.7,38.9,50.2,48.8,61.7,61.0,44.4,43.6,39.5,29.8,51.7,68.0
E14001366,47.4,,,,54.7,62.9,76.3,69.8,48.3,,,,
E14001367,37.2,46.2,55.0,52.6,59.9,56.3,55.7,54.1,52.0,57.8,57.8,53.2,41.8
E14001368,55.7,52.4,40.1,36.8,33.0,35.0,37.6,34.7,36.1,42.5,43.5,47.6,51.2
E14001369,25.5,40.8,21.0,19.7,21.5,22.9,34.3,36.0,48.7,42.9,49.0,45.1,27.4
E14001370,39.4,38.0,51.2,39.1,27.9,34.4,41.2,34.0,39.0,42.9,42.3,48.2,41.4
E14001371,56.5,53.7,42.2,63.0,69.6,70.2,57.1,47.2,42.9,49.0,46.6,33.3,26.1
E14001372,,15.9,18.5,22.3,29.3,33.8,29.2,27.5,16.0,17.6,26.5,22.3,26.8
E14001373,23.0,32.8,35.8,37.9,43.1,37.5,40.3,40.1,25.7,30.9,35.0,37.5,42.3
E14001374,50.5,57.6,55.0,38.0,,,,,,,,,30.9
E14001375,48.5,60.3,31.3,21.7,22.9,22.5,44.4,45.4,22.1,28.0,24.2,31.8,35.7
E14001376,33.7,28.9,31.4,28.6,25.2,28.1,15.9,24.7,19.7,27.5,34.5,31.1,38.1
E14001377,46.9,44.0,50.8,52.6,56.2,55.9,47.2,34.7,36.2,41.0,44.0,51.7,53.5
E14001378,38.6,38.1,36.0,26.6,36.1,29.7,28.1,18.8,21.3,34.8,35.5,41.3,40.2
E14001379,40.9,43.8,28.7,53.3,61.5,58.4,65.4,63.0,58.8,53.8,22.1,24.7,38.6
E14001380,40.6,44.0,38.1,38.3,39.6,45.8,,,,,,,
E14001381,30.5,31.9,24.0,19.2,18.0,15.3,25.0,25.1,28.6,35.6,36.3,41.3,25.2
E14001382,45.1,24.7,37.5,41.3,36.9,32.6,27.9,21.3,20.1,20.7,37.0,32.8,38.7
E14001383,35.8,37.9,31.9,28.1,37.9,26.5,34.9,40.0,27.7,37.5,44.6,38.1,49.5
E14001384,42.8,55.0,56.6,58.6,30.7,41.7,36.0,33.6,21.1,11.0,22.2,28.8,33.9
E14001385,30.6,25.8,,,,,,100.0,54.2,65.7,62.6,,32.6
E14001386,57.2,59.3,39.2,29.3,27.1,15.7,,,,,,,
E14001387,20.8,37.2,37.4,41.3,38.8,33.0,49.8,,77.4,73.8,59.6,68.2,74.3
E14001388,44.8,57.0,45.8,50.4,48.3,43.7,40.4,39.5,45.8,41.1,,23.6,14.4
E14001389,56.1,58.0,33.6,47.1,50.2,59.5,52.8,45.5,38.7,29.8,58.6,56.6,62.9
E14001390,29.8,51.3,40.4,45.4,52.8,53.6,,47.0,58.5,60.8,72.2,38.9,21.1
E14001391,,42.6,49.9,60.9,40.1,41.1,,28.5,50.0,,100.0,55.6,42.7
E14001392,19.6,9.1,,,,,,,,16.6,14.8,21.9,26.3
E14001393,34.1,65.9,61.8,35.4,24.4,17.1,,,,,,42.8,69.2
E14001394,49.1,52.0,51.4,53.7,51.9,45.1,42.4,32.7,33.5,36.6,38.5,32.4,32.1
E14001395,30.3,26.3,11.9,15.0,8.6,20.9,35.1,25.8,31.1,28.1,20.2,25.6,28.6
E14001396,48.0,45.6,37.3,29.6,37.1,31.2,51.9,48.2,100.0,68.3,,,
E14001397,49.5,40.0,38.7,32.2,27.8,35.4,29.6,25.6,16.5,33.0,46.2,44.8,38.9
E14001398,84.2,72.8,78.2,68.6,75.4,75.6,67.6,48.0,42.1,25.0,25.7,52.8,47.8
E14001399,27.8,32.8,30.6,36.4,27.1,19.1,21.4,12.5,23.9,26.6,37.8,51.4,50.3
E14001400,43.8,37.4,52.8,43.4,37.6,36.6,,29.4,46.4,43.2,49.6,48.3,49.9
E14001401,43.8,43.1,45.1,50.9,33.5,56.7,52.6,61.4,50.6,73.8,74.2,66.7,59.7
E14001402,31.1,37.1,23.4,38.2,40.8,30.6,31.1,,,,46.4,48.2,55.0
E14001403,36.6,36.6,40.6,43.7,49.9,47.9,44.2,,,39.8,34.5,45.6,51.9
E14001404,,20.3,20.5,19.1,18.0,,,,,33.9,42.9,,18.5
E14001405,41.2,44.7,50.5,55.7,40.9,46.9,38.2,35.9,51.1,60.6,65.8,77.2,44.8
E14001406,37.1,44.8,58.3,67.4,63.5,42.6,19.1,25.7,35.8,51.8,56.2,59.0,56.4
E14001407,36.1,33.6,,,,32.5,31.0,25.7,29.5,23.4,32.0,28.4,31.7
E14001408,47.2,40.4,22.0,,25.2,39.7,47.9,41.7,24.8,31.5,48.6,47.6,61.1
E14001409,30.3,26.3,16.2,,40.3,56.5,48.8,48.1,,51.8,53.7,41.6,42.6
E14001410,50.5,40.2,49.4,37.2,41.7,62.6,55.9,66.0,68.1,61.1,61.4,60.9,58.4
E14001411,51.3,42.8,50.2,53.3,51.1,58.5,58.6,68.8,71.9,51.0,45.0,34.2,27.1
E14001412,38.0,51.2,43.4,40.0,54.0,53.9,54.2,69.2,55.7,73.2,56.9,51.4,41.8
E14001413,17.2,28.4,39.2,50.1,51.9,35.5,27.5,,,29.1,23.3,24.4,16.0
E14001414,29.9,34.1,28.5,26.5,,,31.7,33.5,28.4,32.9,26.8,14.6,
E14001415,40.0,44.6,47.2,47.4,47.2,40.0,31.4,33.3,20.1,11.5,17.5,17.0,31.9
E14001416,69.5,60.7,62.4,55.1,50.5,58.0,53.7,60.4,54.6,50.9,43.4,34.8,39.9
E14001417,47.5,,23.6,27.1,14.0,22.1,18.8,27.6,67.6,57.9,68.6,46.1,44.6
E14001418,53.4,49.2,36.0,39.6,46.6,32.7,49.2,51.9,54.6,54.9,61.3,41.7,43.2
E14001419,58.0,45.3,34.1,38.5,38.2,53.1,61.8,66.0,68.7,72.8,100.0,72.6,56.3
E14001420,53.8,35.4,42.4,48.2,46.5,57.8,31.7,18.0,,,,30.5,43.8
E14001421,46.0,39.2,45.6,50.3,52.0,55.1,54.9,55.3,65.3,68.9,79.3,80.4,100.0
E14001422,,18.3,33.3,34.9,46.8,37.1,48.7,55.8,63.4,67.3,31.8,40.6,30.9
E14001423,47.2,45.6,56.0,31.2,20.3,16.6,11.0,,20.6,26.5,32.0,54.3,44.3
E14001424,37.8,27.6,36.7,25.4,26.4,20.5,28.4,,,30.4,30.3,40.2,65.0
E14001425,31.8,38.1,43.9,53.2,53.8,47.1,44.1,61.1,51.9,48.1,49.0,50.3,44.3
E14001426,28.3,22.4,25.8,36.2,45.3,42.8,48.2,35.0,26.2,29.4,21.5,28.3,17.7
E14001427,44.1,38.7,31.8,30.1,13.2,,19.6,21.9,39.2,41.5,35.4,47.5,46.2
E14001428,28.2,25.0,29.7,28.3,34.8,28.2,32.2,24.5,,19.7,,22.4,45.5
E14001429,46.0,40.7,44.5,55.2,53.7,46.6,39.3,38.5,28.5,36.3,37.6,40.0,41.1
E14001430,46.8,43.7,39.2,43.5,32.2,41.4,46.9,47.0,64.0,64.3,69.2,48.4,42.8
E14001431,30.1,36.6,34.2,31.9,37.2,26.8,25.3,31.0,34.3,29.3,39.3,27.4,
E14001432,37.7,49.8,38.9,38.3,48.9,34.5,39.5,43.1,32.1,39.8,48.7,52.0,44.2
E14001433,,37.3,55.0,45.2,46.2,52.9,44.3,37.4,19.8,24.0,28.3,51.6,44.3
E14001434,47.5,29.5,20.8,25.3,23.1,26.7,30.1,31.1,36.1,57.4,,62.4,49.9
E14001435,64.7,61.9,61.7,63.5,64.0,49.0,72.9,80.8,84.9,100.0,88.7,79.8,71.6
E14001436,30.4,36.9,40.2,44.2,40.3,39.9,46.0,50.7,50.2,45.3,46.3,47.0,55.0
E14001437,52.0,50.0,44.1,,,,,33.7,33.7,49.5,39.0,26.7,29.7
E14001438,46.3,37.0,36.7,35.3,35.5,35.4,36.3,25.3,26.3,28.4,22.2,33.3,39.6
E14001439,34.7,34.6,32.2,41.8,58.9,56.6,52.3,42.6,42.4,,34.5,36.4,37.9
E14001440,39.8,32.2,34.2,38.3,34.1,32.0,27.2,31.1,46.1,42.5,41.1,41.3,37.6
E14001441,58.6,58.2,36.8,28.8,,31.0,51.4,46.6,47.7,33.3,,20.2,
E14001442,40.7,39.8,36.6,26.9,35.1,,,,,,44.2,50.4,58.9
E14001443,37.4,31.0,23.7,17.3,,,,34.7,30.1,,39.1,24.9,22.7
E14001444,45.3,32.9,43.6,45.2,,38.3,41.8,49.9,50.0,33.5,,,
E14001445,60.5,54.9,57.3,69.2,63.9,55.1,36.3,42.1,48.3,62.2,73.4,80.4,74.5
E14001446,44.8,46.6,58.2,68.3,71.3,68.9,60.5,64.8,67.5,36.6,42.9,37.2,43.6
E14001447,46.5,43.5,40.3,41.2,29.4,36.4,36.2,27.2,31.0,26.1,26.0,29.4,42.3
E14001448,26.3,28.1,21.4,31.4,39.8,24.7,31.3,21.7,39.0,57.6,49.4,42.8,40.5
E14001449,48.4,41.2,45.5,47.9,42.6,57.1,47.5,46.0,50.9,52.2,47.7,43.2,48.9
E14001450,57.1,57.2,48.9,43.4,21.6,,43.3,49.7,52.0,48.8,36.8,38.2,32.4
E14001451,36.7,34.3,38.5,38.2,37.0,41.2,,31.1,37.0,44.7,62.0,63.8,66.2
E14001452,37.1,32.8,41.0,31.6,29.5,36.1,46.9,62.6,45.7,38.6,40.8,37.3,29.5
E14001453,51.1,35.3,29.6,20.9,24.2,37.9,70.0,77.7,62.7,61.6,55.1,42.6,37.6
E14001454,49.7,44.2,45.4,29.8,40.3,38.0,25.7,47.0,,,,,57.3
E14001455,23.9,20.8,19.6,26.6,31.4,36.7,39.5,36.8,55.7,59.0,59.7,62.5,66.7
E14001456,33.0,35.5,45.4,53.8,37.8,38.4,21.0,14.4,49.1,,77.2,77.1,81.9
E14001457,66.3,46.5,50.5,29.1,30.7,27.1,25.3,19.0,29.3,31.8,47.2,49.0,51.8
E14001458,40.9,56.8,56.9,43.9,36.3,39.5,37.3,31.0,33.1,21.9,37.9,63.7,54.1
E14001459,53.2,52.4,32.7,39.6,39.0,42.7,37.1,33.2,27.2,24.7,26.2,32.5,40.6
E14001460,19.8,22.0,35.5,24.5,28.0,30.3,35.9,36.1,30.4,,26.3,37.9,32.2
E14001461,21.6,18.0,18.4,22.7,31.2,30.0,35.3,47.5,40.3,38.9,33.7,13.2,25.5
E14001462,47.9,39.0,26.1,28.5,31.4,24.2,26.8,26.7,35.4,44.1,43.1,45.5,38.7
E14001463,36.0,24.2,18.4,24.8,33.8,36.4,54.6,51.2,35.5,47.0,39.7,35.4,43.1
E14001464,58.5,55.6,56.3,40.5,48.5,45.7,31.3,,31.0,46.1,40.8,45.5,35.7
E14001465,60.7,65.5,62.2,44.1,40.3,31.2,21.0,,46.2,44.0,57.6,62.5,38.0
E14001466,30.3,31.5,,36.4,39.3,50.7,61.0,47.3,56.5,50.4,36.8,72.7,57.7
E14001467,,,,,,,,,48.6,77.6,73.3,41.7,34.5
E14001468,49.1,38.3,42.9,40.7,47.0,69.9,87.5,52.6,54.6,50.7,47.7,68.5,66.5
E14001469,28.4,24.0,24.9,33.7,39.4,37.8,42.8,26.2,,,28.3,53.4,33.7
E14001470,32.0,36.5,44.8,41.5,41.6,41.1,39.0,23.3,41.6,44.3,45.9,55.6,51.8
E14001471,,,,,,31.6,29.2,20.1,24.7,14.0,35.5,49.8,43.0
E14001472,29.6,29.5,35.1,61.7,56.8,61.0,70.2,,,,,,
E14001473,34.9,35.2,22.4,22.2,34.7,48.2,32.5,38.3,29.2,36.4,56.7,56.6,56.2
E14001474,22.0,23.8,31.5,,37.3,38.3,26.0,32.9,,,,,18.4
E14001475,53.5,67.8,46.7,47.0,28.8,19.2,20.5,25.7,25.5,35.0,42.3,38.7,46.3
E14001476,35.5,31.6,22.4,24.7,46.5,51.7,49.8,59.8,,,,,
E14001477,51.6,47.5,40.3,46.7,43.2,58.2,50.6,64.5,52.1,49.1,56.6,54.3,64.0
E14001478,44.3,52.3,79.7,80.4,53.3,49.4,25.8,21.0,32.1,21.1,20.4,28.7,30.8
E14001479,32.5,26.5,27.4,35.1,29.3,35.8,35.3,42.2,47.8,37.4,30.6,25.0,30.5
E14001480,37.0,33.2,35.5,30.0,30.8,23.5,14.9,24.3,23.4,46.5,59.8,28.8,45.7
E14001481,25.8,22.1,35.3,47.3,45.1,36.5,43.0,37.1,39.6,52.3,51.5,46.1,64.1
E14001482,40.5,39.2,35.3,43.1,31.7,36.4,38.4,32.6,30.4,19.5,,,
E14001483,15.9,21.1,32.8,18.7,23.3,,,25.0,29.7,36.6,30.5,21.2,26.7
E14001484,42.0,46.0,43.0,47.7,49.9,45.1,44.4,39.4,54.8,38.9,38.1,15.6,
E14001485,29.7,40.8,62.1,35.2,46.3,64.1,56.5,60.9,38.4,18.9,27.3,20.5,39.0
E14001486,28.2,23.0,22.7,34.3,23.5,28.9,26.6,39.2,31.4,21.7,21.8,,
E14001487,35.1,34.2,,,,,,,,42.1,46.2,53.1,56.9
E14001488,29.1,39.4,31.6,36.3,25.1,22.2,30.7,37.3,29.0,28.3,32.9,32.4,34.1
E14001489,,34.8,29.6,30.3,39.7,34.1,21.8,16.5,25.9,32.3,43.7,74.8,68.7
E14001490,39.3,38.9,20.6,21.4,30.2,18.7,,,,,,,28.0
E14001491,,,17.2,15.7,24.6,21.9,,,,40.8,41.9,41.3,37.2
E14001492,30.6,29.6,26.6,36.4,53.9,41.4,40.0,37.1,35.1,43.0,37.7,45.5,42.1
E14001493,26.8,26.1,19.9,20.2,,,,,,,21.7,37.0,48.7
E14001494,44.7,35.2,51.0,49.4,50.3,78.2,70.9,84.6,49.2,41.8,,,
E14001495,47.7,46.8,51.2,54.5,50.9,50.3,36.9,48.4,44.9,56.2,49.5,23.4,25.8
E14001496,57.3,47.3,39.4,34.4,37.0,42.7,52.7,,,40.8,,54.2,59.9
E14001497,37.4,38.1,31.2,36.4,45.3,56.0,,,,,,,
E14001498,49.6,26.5,21.3,16.0,13.9,11.6,,,,,,31.3,26.9
E14001499,24.5,21.0,26.9,41.3,53.9,48.3,50.9,39.5,31.6,35.0,28.6,26.9,34.1
E14001500,50.3,40.5,37.5,26.6,30.1,31.0,29.8,33.4,35.5,38.6,41.6,47.3,51.0
E14001501,42.4,49.5,46.4,47.3,40.3,27.9,39.6,38.4,43.1,31.9,31.9,30.3,29.6
E14001502,38.7,30.7,20.1,24.0,22.4,41.5,48.4,38.1,48.8,49.2,49.1,46.9,41.0
E14001503,59.3,57.4,57.6,48.3,33.3,22.1,27.9,30.9,27.6,59.3,61.4,48.6,68.1
E14001504,23.8,,,36.4,31.1,43.1,29.6,,,,29.4,29.2,31.5
E14001505,33.0,38.6,43.0,43.8,36.1,33.6,30.1,33.3,46.3,42.7,43.0,51.7,42.4
E14001506,24.6,27.6,41.0,33.9,35.5,38.1,26.0,34.8,28.3,18.4,,,
E14001507,34.5,60.7,49.3,52.3,64.5,60.0,59.5,31.9,39.9,40.3,44.8,53.2,39.7
E14001508,,,30.2,27.8,35.7,31.1,,,,,61.7,60.0,40.1
E14001509,35.0,29.9,27.8,45.2,49.7,42.3,39.1,,39.3,40.2,45.8,58.3,59.9
E14001510,28.1,26.3,37.6,58.5,58.0,40.3,37.9,26.4,31.0,33.8,35.0,34.7,25.8
E14001511,30.7,33.5,,43.9,,38.0,31.3,34.3,34.2,30.1,31.6,,
E14001512,59.0,47.2,41.0,40.0,30.0,31.0,28.2,20.0,22.4,17.5,31.5,26.7,24.8
E14001513,36.5,34.8,41.3,49.2,,,,,,,70.4,,30.7
E14001514,,17.7,21.5,28.7,40.5,34.8,32.8,,,,,,
E14001515,49.6,52.6,52.0,40.7,31.4,39.4,40.9,50.6,49.8,,,25.8,28.1
E14001516,59.1,45.7,28.9,,,,,43.4,75.0,,100.0,,32.9
E14001517,51.3,36.7,41.6,46.8,29.8,31.0,24.9,23.4,33.1,41.9,37.0,33.0,24.6
E14001518,27.7,31.6,29.4,36.6,35.7,34.7,38.3,43.8,46.4,56.3,48.5,45.6,44.3
E14001519,38.9,48.7,43.4,47.5,48.4,31.4,30.7,26.6,28.5,33.1,37.6,39.2,31.4
E14001520,27.2,29.0,32.6,45.7,64.4,51.1,59.7,55.7,,34.1,30.5,29.3,27.3
E14001521,18.6,27.2,27.3,29.4,38.5,39.0,36.1,21.4,17.8,,13.4,21.2,31.9
E14001522,26.5,29.3,21.0,16.4,24.4,19.1,16.7,32.7,26.1,27.4,41.6,29.7,30.4
E14001523,34.0,24.8,,,,,52.0,66.9,66.9,56.4,,,100.0
E14001524,50.2,52.3,53.2,50.2,58.4,68.4,75.3,54.9,42.4,26.5,24.4,39.0,60.2
E14001525,28.8,19.6,27.8,33.0,,25.9,32.6,37.5,49.3,67.2,56.9,48.7,52.9
E14001526,33.0,31.5,31.1,34.1,37.0,24.4,25.0,,,,,,
E14001527,61.3,70.2,72.2,81.9,77.9,70.8,63.4,62.5,59.4,40.2,,,
E14001528,52.3,44.6,49.0,60.3,36.5,50.4,39.1,40.2,36.6,34.0,41.8,43.7,43.6
E14001529,34.8,31.4,20.2,23.4,20.6,18.7,31.8,34.0,,,27.9,26.7,40.4
E14001530,35.2,37.5,38.3,31.1,24.6,28.6,18.7,35.9,37.9,,44.7,,52.5
E14001531,54.9,48.9,44.1,56.9,70.6,71.2,64.5,35.2,28.4,25.8,,,21.5
E14001532,,45.6,37.2,41.1,47.9,39.5,38.4,,,,,38.2,40.2
E14001533,14.4,15.2,21.9,23.6,38.0,44.2,22.5,52.3,54.3,,52.2,59.7,65.9
E14001534,31.4,30.4,30.5,34.1,51.7,53.7,49.0,68.9,68.8,64.0,53.8,44.5,48.9
E14001535,58.1,48.4,50.0,30.1,21.0,27.7,,,,49.3,48.7,36.0,31.4
E14001536,39.2,37.2,32.7,23.5,35.6,41.2,48.7,42.6,39.9,21.7,19.5,17.4,22.9
E14001537,45.0,26.9,12.9,13.1,10.7,15.5,20.4,39.2,28.7,24.2,21.1,17.0,22.5
E14001538,39.2,42.4,41.7,,34.0,,52.5,33.6,29.1,33.6,32.3,38.2,54.0
E14001539,52.8,61.8,56.6,45.8,55.9,54.7,45.7,59.3,53.8,53.0,54.3,41.6,21.7
E14001540,14.0,19.5,32.6,37.8,37.3,33.8,37.8,29.8,50.0,53.9,45.8,34.5,27.1
E14001541,21.9,19.7,26.9,36.7,46.8,41.3,36.1,31.9,40.7,41.0,44.4,44.2,44.9
E14001542,38.9,38.5,44.3,33.0,33.5,30.8,,32.2,26.9,32.4,76.6,24.1,22.6
E14001543,38.3,45.6,33.8,25.3,25.3,29.5,19.0,15.5,,,44.2,49.3,51.7
E14001544,36.1,27.0,29.8,39.3,45.6,37.6,45.1,42.8,23.8,24.9,,,
E14001545,37.7,35.3,35.1,28.4,35.7,41.7,35.7,40.9,29.5,,28.3,32.8,27.2
E14001546,34.9,27.0,23.8,21.5,19.0,26.6,29.8,39.1,36.3,40.5,38.3,35.7,41.2
E14001547,47.9,40.3,35.8,34.7,26.9,25.8,25.3,,25.6,42.0,41.6,49.0,59.1
E14001548,15.8,15.7,26.8,,30.0,46.6,59.9,73.2,73.6,48.4,29.2,39.6,29.5
E14001549,76.8,75.9,56.8,50.7,50.9,50.4,45.1,,21.7,25.2,24.1,30.3,30.6
E14001550,29.0,28.6,16.2,13.6,19.8,19.1,,,,38.4,,,
E14001551,27.5,30.1,27.1,27.0,24.9,24.1,23.4,27.3,28.5,28.7,36.3,25.0,22.4
E14001552,45.5,45.7,,,,,43.6,42.4,40.7,50.8,45.0,44.1,59.9
E14001553,65.7,51.1,68.2,67.8,45.9,74.7,53.5,35.4,34.8,50.6,59.6,69.8,65.9
E14001554,37.3,26.3,29.8,26.5,29.0,30.3,34.6,37.2,48.9,,38.8,47.0,56.7
E14001555,62.5,45.6,34.3,39.7,29.4,24.7,35.3,19.2,49.6,63.5,65.0,69.1,48.8
E14001556,51.0,61.4,52.2,63.2,66.5,57.3,63.3,67.5,51.7,51.7,59.7,60.5,59.4
E14001557,35.2,47.1,42.2,38.0,36.1,32.4,41.9,46.0,,25.1,20.9,32.1,31.3
E14001558,62.3,51.9,37.8,40.7,29.9,48.8,27.9,29.9,27.4,,38.8,30.3,22.4
E14001559,31.3,41.6,,78.6,74.0,68.6,80.7,69.8,,,,,
E14001560,37.8,54.0,56.1,54.9,53.9,51.8,35.3,26.8,,,59.2,52.6,61.5
E14001561,58.0,51.9,60.0,53.1,,,,,,100.0,52.0,62.0,48.2
E14001562,68.9,72.8,77.4,49.1,37.8,36.4,41.9,36.0,41.2,44.4,41.6,42.5,42.0
E14001563,73.7,59.5,60.1,48.6,52.4,58.1,73.3,80.2,52.6,56.4,32.2,35.5,54.0
E14001564,33.1,32.1,39.5,39.7,39.8,40.9,29.4,27.0,,50.1,46.9,57.5,64.4
E14001565,47.1,49.1,39.5,46.0,50.7,42.3,53.2,46.7,36.7,20.4,18.8,18.7,29.5
E14001566,37.8,38.3,38.5,27.8,14.9,26.8,41.3,51.4,47.7,54.5,,,
E14001567,27.0,24.0,33.7,35.7,43.9,44.8,27.6,29.2,18.9,11.8,20.0,40.0,42.9
E14001568,48.7,64.1,67.1,88.7,71.4,53.4,53.8,28.2,40.9,26.5,27.7,38.6,
E14001569,17.4,,,37.2,27.3,,,,,38.7,62.8,61.5,42.5
E14001570,23.2,26.3,37.0,57.4,68.6,85.9,86.3,84.8,68.4,67.8,,,
E14001571,35.9,39.0,51.4,62.8,50.7,23.2,31.5,29.0,17.8,29.0,,31.1,43.3
E14001572,22.7,32.0,37.8,28.8,20.7,32.6,32.4,40.7,59.0,60.6,62.6,65.7,61.8
E14001573,,35.4,27.2,28.3,30.5,33.0,41.0,42.4,44.2,,,24.6,29.1
E14001574,,32.2,26.0,31.2,38.4,17.9,,,27.2,46.0,50.0,41.2,26.1
E14001575,40.4,42.6,62.9,47.5,55.8,41.9,48.1,41.4,39.1,31.8,,28.1,42.9
E14001576,41.4,54.4,33.8,38.6,48.3,51.6,53.2,51.3,48.3,33.0,63.4,65.1,73.2
E14001577,31.0,42.6,44.0,50.5,40.3,40.2,36.9,37.5,,,,,
E14001578,26.1,21.0,18.0,14.0,,,26.2,34.0,,,,,23.5
E14001579,28.5,24.4,25.7,38.8,65.9,,,,,29.0,35.7,42.9,58.0
E14001580,28.7,18.6,30.5,29.0,29.6,38.1,57.0,38.5,39.9,27.7,22.3,19.6,14.8
E14001581,21.1,11.6,14.6,12.2,24.2,19.3,14.9,17.0,31.2,46.7,46.2,43.0,36.8
E14001582,25.3,31.5,46.3,34.0,27.8,24.2,31.9,34.5,68.5,65.8,71.8,49.5,
E14001583,,,20.7,19.6,22.1,19.6,21.1,16.8,,,,25.8,17.6
E14001584,25.2,37.5,37.1,39.5,39.3,41.6,36.2,42.5,52.6,38.4,41.7,30.9,23.9
E14001585,42.7,43.6,58.6,34.6,34.5,19.3,20.9,42.1,42.9,61.5,,,24.8
E14001586,41.2,51.0,64.8,61.3,61.6,60.3,49.6,50.6,48.6,43.4,59.6,61.2,71.5
E14001587,61.0,70.3,74.4,57.8,54.0,49.6,50.6,47.0,38.4,48.2,27.3,46.9,49.5
E14001588,27.5,36.2,38.0,44.0,37.4,42.9,37.9,53.0,53.5,67.2,64.2,36.5,42.9
E14001589,49.4,41.8,43.0,43.4,27.8,,39.9,,32.1,30.3,22.6,27.1,29.6
E14001590,20.1,37.7,44.6,46.7,51.4,47.4,,,100.0,100.0,100.0,76.5,71.8
E14001591,34.6,23.6,23.4,22.1,19.5,,,,,,,,
E14001592,55.4,26.0,14.3,,11.0,30.0,29.1,33.6,27.5,,34.5,56.3,54.6
E14001593,29.2,24.3,30.2,36.5,37.3,45.2,42.2,40.9,52.5,50.2,41.8,45.4,33.1
E14001594,46.1,56.2,47.4,55.0,48.5,52.4,49.6,,,82.3,69.6,59.5,55.6
E14001595,52.4,44.2,37.7,37.8,49.5,38.6,48.6,55.5,39.5,68.0,81.0,58.3,72.2
E14001596,40.8,26.2,31.4,60.1,71.6,75.2,62.7,63.4,45.1,41.9,66.0,,
E14001597,39.5,36.4,27.2,39.3,51.0,39.4,38.4,,,,21.6,31.4,45.7
E14001598,52.3,46.4,55.1,44.4,51.4,45.6,47.8,58.7,43.4,56.0,38.2,37.9,38.6
E14001599,39.2,39.5,36.6,52.7,38.4,,61.3,61.4,,,,,
E14001600,46.1,46.6,50.0,54.0,45.2,49.0,62.2,71.5,52.2,40.3,38.4,28.2,30.8
E14001601,42.9,69.0,70.9,48.0,48.6,36.5,,24.6,25.5,24.2,37.3,,
E14001602,36.1,36.8,25.7,29.8,29.1,31.9,19.2,,,28.3,40.6,54.0,54.9
E14001603,56.8,56.5,56.9,50.2,45.6,33.9,22.6,23.0,42.1,48.6,76.3,76.3,70.5
E14001604,50.7,35.7,33.5,29.7,29.8,42.7,44.6,42.6,43.6,37.6,39.8,42.3,36.0
E14001605,39.5,42.5,47.0,55.1,41.8,33.8,35.5,28.5,36.1,42.9,42.2,49.8,35.7
