ONS_CODE,Economically Inactive - Student,Economically Inactive - Aged 16+,Economically Inactive - Aged 16-19,Economically Inactive - Aged 16-24,Economically Inactive - Aged 16-64,Economically Inactive - Aged 20-24,Economic Activity Rate - Aged 16-19,Economic Activity Rate - Aged 16-64,Economic Activity Rate - Aged 20-24,Unemployment Rate - Aged 16+,Unemployment Rate - Aged 16-19,Unemployment Rate - Aged 16-24,Unemployment Rate - Aged 16-64,Unemployment Rate - Aged 20-24,Suffix
E14000530,29.3,30.1,45.0,28.4,16.4,,55.0,83.6,100.0,,,,,,%
E14000531,21.4,35.4,,31.2,13.1,28.8,82.2,86.9,100.0,4.6,,22.8,4.8,28.6,%
E14000532,44.3,36.3,88.1,71.2,16.9,47.5,21.7,83.1,100.0,4.4,,,4.6,,%
E14000533,12.0,37.3,39.6,26.0,18.4,,60.4,81.6,84.1,3.6,,17.7,3.7,,%
E14000534,45.0,43.9,64.8,61.7,12.6,67.6,78.8,87.4,,3.6,,,3.9,,%
E14000535,24.2,32.9,82.8,33.1,18.7,49.7,52.8,81.3,79.3,7.8,,26.4,8.1,,%
E14000536,21.7,37.1,75.3,40.5,22.2,30.3,27.9,77.8,69.7,2.9,,,3.0,,%
E14000537,35.3,35.4,91.6,52.7,22.7,29.5,44.8,77.3,70.5,4.7,,19.2,4.8,,%
E14000538,30.2,23.7,62.5,37.3,12.3,,37.5,87.7,82.3,3.3,,,3.4,,%
E14000539,31.1,27.9,44.5,37.1,12.4,,75.9,87.6,72.8,,,,,,%
E14000540,24.6,29.8,100.0,49.3,24.6,19.9,46.3,75.4,80.1,10.0,,,10.3,,%
E14000541,21.1,40.8,63.8,45.4,23.7,58.9,36.2,76.3,81.1,2.7,,,2.7,,%
E14000542,29.6,40.2,49.6,29.2,23.1,33.5,50.4,76.9,87.4,2.8,36.9,21.5,2.9,,%
E14000543,16.3,43.5,56.8,21.6,23.0,27.8,61.9,77.0,82.0,2.8,,,2.9,,%
E14000544,24.0,39.9,62.2,58.9,16.1,,38.2,83.9,100.0,11.6,,,12.0,,%
E14000545,21.2,31.4,41.8,18.1,19.4,38.4,58.2,80.6,100.0,4.2,,,4.6,,%
E14000546,23.3,38.9,46.8,37.9,25.2,32.7,53.2,74.8,67.3,3.3,,,4.5,,%
E14000547,32.6,26.3,31.6,17.0,14.5,10.9,68.4,85.5,89.1,4.5,,10.8,4.2,12.2,%
E14000548,23.7,29.2,72.0,26.0,14.3,,55.0,85.7,92.1,2.5,,,2.7,,%
E14000549,31.5,22.4,,48.9,15.3,,,84.7,100.0,4.2,,,4.4,,%
E14000550,36.3,35.0,58.3,33.6,16.1,29.7,41.7,83.9,81.4,6.1,,22.6,6.5,,%
E14000551,22.7,42.7,87.1,54.1,22.9,65.5,62.2,77.1,100.0,6.7,,,7.1,,%
E14000552,15.2,33.4,47.3,22.6,20.3,51.9,52.7,79.7,100.0,5.5,,,5.7,,%
E14000553,49.5,27.5,100.0,77.2,19.9,80.9,36.9,80.1,59.3,7.0,,,7.1,,%
E14000554,16.4,46.1,53.3,34.0,23.3,,46.7,76.7,79.6,3.2,,,3.5,,%
E14000555,38.8,33.0,100.0,80.1,27.8,58.1,,72.2,58.1,3.3,,,3.4,,%
E14000556,19.7,48.1,77.2,41.2,22.1,31.9,31.1,77.9,100.0,2.9,40.3,16.4,3.0,,%
E14000557,28.1,52.9,79.5,66.7,28.8,,51.6,71.2,74.2,5.7,,,5.7,,%
E14000558,17.1,36.0,58.6,35.5,20.9,20.8,52.7,79.1,63.0,4.8,57.4,36.8,5.0,,%
E14000559,14.6,40.1,40.2,39.9,29.7,39.7,59.8,70.3,60.3,3.4,82.2,34.2,3.5,,%
E14000560,36.5,41.5,90.2,68.1,32.8,49.9,33.0,67.2,50.1,5.0,,,5.0,,%
E14000561,31.9,38.8,62.1,52.8,31.6,41.5,37.9,68.4,58.5,15.0,100.0,40.8,15.3,,%
E14000562,38.1,35.6,67.2,46.1,28.9,35.2,32.8,71.1,64.8,6.2,,48.0,5.6,58.2,%
E14000563,33.9,46.7,92.6,57.5,39.4,44.3,,60.6,68.7,4.5,,47.9,4.6,,%
E14000564,36.6,28.5,85.5,65.2,22.8,55.1,48.1,77.2,44.9,9.8,,29.4,9.9,,%
E14000565,17.7,25.3,33.7,23.6,14.8,,68.9,85.2,100.0,6.0,,,6.2,,%
E14000566,39.8,37.6,76.0,61.6,33.9,29.0,24.0,66.1,62.0,13.0,,54.1,14.1,,%
E14000567,49.7,30.2,73.9,40.9,21.8,31.6,30.5,78.2,68.4,6.7,,23.0,7.0,,%
E14000568,29.4,39.0,73.8,39.9,28.9,28.1,29.4,71.1,90.6,8.0,50.5,45.6,8.1,,%
E14000569,26.7,35.9,25.4,20.1,17.0,30.8,82.1,83.0,78.9,3.8,49.6,28.7,4.0,,%
E14000570,22.9,41.2,54.9,47.5,30.1,40.9,45.1,69.9,59.1,5.2,21.2,18.0,5.4,,%
E14000571,44.9,48.7,100.0,79.6,39.4,56.9,,60.6,62.6,7.7,,,7.7,,%
E14000572,11.7,41.8,40.3,42.4,25.3,46.4,59.7,74.7,53.6,4.8,,24.2,4.9,47.1,%
E14000573,16.3,46.3,65.4,47.6,28.4,36.4,34.6,71.6,63.6,2.0,54.4,28.3,1.9,18.0,%
E14000574,14.5,43.0,30.4,30.2,20.1,31.9,76.0,79.9,63.5,4.3,,33.6,4.4,,%
E14000575,33.8,51.2,70.2,59.6,36.1,50.7,29.8,63.9,49.3,3.5,42.0,15.3,3.7,,%
E14000576,22.4,41.9,35.1,24.1,20.5,,64.9,79.5,100.0,10.6,,,4.6,,%
E14000577,14.9,39.0,75.6,80.4,22.0,,57.9,78.0,100.0,6.9,,,7.3,,%
E14000578,32.0,42.4,62.1,43.1,22.8,100.0,57.3,77.2,100.0,6.8,,100.0,6.9,,%
E14000579,23.2,51.0,78.7,58.4,42.5,47.4,43.8,57.5,52.6,6.3,,30.8,6.4,,%
E14000580,21.5,37.8,64.3,28.6,16.5,34.7,56.5,83.5,79.3,3.0,,,3.2,,%
E14000581,18.0,43.4,67.9,43.9,30.3,29.4,32.1,69.7,84.8,5.3,49.6,18.2,5.6,,%
E14000582,13.3,51.5,100.0,47.9,36.3,69.1,82.2,63.7,72.0,5.7,,47.2,6.1,,%
E14000583,27.2,33.6,100.0,65.9,18.7,28.8,55.1,81.3,50.3,2.7,,,2.8,,%
E14000584,16.4,40.5,42.2,48.5,21.0,57.4,57.8,79.0,34.5,2.6,,13.6,3.2,,%
E14000585,40.2,35.6,72.8,54.6,22.6,46.4,27.2,77.4,53.6,3.8,68.7,36.2,3.9,25.1,%
E14000586,21.9,32.3,58.3,34.1,15.7,22.2,41.7,84.3,77.8,5.0,41.6,13.8,5.1,11.0,%
E14000587,27.8,48.6,62.3,47.7,36.1,,26.9,63.9,68.4,12.7,,,10.6,,%
E14000588,28.8,46.7,50.0,34.2,24.8,73.4,50.0,75.2,82.3,8.1,,,8.2,,%
E14000589,42.6,47.9,74.1,58.3,42.1,46.8,64.6,57.9,53.2,9.0,,70.2,9.5,,%
E14000590,14.0,44.9,25.6,16.8,21.6,,77.0,78.4,100.0,5.9,,,6.5,,%
E14000591,52.5,28.3,100.0,29.5,14.1,40.8,,85.9,88.4,,,,,,%
E14000592,29.1,29.5,67.2,44.6,15.1,66.1,27.4,84.9,75.9,11.2,83.1,27.6,9.5,,%
E14000593,25.9,37.9,50.9,39.7,25.2,34.6,,74.8,65.4,,,,,,%
E14000594,27.7,39.6,80.6,41.3,24.5,,80.0,75.5,87.8,,,,,,%
E14000595,27.0,37.9,76.8,20.5,18.1,,72.7,81.9,100.0,5.1,,,5.4,,%
E14000596,16.1,44.7,51.7,22.3,20.2,22.8,48.3,79.8,100.0,3.4,,,3.5,,%
E14000597,19.6,36.1,72.0,35.8,23.8,55.2,52.8,76.2,72.9,12.0,63.0,32.0,12.3,,%
E14000598,67.0,34.7,86.3,58.0,27.1,43.7,64.5,72.9,56.3,3.6,,17.5,3.4,,%
E14000599,34.6,30.9,62.4,35.3,20.6,,39.1,79.4,100.0,8.4,,,8.7,,%
E14000600,30.8,33.3,46.0,44.8,20.4,,55.3,79.6,65.9,3.4,,,3.5,,%
E14000601,18.0,30.5,37.5,22.2,19.4,,62.5,80.6,89.4,3.7,,21.1,3.8,,%
E14000602,35.3,24.3,56.8,25.4,15.2,21.1,43.2,84.8,87.7,7.3,,,7.3,,%
E14000603,20.9,38.3,55.0,46.6,17.3,,45.0,82.7,100.0,4.2,,,4.4,,%
E14000604,25.8,31.0,100.0,39.8,16.7,,24.4,83.3,100.0,8.3,,,8.8,,%
E14000605,33.4,30.6,48.2,40.0,17.1,,51.8,82.9,100.0,2.9,,28.5,3.1,,%
E14000606,34.0,35.1,73.6,63.0,21.7,68.9,71.1,78.3,44.6,3.8,,,3.9,,%
E14000607,49.9,40.3,72.3,28.5,15.9,82.3,49.0,84.1,90.3,6.0,,25.1,6.3,31.1,%
E14000608,39.3,28.1,68.3,38.2,12.5,22.4,31.7,87.5,100.0,2.7,,21.9,2.8,,%
E14000609,45.3,38.1,100.0,29.7,22.4,,,77.6,79.1,6.0,,,6.1,,%
E14000610,26.1,31.9,54.5,54.5,15.1,,45.5,84.9,100.0,3.5,,,4.2,,%
E14000611,7.5,42.0,49.9,27.7,23.8,26.1,67.2,76.2,73.9,3.7,,,3.9,,%
E14000612,28.0,43.1,84.7,64.1,30.4,45.7,36.5,69.6,54.3,2.2,,18.0,2.3,,%
E14000613,26.5,36.3,49.3,40.1,23.4,84.7,50.7,76.6,70.5,4.6,41.8,17.5,4.9,,%
E14000614,25.0,39.8,58.6,31.6,21.2,51.8,41.4,78.8,91.4,1.7,,,4.0,,%
E14000615,19.2,31.2,100.0,75.0,25.8,72.8,55.6,74.2,57.8,7.1,,,7.3,,%
E14000616,35.3,40.6,67.3,51.2,17.5,46.4,41.1,82.5,59.4,4.0,,,4.1,,%
E14000617,68.2,35.9,100.0,90.8,27.3,85.9,82.0,72.7,25.2,7.2,,29.9,7.6,,%
E14000618,36.0,27.4,68.1,59.1,15.7,,51.9,84.3,100.0,4.1,,,4.2,,%
E14000619,60.1,48.0,79.7,72.5,35.9,64.5,20.3,64.1,35.5,4.5,,,4.6,,%
E14000620,12.5,32.4,48.1,27.2,17.1,23.5,51.9,82.9,87.7,3.0,,,5.1,,%
E14000621,40.9,36.0,71.7,61.5,22.5,,77.1,77.5,50.0,5.8,,30.8,6.1,,%
E14000622,19.4,31.7,39.6,15.4,15.7,,87.7,84.3,100.0,6.2,,22.5,6.7,,%
E14000623,29.4,34.5,38.2,25.9,15.8,27.5,88.1,84.2,100.0,4.3,,,4.9,,%
E14000624,28.1,36.4,100.0,63.9,16.1,,44.2,83.9,65.1,3.9,,,4.1,,%
E14000625,48.3,39.6,52.1,36.7,12.8,49.0,47.9,87.2,60.9,3.4,,,3.7,,%
E14000626,35.1,28.5,70.2,62.6,17.5,,67.1,82.5,81.6,4.6,,,4.0,,%
E14000627,29.9,43.7,53.5,46.3,22.7,,46.5,77.3,63.7,4.5,,,4.2,,%
E14000628,33.9,33.9,76.0,100.0,20.1,,100.0,79.9,100.0,4.6,,,5.0,,%
E14000629,32.5,40.0,100.0,57.8,34.9,48.4,,65.1,51.6,4.7,,,5.4,,%
E14000630,15.4,32.6,76.1,40.2,19.3,,48.9,80.7,79.6,2.6,,,2.8,,%
E14000631,36.2,37.4,87.9,47.9,19.0,25.0,18.6,81.0,75.0,5.7,,,6.2,,%
E14000632,24.2,35.9,60.1,32.0,14.9,35.5,39.9,85.1,100.0,2.7,,,2.8,,%
E14000633,35.3,37.9,41.4,81.7,16.6,100.0,100.0,83.4,,,,,,,%
E14000634,14.7,37.8,74.0,36.3,19.5,,34.5,80.5,83.7,6.4,,,6.8,,%
E14000635,13.7,34.6,100.0,22.5,12.4,,43.7,87.6,100.0,2.8,,,5.1,,%
E14000636,19.2,28.2,64.9,35.5,17.9,80.1,43.3,82.1,77.8,5.2,,30.7,5.5,28.0,%
E14000637,25.0,34.0,44.9,30.5,14.0,64.6,55.1,86.0,89.1,,,,,,%
E14000638,16.9,45.6,76.7,45.4,19.4,,44.6,80.6,75.7,3.9,54.7,32.4,4.2,,%
E14000639,18.3,32.8,73.5,41.4,25.5,33.6,32.7,74.5,66.4,2.3,,32.2,2.4,,%
E14000640,31.2,32.3,54.0,61.5,17.3,,100.0,82.7,73.2,,,,,,%
E14000641,46.1,41.7,83.5,70.3,30.7,61.3,46.8,69.3,38.7,6.6,,60.9,6.7,74.9,%
E14000642,,50.6,,51.3,32.1,,,67.9,82.4,7.7,,,,,%
E14000643,10.5,45.1,50.5,25.9,25.7,14.8,49.5,74.3,85.2,3.4,,12.6,2.9,,%
E14000644,58.6,29.8,65.8,55.6,18.8,40.9,34.2,81.2,71.3,8.2,,,8.5,,%
E14000645,29.4,36.5,47.2,40.2,22.6,36.6,52.8,77.4,63.4,3.9,,17.1,4.2,,%
E14000646,38.8,40.4,74.2,45.8,18.4,37.2,35.3,81.6,87.9,3.0,,,3.1,,%
E14000647,,46.1,,21.0,24.8,,73.9,75.2,81.5,4.0,,,4.3,,%
E14000648,36.7,31.3,43.4,31.8,15.1,41.5,56.6,84.9,75.2,3.8,,,4.0,,%
E14000649,27.5,32.6,62.3,56.3,22.3,53.9,37.7,77.7,46.1,4.4,28.1,14.4,4.4,,%
E14000650,26.2,31.4,60.4,40.8,21.1,16.3,39.6,78.9,69.5,8.8,,24.1,8.9,26.8,%
E14000651,16.1,36.3,100.0,47.7,23.3,35.2,62.2,76.7,68.5,5.1,54.1,29.5,5.3,31.1,%
E14000652,38.5,28.5,62.9,49.7,20.8,39.6,37.1,79.2,60.4,3.6,78.9,25.1,3.9,,%
E14000653,20.8,26.9,37.0,20.1,16.3,,63.0,83.7,100.0,5.8,57.3,24.4,6.2,,%
E14000654,35.7,36.5,50.3,49.2,28.2,31.2,49.7,71.8,76.1,7.7,,29.7,7.9,40.8,%
E14000655,32.0,23.1,49.5,31.7,12.5,43.0,66.4,87.5,75.0,7.7,,,8.0,,%
E14000656,31.6,33.9,100.0,55.8,17.8,,73.4,82.2,69.5,1.5,,46.6,1.6,,%
E14000657,22.7,31.4,57.7,42.1,22.4,30.0,42.3,77.6,70.0,7.3,,23.1,7.5,,%
E14000658,20.2,40.5,45.3,31.8,21.1,21.4,54.7,78.9,78.6,4.9,24.7,14.1,5.0,,%
E14000659,29.4,30.5,64.2,48.2,21.7,,35.8,78.3,77.7,7.3,,,7.5,,%
E14000660,13.0,37.5,46.1,35.6,20.7,,40.6,79.3,66.5,,,,,,%
E14000661,11.5,29.0,50.3,16.2,16.8,17.7,87.4,83.2,82.3,6.4,,20.5,6.5,21.0,%
E14000662,37.3,42.8,62.4,57.0,28.9,53.8,37.6,71.1,46.2,4.9,51.5,17.4,5.0,,%
E14000663,26.3,38.0,54.8,45.2,23.4,24.9,45.2,76.6,74.1,8.8,39.0,37.6,9.0,,%
E14000664,32.6,50.8,80.9,70.5,34.4,48.3,38.1,65.6,100.0,4.7,,,,,%
E14000665,33.8,30.8,61.3,24.0,13.5,,38.7,86.5,100.0,3.1,,,3.3,,%
E14000666,23.0,36.1,44.6,29.5,19.8,38.4,55.4,80.2,88.8,5.9,,33.3,6.0,,%
E14000667,26.2,42.1,58.1,41.8,23.4,32.4,41.9,76.6,67.6,2.9,,,4.5,,%
E14000668,23.7,43.3,81.5,56.8,29.4,41.4,18.5,70.6,75.7,3.5,,19.8,3.7,,%
E14000669,23.4,39.7,56.4,25.2,20.8,,43.6,79.2,100.0,5.9,59.9,21.6,6.0,,%
E14000670,12.6,42.7,37.8,24.5,27.1,51.8,77.7,72.9,72.6,3.0,,,4.5,,%
E14000671,22.5,45.8,37.3,30.6,30.3,35.5,62.7,69.7,73.4,16.1,,57.7,16.4,62.4,%
E14000672,30.6,35.3,87.7,40.1,18.5,,52.3,81.5,100.0,7.8,,,5.9,,%
E14000673,25.8,24.1,100.0,47.7,19.5,,,80.5,100.0,3.6,,,3.6,,%
E14000674,19.8,22.1,100.0,27.4,13.6,43.3,,86.4,100.0,8.3,,,8.7,,%
E14000675,37.1,28.4,55.0,46.3,18.0,,,82.0,59.9,6.0,,,10.8,,%
E14000676,53.2,15.0,86.1,65.6,12.8,,,87.2,,7.8,,,7.8,,%
E14000677,18.0,43.8,100.0,29.7,21.4,,,78.6,86.2,4.4,,,4.7,,%
E14000678,31.4,38.6,42.2,49.3,16.0,55.3,57.8,84.0,44.7,3.1,,,3.3,,%
E14000679,26.4,25.8,76.5,43.9,23.7,65.7,30.6,76.3,82.8,11.8,,56.0,12.1,58.2,%
E14000680,48.0,40.2,41.1,46.2,21.2,46.1,55.8,78.8,58.9,5.3,,,5.6,,%
E14000681,18.4,36.7,100.0,43.2,21.0,38.8,43.9,79.0,61.2,3.5,,,3.8,,%
E14000682,13.1,42.6,56.3,30.1,24.9,,43.7,75.1,100.0,4.0,,,4.1,,%
E14000683,15.5,41.7,53.6,24.7,20.5,,46.4,79.5,100.0,5.3,,14.9,5.5,,%
E14000684,16.7,40.1,48.7,37.0,23.0,,51.3,77.0,100.0,6.6,,,5.9,,%
E14000685,30.4,26.7,56.2,21.4,13.7,,75.2,86.3,83.8,,,,,,%
E14000686,20.9,29.5,69.4,23.3,17.1,,55.3,82.9,90.1,3.1,,,,,%
E14000687,22.9,34.3,85.2,43.8,26.7,,51.7,73.3,81.7,7.6,,,7.7,,%
E14000688,32.0,35.0,60.5,44.1,19.1,,100.0,80.9,100.0,5.6,,,5.7,,%
E14000689,35.3,35.4,64.5,85.6,22.8,100.0,33.1,77.2,82.0,4.8,,26.8,3.8,,%
E14000690,29.5,38.9,79.2,54.2,24.4,,44.3,75.6,64.0,3.9,,,4.0,,%
E14000691,15.0,35.3,60.7,48.8,27.7,,52.0,72.3,100.0,6.5,,,6.7,,%
E14000692,43.6,31.9,67.4,68.8,9.0,32.2,,91.0,100.0,7.7,,,8.6,,%
E14000693,39.5,38.4,75.6,59.9,22.1,48.6,30.2,77.9,66.9,3.0,,,3.1,,%
E14000694,49.0,37.5,100.0,47.7,17.5,34.4,46.0,82.5,65.6,4.8,,,6.6,,%
E14000695,30.7,28.6,61.9,31.3,13.8,,100.0,86.2,100.0,5.0,,,5.2,,%
E14000696,20.3,26.8,77.5,36.0,19.2,25.0,,80.8,100.0,10.1,,58.8,10.2,50.7,%
E14000697,25.7,36.5,100.0,39.4,23.0,56.0,66.0,77.0,78.8,2.6,,,2.7,,%
E14000698,27.9,30.2,23.9,30.5,20.7,36.8,76.1,79.3,66.8,8.1,,,8.4,,%
E14000699,39.0,27.1,53.0,27.3,11.0,23.0,68.7,89.0,77.2,3.9,,,4.6,,%
E14000700,24.9,39.8,41.4,23.5,16.3,,68.7,83.7,80.9,5.7,,,6.4,,%
E14000701,19.4,32.8,77.5,54.1,25.6,49.1,47.5,74.4,81.9,6.6,,45.3,6.8,51.3,%
E14000702,31.4,35.0,23.2,36.6,18.3,52.9,76.8,81.7,47.1,2.5,,,2.6,,%
E14000703,29.8,28.6,75.6,43.4,19.0,,23.1,81.0,74.8,4.2,,,3.4,,%
E14000704,23.0,36.1,61.8,37.2,15.6,52.9,62.5,84.4,63.0,5.3,,46.7,5.7,,%
E14000705,16.4,39.0,38.0,19.7,17.7,60.0,62.0,82.3,100.0,4.8,,,4.4,,%
E14000706,18.7,42.8,75.6,28.2,17.4,,47.6,82.6,100.0,,,,,,%
E14000707,21.9,44.6,40.0,49.9,28.2,63.2,60.0,71.8,,12.3,,,13.6,,%
E14000708,26.4,43.0,57.0,56.2,30.9,55.1,43.0,69.1,44.9,6.3,67.2,37.9,6.4,,%
E14000709,21.5,35.7,53.6,35.6,22.8,,46.4,77.2,90.8,4.7,27.4,16.1,4.7,32.5,%
E14000710,41.5,46.8,76.0,51.0,24.9,35.9,24.0,75.1,73.5,6.0,,,6.3,,%
E14000711,22.4,28.9,38.0,36.3,15.1,34.6,62.0,84.9,65.4,2.9,,35.9,2.5,,%
E14000712,26.7,26.4,28.6,11.1,8.8,30.5,71.4,91.2,100.0,4.2,,,4.3,,%
E14000713,35.4,35.3,54.6,30.3,20.1,41.2,45.4,79.9,100.0,3.1,,,3.1,,%
E14000714,19.6,47.4,60.8,53.2,28.9,,39.2,71.1,100.0,8.5,,44.0,8.8,,%
E14000715,19.3,42.3,70.0,52.2,29.4,,30.0,70.6,100.0,6.1,,,6.2,,%
E14000716,17.9,39.4,65.0,43.0,23.2,29.1,35.0,76.8,70.9,4.9,,31.2,4.8,,%
E14000717,29.4,40.7,23.7,34.2,21.9,,71.6,78.1,100.0,9.7,,27.5,9.8,,%
E14000718,44.0,32.4,100.0,77.2,26.0,50.5,,74.0,49.5,5.7,,34.7,5.9,37.4,%
E14000719,32.1,29.4,70.2,51.9,16.3,60.8,,83.7,54.3,6.2,,,6.6,,%
E14000720,41.4,20.0,80.1,58.2,14.6,51.4,,85.4,73.1,5.5,,,5.6,,%
E14000721,38.3,23.6,60.7,40.8,14.1,,39.3,85.9,78.1,3.8,,,3.8,,%
E14000722,17.5,37.3,45.1,35.9,23.5,32.8,54.9,76.5,67.2,2.8,,,3.0,,%
E14000723,19.3,41.4,57.5,49.7,28.7,45.9,42.5,71.3,54.1,4.3,,,4.5,,%
E14000724,38.1,37.0,32.2,27.8,14.0,25.3,67.8,86.0,74.7,1.8,,17.9,1.8,28.7,%
E14000725,27.2,42.5,35.4,32.8,20.8,29.5,64.6,79.2,70.5,4.4,,25.5,4.5,,%
E14000726,21.8,27.5,100.0,59.2,20.8,48.3,37.6,79.2,51.7,4.5,,,4.3,,%
E14000727,47.2,31.9,100.0,38.2,20.7,26.8,43.2,79.3,73.2,3.9,,,4.1,,%
E14000728,19.5,31.4,35.6,41.8,16.6,,64.4,83.4,54.0,2.8,100.0,21.2,3.1,,%
E14000729,25.4,36.1,59.2,51.7,20.5,44.9,40.8,79.5,55.1,5.8,100.0,45.7,6.0,,%
E14000730,36.7,45.2,49.4,49.7,24.8,,50.6,75.2,84.7,2.5,,,2.0,,%
E14000731,26.6,41.1,100.0,69.4,19.9,,79.1,80.1,100.0,5.2,88.0,59.4,5.6,,%
E14000732,53.9,39.0,80.3,58.5,25.1,37.9,59.0,74.9,63.5,10.2,,53.6,10.6,,%
E14000733,23.6,46.1,74.2,46.8,30.8,29.0,25.8,69.2,100.0,5.6,35.9,11.0,5.6,12.1,%
E14000734,45.9,36.1,100.0,29.3,16.1,38.3,88.6,83.9,61.7,8.2,,,8.9,,%
E14000735,25.0,36.3,76.3,46.8,19.5,,65.7,80.5,74.7,7.2,,52.8,7.1,52.4,%
E14000736,34.1,40.4,65.4,40.5,25.1,42.1,41.3,74.9,70.5,,,,,,%
E14000737,15.4,33.6,80.0,72.4,26.9,65.3,38.4,73.1,55.8,7.1,67.1,22.2,7.6,,%
E14000738,21.7,40.1,100.0,59.6,21.0,36.1,53.7,79.0,63.9,4.8,,31.3,5.0,47.1,%
E14000739,34.4,28.3,100.0,84.5,7.6,64.9,43.9,92.4,67.1,2.6,,,2.7,,%
E14000740,18.5,47.5,69.1,56.0,33.3,47.2,30.9,66.7,52.8,3.4,,17.1,3.5,,%
E14000741,39.6,30.2,81.3,66.4,24.2,52.1,,75.8,47.9,9.4,,65.4,9.7,,%
E14000742,38.8,39.1,71.9,52.4,19.8,,28.1,80.2,75.8,3.6,,,6.2,,%
E14000743,16.2,36.5,41.3,31.3,16.2,27.8,58.7,83.8,75.8,2.9,60.6,21.6,3.0,,%
E14000744,25.3,29.7,50.6,42.2,16.6,37.8,49.4,83.4,62.2,4.3,,,4.4,,%
E14000745,19.7,41.8,80.0,45.2,28.7,,29.0,71.3,62.9,9.8,,,9.6,,%
E14000746,18.7,52.9,60.0,51.2,34.2,38.2,40.0,65.8,61.1,,,,,,%
E14000747,21.5,39.5,52.0,29.0,21.4,18.9,48.0,78.6,81.1,5.9,,17.5,5.8,,%
E14000748,32.9,35.2,100.0,69.4,18.0,,44.8,82.0,,,,,,,%
E14000749,56.7,27.0,56.0,37.4,14.6,,44.0,85.4,86.2,3.3,,,3.5,,%
E14000750,32.0,32.5,100.0,53.8,24.6,38.4,49.0,75.4,61.6,5.6,,,6.0,,%
E14000751,53.7,33.0,82.1,51.3,21.3,,17.9,78.7,83.7,3.5,,,3.7,,%
E14000752,41.3,28.1,90.9,44.3,18.5,,34.5,81.5,92.7,4.6,,,4.4,,%
E14000753,30.4,27.4,55.1,32.3,15.7,44.2,44.9,84.3,89.5,3.4,,22.4,3.6,,%
E14000754,11.2,44.0,35.1,24.3,24.4,21.2,64.9,75.6,82.2,6.5,,15.2,6.6,,%
E14000755,30.8,28.0,46.5,36.0,14.1,,53.5,85.9,73.3,2.7,76.0,41.6,2.8,,%
E14000756,30.5,32.1,60.2,29.1,19.9,40.1,39.8,80.1,87.3,4.7,,20.4,4.8,,%
E14000757,17.7,29.1,32.9,17.8,15.0,38.1,77.0,85.0,85.8,4.7,50.4,19.1,4.9,,%
E14000758,16.5,36.9,41.7,49.2,27.0,,58.3,73.0,68.1,6.1,,,6.3,,%
E14000759,45.3,31.1,64.8,52.4,22.0,45.1,35.2,78.0,54.9,5.6,,18.2,5.9,,%
E14000760,34.7,34.7,85.3,57.1,27.5,29.6,22.2,72.5,91.4,5.9,,,6.1,,%
E14000761,23.9,41.2,,31.3,18.7,,100.0,81.3,83.8,8.3,,,8.6,,%
E14000762,22.0,49.1,61.3,36.1,25.1,33.2,38.7,74.9,94.5,5.3,31.9,12.6,5.3,18.9,%
E14000763,44.6,22.7,41.1,25.8,13.8,31.0,86.0,86.2,72.4,6.7,100.0,43.6,6.2,,%
E14000764,24.1,25.8,100.0,48.9,16.4,39.6,,83.6,64.5,6.5,,31.8,6.1,,%
E14000765,15.5,42.4,51.4,46.8,24.9,42.2,48.6,75.1,57.8,5.0,,14.2,4.5,14.6,%
E14000766,27.2,33.0,87.9,45.5,18.3,22.4,69.3,81.7,82.8,5.3,,,5.7,,%
E14000767,31.8,36.5,57.8,24.1,14.7,37.6,91.8,85.3,84.3,4.9,,,5.1,,%
E14000768,47.8,41.4,86.5,66.5,31.9,52.6,24.6,68.1,47.4,8.5,,45.2,9.1,,%
E14000769,22.4,46.4,48.4,50.4,29.5,51.4,51.6,70.5,70.6,3.5,,,3.6,,%
E14000770,33.8,28.0,48.4,44.3,17.4,41.3,51.6,82.6,58.7,3.5,,21.8,3.6,,%
E14000771,12.3,32.8,43.0,25.3,18.5,28.2,84.7,81.5,71.8,7.2,,18.0,7.3,,%
E14000772,15.8,38.0,32.0,30.0,26.2,28.4,68.0,73.8,71.6,7.7,42.5,26.7,7.9,,%
E14000773,11.4,32.3,49.3,14.0,20.4,46.7,50.7,79.6,100.0,3.4,,,3.5,,%
E14000774,33.2,27.5,70.4,25.9,10.0,18.5,29.6,90.0,88.5,3.9,,13.5,4.1,,%
E14000775,26.9,38.8,70.2,48.2,25.7,24.0,29.8,74.3,76.0,4.7,39.0,23.4,4.7,,%
E14000776,40.5,30.9,75.7,50.3,15.2,47.7,69.0,84.8,88.5,10.0,,,10.1,,%
E14000777,34.8,48.4,77.9,60.6,44.5,52.1,22.1,55.5,47.9,8.7,,,8.9,,%
E14000778,40.5,38.3,100.0,79.5,31.8,84.9,29.1,68.2,40.8,3.3,,,7.4,,%
E14000779,13.6,30.4,36.2,25.2,16.9,30.2,63.8,83.1,69.6,,,,,,%
E14000780,58.3,42.1,100.0,55.5,25.4,48.3,56.0,74.6,51.7,,,,,,%
E14000781,20.5,33.6,100.0,31.3,26.6,44.1,,73.4,89.6,10.3,,38.0,10.3,38.0,%
E14000782,24.6,38.3,87.4,34.8,24.0,20.0,19.6,76.0,100.0,11.2,,39.2,11.4,37.9,%
E14000783,25.3,39.2,68.5,47.4,31.3,28.6,31.5,68.7,71.4,10.8,77.9,49.9,10.4,38.9,%
E14000784,35.7,33.1,72.9,46.6,25.6,31.4,27.1,74.4,68.6,6.1,,41.2,6.3,,%
E14000785,19.9,35.8,47.3,60.9,20.2,,52.7,79.8,79.3,8.4,72.2,72.2,8.0,,%
E14000786,23.5,40.6,63.2,56.2,21.8,,52.6,78.2,71.9,9.8,,,10.5,,%
E14000787,31.0,29.3,79.5,61.2,21.1,60.9,62.5,78.9,75.8,9.7,,41.9,9.8,,%
E14000788,38.7,29.0,100.0,62.3,14.8,69.5,46.7,85.2,,3.4,100.0,54.9,3.6,,%
E14000789,33.8,27.8,73.9,53.1,18.6,40.9,48.6,81.4,59.1,4.6,,,4.6,,%
E14000790,31.2,24.7,74.5,56.0,18.6,34.6,,81.4,63.4,7.2,,,7.6,,%
E14000791,43.6,39.1,50.0,33.1,16.1,58.4,50.0,83.9,100.0,6.9,,,7.1,,%
E14000792,25.3,27.7,45.9,39.1,17.6,,54.1,82.4,66.2,5.6,,,5.6,,%
E14000793,64.8,34.9,53.5,48.9,25.0,53.2,100.0,75.0,46.8,4.3,,25.2,4.3,,%
E14000794,14.5,42.6,51.8,40.2,27.1,59.9,64.6,72.9,70.7,4.9,,,4.9,,%
E14000795,37.3,43.6,68.4,57.2,32.1,32.4,,67.9,100.0,5.2,,,5.4,,%
E14000796,22.8,31.2,42.1,47.9,25.6,54.4,57.9,74.4,45.6,12.0,,44.7,12.5,,%
E14000797,28.7,38.5,67.3,64.2,28.0,62.3,32.7,72.0,37.7,4.1,,,4.2,,%
E14000798,26.5,49.5,54.0,64.2,23.3,32.9,46.0,76.7,100.0,6.9,,28.4,7.6,,%
E14000799,19.8,39.2,68.4,50.4,20.1,,31.6,79.9,100.0,5.0,,,5.3,,%
E14000800,38.5,38.1,75.4,49.3,25.2,32.8,24.6,74.8,67.2,5.5,,19.5,5.8,,%
E14000801,31.5,44.7,67.0,53.1,31.2,44.7,33.0,68.8,55.3,8.3,,41.1,8.5,37.4,%
E14000802,35.6,42.9,85.6,59.4,25.0,34.6,72.4,75.0,70.8,5.4,,,5.7,,%
E14000803,31.7,34.4,55.8,40.2,17.4,26.7,44.2,82.6,73.3,5.0,33.4,25.0,5.3,20.6,%
E14000804,25.6,29.8,34.6,40.9,16.8,46.1,65.4,83.2,53.9,7.5,,,7.5,,%
E14000805,33.6,46.6,92.3,71.9,34.1,41.0,49.9,65.9,59.0,,,,,,%
E14000806,18.6,41.0,63.8,49.3,18.2,,85.0,81.8,100.0,3.7,,,3.8,,%
E14000807,34.4,29.2,86.6,37.8,26.5,18.3,,73.5,81.7,12.8,,32.1,13.0,27.7,%
E14000808,46.8,34.9,85.2,53.4,26.2,44.6,51.9,73.8,77.3,11.4,,74.0,11.8,,%
E14000809,23.0,27.8,80.9,69.7,21.1,61.3,62.4,78.9,33.4,6.6,,,6.8,,%
E14000810,26.8,39.2,100.0,44.4,22.5,56.6,60.7,77.5,78.9,7.2,,,7.2,,%
E14000811,27.8,42.3,73.2,61.3,21.5,,69.8,78.5,63.4,5.6,38.7,15.1,6.4,,%
E14000812,18.1,39.0,54.9,26.7,18.6,18.7,45.1,81.4,91.6,1.9,,13.8,2.0,,%
E14000813,24.3,30.9,61.8,37.6,19.5,24.8,38.2,80.5,75.2,1.9,,,2.8,,%
E14000814,26.6,36.6,43.5,20.4,19.7,60.7,56.5,80.3,100.0,6.5,,,7.4,,%
E14000815,24.7,38.4,47.7,31.3,17.2,18.6,52.3,82.8,81.4,5.1,45.4,30.9,5.5,23.7,%
E14000816,25.0,42.8,100.0,77.8,24.8,42.5,50.0,75.2,63.7,4.4,,20.7,4.5,,%
E14000817,14.7,35.0,47.3,38.8,15.8,,100.0,84.2,83.3,,,,,,%
E14000818,30.4,46.0,68.4,63.5,25.2,,36.0,74.8,65.5,4.3,,,4.5,,%
E14000819,27.6,36.9,69.4,46.2,27.4,31.3,30.6,72.6,68.7,5.3,41.8,11.6,5.4,,%
E14000820,26.4,44.4,75.2,50.0,28.1,20.7,24.8,71.9,79.3,4.1,37.4,19.2,4.2,18.0,%
E14000821,30.3,31.1,59.6,37.1,14.2,47.1,40.4,85.8,88.0,2.7,,,2.8,,%
E14000822,30.4,32.3,65.7,42.8,20.3,18.8,34.3,79.7,81.2,4.3,37.8,14.7,4.5,21.3,%
E14000823,43.8,24.0,61.2,24.6,10.6,56.5,,89.4,100.0,5.5,,,5.5,,%
E14000824,30.3,28.6,78.6,26.1,14.7,70.4,52.4,85.3,90.9,,,,,,%
E14000825,15.8,36.6,18.3,19.3,16.5,,81.7,83.5,79.4,3.8,,,3.9,,%
E14000826,30.6,33.0,100.0,60.5,22.4,38.8,74.5,77.6,71.8,3.2,,,3.2,,%
E14000827,30.3,49.2,100.0,46.2,23.1,,37.4,76.9,78.4,3.3,,,4.1,,%
E14000828,27.5,39.1,49.2,35.3,17.5,,70.4,82.5,60.3,4.6,,45.8,5.0,,%
E14000829,16.5,41.6,55.4,62.7,26.0,68.0,44.6,74.0,32.0,3.9,,,4.3,,%
E14000830,12.1,30.5,51.9,26.4,13.8,20.9,48.1,86.2,88.2,1.0,,8.7,1.1,,%
E14000831,49.1,50.2,96.6,57.2,39.6,30.6,35.7,60.4,69.4,5.6,,,5.7,,%
E14000832,39.4,35.0,64.4,36.0,24.6,25.9,35.6,75.4,74.1,6.4,,11.0,6.5,,%
E14000833,36.2,38.8,63.0,39.1,23.9,30.8,37.0,76.1,69.2,6.6,,29.6,6.7,35.1,%
E14000834,51.3,42.3,82.6,45.8,30.5,,36.8,69.5,100.0,4.1,,,4.2,,%
E14000835,30.2,36.4,47.9,31.5,14.4,,52.1,85.6,82.4,3.5,,,3.7,,%
E14000836,10.1,44.8,100.0,46.0,23.1,34.1,75.6,76.9,73.7,5.2,,20.6,5.3,21.2,%
E14000837,16.0,41.4,100.0,36.1,20.6,,100.0,79.4,100.0,3.3,,,3.6,,%
E14000838,28.5,47.4,85.3,72.6,29.5,65.9,64.9,70.5,58.0,,,,,,%
E14000839,23.4,40.6,51.9,28.9,17.7,26.2,48.1,82.3,84.5,3.6,,15.0,3.8,,%
E14000840,11.9,42.8,45.3,42.8,28.8,41.4,54.7,71.2,58.6,7.2,,,7.5,,%
E14000841,33.6,30.7,71.1,59.0,12.8,43.4,28.9,87.2,56.6,3.4,48.2,56.7,3.5,,%
E14000842,21.1,43.6,43.7,20.8,23.5,62.4,56.3,76.5,100.0,3.8,,20.1,3.9,,%
E14000843,26.2,45.8,43.2,31.1,19.3,44.0,56.8,80.7,78.9,,,,,,%
E14000844,31.7,27.5,45.4,28.6,12.9,,54.6,87.1,85.9,6.4,44.8,13.8,7.3,,%
E14000845,64.6,43.9,100.0,80.7,16.7,,56.1,83.3,100.0,6.0,,35.6,6.2,,%
E14000846,46.7,41.4,57.7,52.5,21.8,45.3,42.3,78.2,54.7,2.3,,,2.4,,%
E14000847,22.1,50.5,60.6,36.3,28.3,,39.4,71.7,100.0,1.1,,18.2,1.2,27.6,%
E14000848,,45.4,37.2,68.3,22.0,,100.0,78.0,76.1,9.3,,,10.8,,%
E14000849,36.7,38.6,49.7,44.0,20.5,37.0,50.3,79.5,63.0,2.1,,,2.2,,%
E14000850,26.0,41.9,60.1,45.8,17.5,34.3,39.9,82.5,65.7,2.1,,14.4,2.2,,%
E14000851,22.6,29.9,45.3,29.8,13.4,26.7,54.7,86.6,85.7,5.5,28.3,16.5,5.4,34.7,%
E14000852,20.5,43.6,83.9,52.6,26.3,,70.3,73.7,100.0,2.9,,,3.1,,%
E14000853,18.9,42.1,73.5,39.6,27.1,21.9,26.5,72.9,78.1,7.0,45.0,22.0,7.3,23.8,%
E14000854,18.4,43.7,41.2,46.3,22.9,,58.8,77.1,58.0,2.5,,,2.5,,%
E14000855,17.3,34.6,60.3,30.2,17.1,17.3,39.7,82.9,82.7,2.3,35.1,16.4,2.4,15.9,%
E14000856,26.8,46.7,38.3,25.1,27.5,,71.0,72.5,100.0,3.7,,,3.8,,%
E14000857,18.9,37.1,57.5,46.6,23.5,49.1,42.5,76.5,50.9,3.0,,,3.1,,%
E14000858,36.2,31.3,67.0,35.9,14.2,,100.0,85.8,83.3,3.3,,,3.4,,%
E14000859,26.5,35.3,41.5,34.7,18.4,,58.5,81.6,100.0,6.3,,,7.0,,%
E14000860,10.9,32.2,27.3,13.4,15.6,,72.7,84.4,100.0,3.8,,,4.1,,%
E14000861,26.7,33.6,100.0,48.1,18.6,59.7,42.6,81.4,66.0,9.3,,44.4,9.6,,%
E14000862,26.4,29.4,56.1,19.7,14.4,,29.9,85.6,100.0,9.5,,,9.8,,%
E14000863,46.5,22.9,85.7,41.9,11.7,,41.4,88.3,100.0,2.3,,,5.0,,%
E14000864,17.0,32.5,100.0,20.7,19.4,18.4,,80.6,81.6,4.8,,,5.1,,%
E14000865,41.5,26.0,60.9,33.2,16.7,21.5,39.1,83.3,78.5,4.6,,19.7,4.7,,%
E14000866,17.4,41.2,45.2,33.9,31.4,25.8,54.8,68.6,74.2,9.5,,42.4,9.7,57.4,%
E14000867,31.6,37.2,71.1,32.5,22.5,30.7,28.9,77.5,85.9,2.7,,19.5,2.8,22.1,%
E14000868,13.9,30.8,40.1,19.3,15.7,35.6,79.9,84.3,81.2,5.7,39.0,24.0,5.9,,%
E14000869,51.1,27.4,53.3,12.3,11.6,,46.7,88.4,100.0,6.4,,,6.5,,%
E14000870,25.6,45.6,84.7,49.3,30.2,31.6,54.5,69.8,68.4,3.4,,22.9,3.5,25.5,%
E14000871,26.7,42.0,54.5,41.1,31.7,33.5,45.5,68.3,66.5,3.4,,,3.5,,%
E14000872,31.7,35.7,33.6,46.3,21.6,64.6,66.4,78.4,74.4,,,,,,%
E14000873,54.1,31.0,100.0,56.3,25.5,58.9,,74.5,41.1,7.2,,,5.6,,%
E14000874,77.2,34.8,69.9,45.1,19.9,35.4,30.1,80.1,64.6,4.1,37.5,22.2,4.4,,%
E14000875,26.4,34.8,79.0,22.6,20.4,45.9,45.2,79.6,90.6,7.4,,,7.7,,%
E14000876,35.6,35.4,69.2,48.6,17.0,,30.8,83.0,76.4,6.3,,25.7,6.4,,%
E14000877,24.2,34.8,40.4,21.5,16.0,,59.6,84.0,93.2,3.9,,,4.3,,%
E14000878,17.0,39.4,41.2,41.1,23.6,41.1,58.8,76.4,58.9,6.2,,14.2,6.5,,%
E14000879,14.0,36.9,26.6,17.9,15.4,,88.2,84.6,100.0,5.7,,21.5,6.0,,%
E14000880,52.4,43.5,58.3,60.6,33.0,61.8,41.7,67.0,38.2,4.5,,13.0,4.6,,%
E14000881,18.1,38.5,55.5,29.5,19.4,22.0,44.5,80.6,87.7,4.3,37.7,9.4,4.0,17.8,%
E14000882,33.5,24.9,87.6,40.0,21.5,30.3,,78.5,90.9,7.8,,46.0,6.5,15.1,%
E14000883,25.8,32.0,18.8,23.3,13.6,17.0,81.2,86.4,68.1,5.6,54.4,17.1,5.4,,%
E14000884,22.1,34.5,54.6,47.6,19.8,41.6,45.4,80.2,58.4,2.6,,14.8,2.7,17.3,%
E14000885,29.8,40.8,78.3,50.2,29.0,36.1,,71.0,63.9,7.0,,29.1,7.1,,%
E14000886,60.4,36.9,85.9,66.5,20.3,49.8,64.7,79.7,50.2,3.0,,,3.0,,%
E14000887,44.0,32.4,70.8,55.7,26.6,,34.4,73.4,61.5,8.0,,45.8,8.0,,%
E14000888,33.8,31.6,51.4,32.2,10.9,34.3,75.6,89.1,86.0,,,,,,%
E14000889,35.3,30.4,81.1,41.1,16.0,19.1,18.9,84.0,80.9,1.5,,,1.6,,%
E14000890,41.9,29.6,68.5,50.5,17.4,27.3,31.5,82.6,72.7,2.2,40.7,16.4,2.0,,%
E14000891,25.1,46.8,64.7,48.8,24.8,37.1,35.3,75.2,62.9,2.4,,17.4,2.4,,%
E14000892,35.6,38.2,37.8,20.7,24.2,,78.3,75.8,100.0,5.2,,,5.4,,%
E14000893,39.6,31.3,62.7,66.1,20.0,,66.4,80.0,100.0,,,,,,%
E14000894,23.2,38.8,60.2,38.6,22.4,,39.8,77.6,79.0,2.7,,,2.9,,%
E14000895,13.0,36.3,53.1,33.5,17.6,,88.5,82.4,87.6,7.8,,,7.7,,%
E14000896,30.5,30.3,72.8,61.6,16.5,25.2,39.6,83.5,61.7,2.4,,,2.5,,%
E14000897,25.5,40.3,74.0,47.5,28.8,30.6,26.0,71.2,69.4,3.7,,12.7,3.3,,%
E14000898,17.1,32.1,37.9,34.6,14.6,30.2,62.1,85.4,74.0,5.5,47.3,32.4,5.6,,%
E14000899,20.1,31.2,57.2,29.4,15.1,21.9,42.8,84.9,91.3,3.6,,20.2,3.7,,%
E14000900,22.3,32.5,100.0,36.9,20.9,,37.8,79.1,100.0,6.2,,,6.4,,%
E14000901,42.0,36.0,60.0,42.1,14.5,22.9,36.4,85.5,83.3,3.8,,,3.9,,%
E14000902,22.0,40.6,57.7,30.0,21.5,40.6,42.3,78.5,100.0,5.3,,28.0,5.6,,%
E14000903,20.1,41.8,81.4,75.9,26.3,68.4,22.0,73.7,57.6,2.4,67.6,18.3,2.5,,%
E14000904,18.5,37.6,50.7,27.7,23.7,37.2,49.3,76.3,91.0,7.8,,,8.0,,%
E14000905,45.3,30.5,39.9,43.8,15.7,,60.1,84.3,100.0,3.4,,,3.5,,%
E14000906,65.5,27.6,81.0,56.6,10.6,,23.3,89.4,60.9,9.8,,,10.2,,%
E14000907,41.8,30.3,100.0,68.8,14.4,79.4,47.1,85.6,56.8,3.8,,,4.1,,%
E14000908,9.5,31.7,68.0,51.9,19.7,47.0,46.6,80.3,53.0,5.0,,,5.5,,%
E14000909,43.8,40.3,72.4,59.1,21.5,18.3,32.2,78.5,100.0,6.9,,10.2,6.4,,%
E14000910,25.9,36.2,88.4,53.7,21.0,33.0,35.0,79.0,67.0,3.7,,,3.9,,%
E14000911,24.7,32.2,67.4,32.9,19.6,28.2,43.6,80.4,71.8,2.7,,21.8,2.8,,%
E14000912,41.2,37.4,78.9,44.6,16.4,,49.1,83.6,74.9,3.5,,,3.1,,%
E14000913,8.1,43.6,25.6,23.6,23.5,,74.9,76.5,76.9,3.9,,22.9,4.3,,%
E14000914,9.0,43.7,31.1,30.5,29.5,30.1,68.9,70.5,69.9,8.6,52.8,37.0,8.8,25.6,%
E14000915,14.5,37.4,53.4,53.6,26.5,53.7,46.6,73.5,46.3,5.5,,,5.9,,%
E14000916,34.9,44.2,69.0,37.7,20.5,22.0,31.0,79.5,90.2,3.1,,,3.4,,%
E14000917,21.7,34.2,50.0,25.4,17.3,,50.0,82.7,93.1,2.2,,,2.3,,%
E14000918,29.7,38.5,100.0,47.5,19.1,40.6,,80.9,86.0,4.5,,,4.7,,%
E14000919,41.2,27.3,61.9,36.4,17.4,27.8,79.4,82.6,72.2,7.8,85.0,27.9,8.0,,%
E14000920,46.1,38.7,65.6,61.3,27.6,54.3,34.4,72.4,45.7,5.3,,,5.4,,%
E14000921,22.0,38.4,82.4,48.9,31.1,35.0,33.9,68.9,65.0,6.8,,,6.0,,%
E14000922,33.3,40.7,56.2,55.8,24.4,55.5,35.3,75.6,44.5,4.0,,,4.2,,%
E14000923,26.0,40.2,61.2,35.6,27.7,,38.8,72.3,100.0,3.8,,,4.0,,%
E14000924,18.8,28.1,28.2,55.2,20.8,100.0,71.8,79.2,69.5,7.9,64.3,64.3,8.4,,%
E14000925,15.9,40.5,100.0,57.9,19.7,,,80.3,63.6,5.4,,,5.7,,%
E14000926,32.1,34.3,41.8,42.1,17.0,,58.2,83.0,57.5,2.4,28.1,25.3,2.6,,%
E14000927,20.6,30.4,100.0,20.4,16.3,,95.0,83.7,100.0,11.3,,48.3,11.7,48.3,%
E14000928,27.6,37.9,73.0,47.4,16.2,,64.3,83.8,100.0,,,,,,%
E14000929,24.5,38.4,82.3,59.8,14.4,31.1,43.9,85.6,100.0,3.4,,,3.5,,%
E14000930,41.6,30.9,78.4,62.0,24.8,46.9,21.6,75.2,53.1,6.2,56.7,21.4,6.4,14.7,%
E14000931,38.5,40.8,70.6,45.6,20.8,29.4,29.4,79.2,70.6,2.9,,24.0,3.0,,%
E14000932,17.1,35.4,40.0,19.2,15.7,,83.3,84.3,79.7,2.4,,,2.7,,%
E14000933,50.2,32.8,53.3,40.2,17.6,35.2,46.7,82.4,64.8,5.7,,26.5,5.9,20.6,%
E14000934,35.6,38.1,82.7,58.7,13.7,41.8,45.0,86.3,74.1,7.2,27.3,25.8,7.5,,%
E14000935,21.7,31.2,44.0,20.9,15.1,22.5,56.0,84.9,100.0,3.4,,18.3,3.5,,%
E14000936,16.6,46.9,32.2,29.1,23.8,63.2,75.9,76.2,100.0,5.5,,,5.9,,%
E14000937,47.5,29.0,70.7,38.6,15.3,31.8,29.3,84.7,88.5,2.5,,44.3,2.6,,%
E14000938,20.4,33.4,50.0,22.4,13.8,,70.2,86.2,100.0,2.8,,22.5,3.1,,%
E14000939,20.5,39.1,68.8,57.4,20.9,,31.2,79.1,100.0,,,,,,%
E14000940,28.4,32.2,37.5,33.2,16.4,,62.5,83.6,76.1,2.7,,37.9,4.2,,%
E14000941,29.3,41.3,66.6,31.7,19.2,46.2,51.0,80.8,82.5,4.3,,,4.6,,%
E14000942,27.9,36.1,57.7,47.0,20.6,,42.3,79.4,63.8,4.1,31.2,23.0,4.3,,%
E14000943,24.2,38.8,38.7,23.3,17.3,,61.3,82.7,84.7,5.6,,39.5,5.9,46.9,%
E14000944,13.8,48.6,54.8,51.3,34.2,49.1,45.2,65.8,50.9,8.5,53.7,29.8,8.3,27.7,%
E14000945,33.8,36.5,32.5,47.6,24.9,,80.8,75.1,100.0,,,,,,%
E14000946,21.1,42.4,70.9,41.8,20.1,,,79.9,100.0,5.6,,,6.1,,%
E14000947,17.7,35.5,50.9,32.0,19.4,26.1,49.1,80.6,82.4,5.7,66.0,31.9,5.9,,%
E14000948,22.7,52.7,72.8,55.9,32.6,51.8,27.2,67.4,63.8,12.7,,65.2,12.0,60.9,%
E14000949,33.2,30.5,58.0,39.1,17.3,,42.0,82.7,100.0,3.9,,,4.1,,%
E14000950,17.7,36.3,50.6,28.4,15.3,,49.4,84.7,88.7,1.9,,,2.0,,%
E14000951,17.7,32.1,70.4,53.3,17.2,36.1,24.2,82.8,59.8,6.9,,74.8,7.6,,%
E14000952,47.8,40.0,100.0,59.8,20.1,,29.2,79.9,100.0,4.5,,,5.1,,%
E14000953,19.3,33.4,54.4,42.9,17.3,68.3,67.7,82.7,100.0,3.2,,,3.3,,%
E14000954,39.0,30.9,42.6,20.8,11.9,,57.4,88.1,100.0,3.4,,,3.5,,%
E14000955,32.9,34.2,38.5,38.8,18.0,38.9,61.5,82.0,61.1,2.9,,,2.5,,%
E14000956,36.9,32.9,42.6,38.7,22.3,36.8,57.4,77.7,63.2,1.9,42.4,19.3,3.1,,%
E14000957,25.3,37.3,41.2,26.3,14.6,17.0,58.8,85.4,83.0,3.3,,,3.4,,%
E14000958,33.3,42.2,61.7,34.1,19.1,,38.3,80.9,92.6,3.3,,,3.6,,%
E14000959,43.1,43.7,100.0,58.3,23.3,29.7,32.8,76.7,61.2,3.2,,,3.3,,%
E14000960,29.2,31.5,55.2,50.3,17.2,48.6,44.8,82.8,76.8,1.3,,,2.4,,%
E14000961,35.0,39.8,38.2,32.1,18.7,29.6,61.8,81.3,80.0,8.5,,,8.9,,%
E14000962,11.4,43.2,100.0,50.1,18.3,70.5,80.7,81.7,68.7,2.8,,16.7,3.7,,%
E14000963,15.0,40.5,40.9,19.5,25.5,31.1,59.1,74.5,94.7,5.4,,20.8,5.5,,%
E14000964,21.9,44.8,54.5,28.3,24.3,,62.7,75.7,77.3,,,,,,%
E14000965,35.2,37.0,100.0,26.1,19.0,,,81.0,87.7,4.1,,,4.3,,%
E14000966,25.2,34.5,57.9,36.7,13.7,,73.6,86.3,100.0,5.1,,,5.6,,%
E14000967,26.8,37.5,84.9,50.8,24.3,18.7,40.5,75.7,81.3,3.6,,,3.8,,%
E14000968,27.2,31.2,56.2,26.2,17.4,,43.8,82.6,100.0,3.6,,,3.7,,%
E14000969,9.3,38.6,32.2,23.4,24.1,51.6,82.2,75.9,74.4,9.7,72.6,54.2,9.9,35.1,%
E14000970,21.7,42.9,76.5,48.4,27.6,32.3,26.8,72.4,67.7,3.9,40.8,16.3,4.0,,%
E14000971,27.9,35.4,51.4,29.2,16.7,35.7,48.6,83.3,100.0,4.0,,16.3,3.4,,%
E14000972,26.1,40.6,71.8,50.7,25.5,34.7,51.2,74.5,63.9,5.9,,,6.1,,%
E14000973,23.1,43.0,46.3,26.2,22.4,,53.7,77.6,87.8,3.4,,,3.4,,%
E14000974,28.2,42.0,43.6,37.8,22.3,,56.4,77.7,100.0,3.2,,,3.3,,%
E14000975,19.7,51.6,60.7,44.9,26.6,,53.7,73.4,100.0,5.7,,,8.3,,%
E14000976,41.5,38.1,78.7,37.8,18.8,,21.3,81.2,100.0,6.0,,,6.2,,%
E14000977,35.4,33.7,58.3,23.2,15.8,41.4,41.7,84.2,83.9,3.3,,,3.5,,%
E14000978,47.5,25.8,72.2,53.8,14.0,54.7,,86.0,80.4,10.9,,,11.2,,%
E14000979,22.4,27.6,54.5,29.7,16.7,,45.5,83.3,91.3,2.3,,,2.4,,%
E14000980,14.9,38.0,61.1,35.7,21.4,18.6,38.9,78.6,80.1,4.3,,11.2,4.7,,%
E14000981,34.1,45.4,54.5,48.8,19.7,53.3,45.5,80.3,84.2,4.4,,,4.7,,%
E14000982,14.2,36.1,41.9,31.6,22.4,28.6,58.1,77.6,71.4,4.7,,,4.9,,%
E14000983,17.3,28.7,45.5,43.1,13.7,40.6,54.1,86.3,59.4,3.7,,,3.9,,%
E14000984,31.5,29.5,47.0,35.1,18.6,44.4,53.0,81.4,80.7,2.4,,,4.6,,%
E14000985,34.5,33.4,42.7,28.9,14.2,,57.3,85.8,77.0,2.2,,,2.3,,%
E14000986,15.7,35.7,43.5,27.7,21.6,32.7,73.7,78.4,70.4,4.8,,,5.0,,%
E14000987,60.5,31.7,48.5,39.1,11.0,61.7,51.5,89.0,52.6,5.6,,,5.4,,%
E14000988,35.7,36.7,63.9,38.8,19.0,,36.1,81.0,81.6,2.0,,,3.3,,%
E14000989,23.4,35.6,79.9,58.7,20.9,,26.2,79.1,61.6,2.8,,,2.8,,%
E14000990,23.5,38.9,64.6,27.2,14.3,23.7,47.9,85.7,100.0,6.0,,,6.4,,%
E14000991,21.8,35.6,100.0,67.5,19.8,29.9,74.0,80.2,100.0,3.5,,,3.9,,%
E14000992,25.5,51.4,87.8,57.4,30.7,44.6,59.3,69.3,55.4,3.0,,19.9,3.1,,%
E14000993,15.1,42.1,42.9,31.9,19.7,25.3,57.1,80.3,74.7,2.7,,19.8,3.0,,%
E14000994,27.9,32.3,63.7,33.4,17.2,26.9,36.3,82.8,84.8,2.3,,,2.4,,%
E14000995,27.6,35.2,59.3,38.0,20.3,9.8,40.7,79.7,91.7,5.4,27.9,14.8,5.1,21.0,%
E14000996,36.4,39.3,64.5,29.2,15.8,,25.7,84.2,100.0,3.8,,,4.0,,%
E14000997,27.2,36.9,52.7,34.4,15.5,46.3,49.0,84.5,75.0,4.3,,,4.7,,%
E14000998,31.9,20.8,100.0,38.4,10.1,25.3,56.2,89.9,100.0,2.8,,,2.9,,%
E14000999,22.8,40.7,26.9,22.8,17.5,20.0,73.1,82.5,80.0,1.4,,,1.4,,%
E14001000,9.5,45.6,47.8,44.2,21.1,,84.2,78.9,64.7,,,,,,%
E14001001,3.7,50.5,49.9,8.4,27.1,50.8,50.1,72.9,100.0,3.2,,,3.4,,%
E14001002,40.9,30.7,100.0,53.6,22.4,40.1,,77.6,59.9,4.1,,,4.2,,%
E14001003,27.7,41.2,57.9,58.3,24.9,58.7,42.1,75.1,41.3,3.0,,,2.9,,%
E14001004,16.0,31.6,50.4,45.7,18.7,,49.6,81.3,58.1,4.0,,,4.3,,%
E14001005,19.4,40.1,100.0,54.8,27.3,43.3,22.7,72.7,78.0,7.6,,,8.1,,%
E14001006,7.7,39.9,40.0,20.5,21.8,44.7,60.0,78.2,100.0,3.5,61.2,23.7,3.6,,%
E14001007,25.6,23.4,29.2,26.0,12.9,27.7,70.8,87.1,79.0,13.9,64.2,43.9,14.1,,%
E14001008,44.2,17.3,100.0,53.8,11.4,84.6,60.1,88.6,63.7,6.9,,,6.0,,%
E14001009,29.5,38.9,38.6,46.1,18.2,38.4,61.4,81.8,100.0,7.1,,,7.2,,%
E14001010,15.0,40.8,72.6,46.2,22.3,36.5,,77.7,63.5,3.7,,,3.3,,%
E14001011,10.9,36.0,81.6,26.1,26.5,62.6,,73.5,81.2,5.5,,,5.7,,%
E14001012,13.2,47.7,78.4,51.0,33.2,47.2,38.2,66.8,52.8,6.9,,,5.9,,%
E14001013,40.4,19.3,58.7,44.6,15.8,56.0,,84.2,44.0,5.3,,77.9,5.6,77.9,%
E14001014,15.6,47.4,78.8,57.8,25.1,38.3,40.6,74.9,61.7,4.4,62.5,27.7,4.6,,%
E14001015,29.5,26.8,61.4,25.5,8.8,34.5,77.9,91.2,84.4,3.0,,23.1,2.4,,%
E14001016,28.5,39.9,81.2,31.5,21.5,,58.3,78.5,86.2,4.8,,,4.8,,%
E14001017,11.7,51.4,100.0,38.9,29.0,,47.5,71.0,71.8,6.2,,,6.4,,%
E14001018,39.8,41.4,72.0,45.9,22.5,27.1,28.0,77.5,90.5,2.7,,,2.8,,%
E14001019,27.0,23.6,49.2,22.8,9.4,49.9,67.5,90.6,83.0,4.5,,13.5,4.8,,%
E14001020,16.4,41.1,65.5,31.7,23.3,,34.5,76.7,86.8,5.4,,23.4,5.1,18.1,%
E14001021,30.4,23.9,81.7,40.5,16.3,41.4,47.6,83.7,100.0,2.9,,,3.0,,%
E14001022,27.3,37.8,70.4,30.0,20.3,,44.0,79.7,100.0,9.3,,,10.0,,%
E14001023,36.6,46.0,100.0,76.7,27.9,,32.6,72.1,55.8,4.1,,24.4,4.3,,%
E14001024,27.2,40.9,82.6,86.1,19.2,74.9,72.5,80.8,77.9,3.0,,15.0,3.1,19.0,%
E14001025,13.2,40.2,55.8,46.2,24.3,40.9,44.2,75.7,59.1,3.1,,,3.3,,%
E14001026,24.3,43.0,63.0,60.9,19.5,,67.6,80.5,74.5,3.4,,,3.7,,%
E14001027,27.8,29.1,69.2,34.3,15.3,,100.0,84.7,100.0,5.0,,,5.3,,%
E14001028,16.8,44.8,71.5,48.4,24.3,31.1,28.5,75.7,78.9,2.0,,17.8,2.1,,%
E14001029,26.8,46.2,82.7,70.0,35.2,,82.1,64.8,81.6,5.4,,28.9,5.9,,%
E14001030,11.0,43.0,100.0,42.3,31.9,30.4,46.3,68.1,69.6,6.1,,50.0,6.2,,%
E14001031,38.0,50.2,61.4,47.8,25.4,66.3,38.6,74.6,67.5,5.5,,,5.9,,%
E14001032,55.8,32.7,84.4,69.3,30.2,62.0,,69.8,38.0,6.9,,,7.1,,%
E14001033,19.6,41.4,48.3,32.4,20.2,30.5,100.0,79.8,69.5,6.2,,,6.7,,%
E14001034,29.6,30.2,70.2,44.6,18.0,,45.1,82.0,74.7,8.1,,,8.6,,%
E14001035,32.8,39.6,78.4,38.2,20.7,75.4,65.3,79.3,65.8,5.6,,15.9,7.2,,%
E14001036,30.1,31.7,57.3,37.6,22.1,27.6,42.7,77.9,72.4,5.1,,,5.2,,%
E14001037,16.2,42.1,47.2,18.6,19.2,,67.1,80.8,89.8,,,,,,%
E14001038,35.9,40.0,64.5,38.3,20.1,22.1,35.5,79.9,77.9,6.3,,17.5,6.6,24.4,%
E14001039,18.2,39.0,100.0,29.1,21.1,53.8,89.6,78.9,46.2,5.3,,17.3,5.4,,%
E14001040,46.8,26.9,100.0,53.9,17.7,42.2,21.2,82.3,90.2,2.0,53.4,49.5,8.9,49.5,%
E14001041,36.0,33.1,58.2,31.8,14.6,40.2,55.8,85.4,80.7,,,,,,%
E14001042,32.1,35.6,71.5,52.7,19.0,39.7,28.5,81.0,60.3,2.8,50.6,12.7,2.8,16.6,%
E14001043,13.0,40.5,66.5,50.0,22.7,,33.5,77.3,72.4,1.7,,,3.7,,%
E14001044,23.5,42.8,100.0,53.0,23.8,,78.2,76.2,84.8,4.7,,58.5,4.4,,%
E14001045,50.3,32.0,76.5,50.6,19.0,,,81.0,78.2,3.8,,,4.1,,%
E14001046,50.1,29.1,77.8,50.9,12.2,,51.8,87.8,83.0,2.7,,,3.1,,%
E14001047,48.2,29.2,63.3,46.1,15.3,,36.7,84.7,73.0,5.1,,,5.4,,%
E14001048,29.8,27.8,65.4,40.6,14.7,34.9,34.6,85.3,100.0,1.8,,,1.9,,%
E14001049,18.7,35.7,76.0,54.3,24.2,,43.5,75.8,80.5,4.6,,72.4,4.8,,%
E14001050,15.4,43.5,73.6,73.6,22.7,53.8,56.6,77.3,100.0,7.4,75.3,41.9,7.7,,%
E14001051,33.1,50.5,65.7,40.8,33.2,31.4,,66.8,68.6,9.4,,,9.8,,%
E14001052,29.1,41.6,100.0,31.8,18.0,,100.0,82.0,100.0,5.0,,,6.1,,%
E14001053,15.0,43.7,36.7,46.1,22.6,27.1,69.3,77.4,86.5,3.9,55.5,21.9,4.1,,%
E14001054,30.1,39.4,84.5,68.8,29.5,54.2,33.0,70.5,45.8,3.6,70.5,37.4,3.7,,%
E14001055,31.8,42.3,71.5,100.0,13.7,68.3,56.9,86.3,58.5,6.6,,,7.2,,%
E14001056,31.7,22.2,57.4,32.1,14.4,,42.6,85.6,88.9,2.4,,37.4,2.5,,%
E14001057,51.4,40.7,82.5,37.4,13.2,,42.8,86.8,87.0,2.7,,,2.9,,%
E14001058,29.2,34.9,50.0,32.5,15.0,,,85.0,100.0,5.0,,,5.2,,%
E14001059,35.9,22.5,60.8,42.9,17.1,,39.2,82.9,75.7,6.4,53.4,27.2,6.3,,%
E14001060,24.3,42.7,62.0,59.4,22.7,56.1,38.0,77.3,43.9,3.6,,,2.8,,%
E14001061,43.5,33.0,65.4,54.0,21.0,49.1,34.6,79.0,50.9,2.7,,14.7,2.8,,%
E14001062,18.0,41.3,35.4,24.7,18.1,33.2,64.6,81.9,83.7,3.0,,19.4,2.2,,%
E14001063,29.3,31.1,45.0,28.4,16.4,,55.0,83.6,100.0,,,,,,%
E14001064,27.8,38.1,52.5,16.6,14.7,28.0,82.2,85.3,92.0,4.2,,27.5,4.3,35.9,%
E14001065,44.3,36.3,88.1,71.2,16.9,47.5,21.7,83.1,100.0,4.4,,,4.6,,%
E14001066,12.0,37.3,39.6,26.0,18.4,,60.4,81.6,84.1,3.6,,17.7,3.7,,%
E14001067,65.7,42.6,55.0,81.2,5.3,81.2,65.0,94.7,,3.0,,,3.3,,%
E14001068,23.1,32.7,79.4,31.6,18.0,48.2,100.0,82.0,82.7,8.8,,35.8,9.1,,%
E14001069,22.7,33.5,58.6,42.6,20.1,37.1,41.4,79.9,62.9,4.3,,20.4,4.5,,%
E14001070,34.9,34.7,91.5,55.9,23.2,37.5,39.4,76.8,62.5,6.1,,20.1,6.2,,%
E14001071,32.4,21.8,81.5,44.4,13.4,,66.4,86.6,81.2,3.5,,,3.7,,%
E14001072,27.7,37.0,62.9,55.6,21.1,79.7,,78.9,82.9,,,,,,%
E14001073,22.7,31.9,100.0,56.4,26.8,27.8,53.9,73.2,72.2,10.4,,,10.7,,%
E14001074,22.9,38.2,49.2,35.4,21.1,19.6,50.8,78.9,81.8,2.8,,,2.9,,%
E14001075,25.8,41.1,62.6,37.1,24.2,28.4,37.4,75.8,81.6,5.0,,30.6,5.2,24.1,%
E14001076,14.3,44.4,54.3,21.6,22.4,25.0,61.9,77.6,82.0,2.5,,,2.7,,%
E14001077,28.2,38.7,68.7,30.0,17.1,,38.2,82.9,100.0,10.5,,,10.8,,%
E14001078,20.9,37.2,48.4,27.8,24.2,38.8,51.6,75.8,100.0,5.6,,,6.1,,%
E14001079,23.9,37.7,46.8,37.9,25.0,32.7,53.2,75.0,67.3,4.5,,,4.8,,%
E14001080,36.5,27.4,39.1,20.0,15.4,10.7,60.9,84.6,89.3,4.5,,10.5,4.3,12.0,%
E14001081,31.5,25.8,,48.9,18.0,,,82.0,100.0,4.7,,,4.8,,%
E14001082,34.1,34.6,59.8,31.4,16.0,29.7,40.2,84.0,81.4,6.8,,24.3,7.2,,%
E14001083,19.7,43.0,86.1,81.4,23.6,78.2,78.2,76.4,100.0,5.3,67.3,74.1,6.0,,%
E14001084,15.2,32.5,47.3,22.6,19.9,51.9,52.7,80.1,100.0,5.4,,,5.5,,%
E14001085,47.5,31.6,100.0,60.0,22.1,66.6,,77.9,59.3,3.6,,,3.7,,%
E14001086,41.5,35.6,100.0,79.4,30.3,58.1,,69.7,78.2,4.2,,23.1,4.3,,%
E14001087,17.9,46.7,73.6,36.6,21.6,31.9,34.3,78.4,100.0,3.1,40.3,16.4,3.2,,%
E14001088,26.8,53.6,83.4,60.6,30.1,,,69.9,100.0,6.4,,,4.6,,%
E14001089,17.0,33.8,65.2,39.0,17.7,41.6,45.5,82.3,71.8,4.2,57.4,31.3,4.4,,%
E14001090,25.5,20.8,25.9,15.6,8.8,,74.1,91.2,100.0,4.5,,,4.6,,%
E14001091,14.3,40.9,50.8,45.6,30.1,39.7,49.2,69.9,60.3,3.8,56.1,29.8,3.9,,%
E14001092,35.5,38.4,89.1,66.5,30.2,49.9,27.5,69.8,50.1,6.1,,33.5,6.1,,%
E14001093,29.2,38.9,67.7,56.9,32.4,41.5,32.3,67.6,58.5,17.5,80.2,40.8,18.0,,%
E14001094,39.8,34.6,67.2,44.1,26.9,31.4,32.8,73.1,68.6,5.0,,48.0,4.3,58.2,%
E14001095,28.4,42.2,84.3,47.8,32.6,33.9,15.7,67.4,87.4,4.2,,,4.3,,%
E14001096,38.3,35.8,81.8,74.4,31.4,72.1,,68.6,51.4,9.1,,41.0,9.3,46.9,%
E14001097,17.7,26.3,38.9,18.2,15.2,,61.1,84.8,100.0,5.9,,,6.1,,%
E14001098,44.5,36.0,73.9,56.7,31.1,36.4,26.1,68.9,66.3,8.7,,48.5,9.2,,%
E14001099,47.5,29.6,73.9,40.9,21.0,31.6,26.5,79.0,68.4,7.9,,23.0,8.2,,%
E14001100,30.7,40.4,73.8,39.9,30.3,44.8,29.4,69.7,90.6,9.0,70.6,45.6,9.1,,%
E14001101,18.5,38.8,27.5,18.9,18.2,38.4,87.6,81.8,79.1,5.3,33.8,22.9,5.5,,%
E14001102,23.3,40.8,53.8,46.0,29.8,39.2,46.2,70.2,60.8,5.2,20.3,16.9,5.4,,%
E14001103,51.6,44.1,94.5,79.8,33.9,66.1,,66.1,70.5,7.4,,,7.6,,%
E14001104,12.1,45.0,24.1,28.2,21.8,48.7,43.8,78.2,84.7,1.8,,,1.8,,%
E14001105,16.3,44.7,57.4,49.7,28.8,42.6,42.6,71.2,57.4,3.7,35.2,21.7,3.7,13.4,%
E14001106,11.2,43.4,66.0,30.6,21.0,46.1,33.5,79.0,100.0,3.8,,,4.0,,%
E14001107,21.2,45.2,55.0,43.7,26.6,35.6,45.0,73.4,64.4,2.4,45.4,23.0,2.5,,%
E14001108,30.7,42.7,25.5,22.4,16.0,,74.5,84.0,82.5,10.1,,,6.1,,%
E14001109,14.9,40.6,75.6,80.4,22.3,,57.9,77.7,100.0,6.9,,,7.3,,%
E14001110,32.5,43.8,68.8,50.5,23.9,100.0,44.2,76.1,100.0,5.9,,78.3,6.0,,%
E14001111,28.4,49.3,79.4,64.6,42.3,54.2,20.6,57.7,45.8,4.5,,68.0,4.5,,%
E14001112,18.9,38.3,50.5,24.7,16.1,34.7,49.5,83.9,79.3,3.2,,,3.4,,%
E14001113,18.0,43.4,67.9,43.9,30.3,29.4,32.1,69.7,84.8,5.3,49.6,18.2,5.6,,%
E14001114,13.0,52.4,100.0,47.9,36.3,69.1,82.2,63.7,72.0,5.4,23.0,19.7,5.8,,%
E14001115,16.4,40.5,42.2,48.5,21.0,57.4,57.8,79.0,34.5,2.6,,13.6,3.2,,%
E14001116,40.8,35.7,72.8,51.6,22.7,42.8,27.2,77.3,57.2,3.9,78.5,34.5,4.0,23.7,%
E14001117,29.7,28.1,55.9,35.6,13.4,23.7,44.1,86.6,76.3,4.6,35.5,14.2,4.7,11.9,%
E14001118,27.8,47.3,62.3,47.7,36.1,,26.9,63.9,68.4,12.7,,,10.6,,%
E14001119,28.8,47.8,50.0,34.2,24.8,73.4,50.0,75.2,82.3,8.1,,,8.2,,%
E14001120,42.6,47.9,74.1,58.3,42.1,46.8,64.6,57.9,53.2,9.0,,70.2,9.5,,%
E14001121,15.6,45.4,25.6,16.8,19.5,,77.0,80.5,100.0,6.0,,,6.6,,%
E14001122,40.8,28.4,100.0,30.4,14.6,28.6,45.8,85.4,81.5,4.4,,,3.7,,%
E14001123,32.9,26.1,67.2,41.8,15.7,67.8,,84.3,44.5,13.1,,,11.2,,%
E14001124,23.9,33.6,50.9,33.0,21.4,46.7,,78.6,76.5,3.1,,,3.1,,%
E14001125,27.7,39.6,80.6,41.3,24.5,,80.0,75.5,87.8,,,,,,%
E14001126,30.0,32.6,68.1,17.7,14.6,,72.7,85.4,100.0,5.3,,,5.6,,%
E14001127,15.7,45.0,74.3,30.4,23.3,,82.7,76.7,100.0,4.4,,,4.7,,%
E14001128,19.3,46.6,58.8,42.9,25.2,33.7,41.2,74.8,80.3,2.8,20.0,14.6,2.6,,%
E14001129,18.5,36.8,72.0,35.8,24.3,55.2,52.8,75.7,72.9,11.6,63.0,32.0,12.0,,%
E14001130,68.9,34.2,86.3,58.0,26.8,43.7,64.5,73.2,56.3,3.7,,17.5,3.5,,%
E14001131,43.0,25.0,56.8,24.0,15.5,64.5,43.2,84.5,93.2,8.3,,,8.3,,%
E14001132,36.7,33.7,64.2,54.2,23.5,,34.8,76.5,81.5,6.3,,,6.4,,%
E14001133,22.8,33.2,33.4,57.2,22.4,69.3,66.6,77.6,47.3,6.7,,,6.9,,%
E14001134,17.1,29.6,46.0,25.9,15.7,27.5,49.2,84.3,100.0,3.2,,18.8,3.2,22.5,%
E14001135,18.0,28.9,46.4,20.8,18.4,,57.4,81.6,100.0,4.0,,25.0,4.1,,%
E14001136,20.9,35.6,55.0,46.6,17.8,,45.0,82.2,100.0,4.2,,,4.5,,%
E14001137,32.8,26.1,47.3,28.9,14.6,,52.7,85.4,76.6,4.3,,,4.4,,%
E14001138,33.4,30.6,48.2,40.0,17.1,,51.8,82.9,100.0,2.9,,28.5,3.1,,%
E14001139,37.5,29.7,67.6,47.3,15.3,64.7,71.1,84.7,44.1,3.7,,,3.9,,%
E14001140,50.6,39.7,75.5,32.0,17.2,89.1,83.1,82.8,83.8,7.0,,32.3,7.3,,%
E14001141,32.0,29.9,67.4,36.1,18.8,23.3,32.6,81.2,100.0,4.1,,15.9,4.3,,%
E14001142,32.9,35.9,100.0,22.0,21.3,,29.6,78.7,85.0,5.1,,,5.1,,%
E14001143,26.1,31.9,54.5,54.5,15.1,,45.5,84.9,100.0,3.5,,,4.2,,%
E14001144,6.2,45.0,49.9,27.7,26.5,26.1,67.2,73.5,73.9,4.6,,,4.9,,%
E14001145,34.7,43.4,84.7,64.6,31.5,51.7,32.5,68.5,48.3,2.6,,19.6,2.6,,%
E14001146,21.6,40.6,50.6,41.3,28.4,,49.4,71.6,67.7,5.7,36.2,20.5,6.2,,%
E14001147,25.7,40.2,58.6,31.6,21.4,51.8,41.4,78.6,91.4,1.8,,,4.1,,%
E14001148,32.7,38.5,60.3,49.4,17.3,43.2,39.7,82.7,56.8,3.4,,,3.5,,%
E14001149,73.1,36.0,100.0,90.1,26.6,85.9,76.6,73.4,73.4,8.3,,37.2,8.7,,%
E14001150,36.0,27.4,68.1,59.1,15.7,,51.9,84.3,100.0,4.1,,,4.2,,%
E14001151,61.4,47.9,79.7,74.4,36.5,68.2,20.3,63.5,31.8,4.7,,,4.9,,%
E14001152,17.1,29.6,41.9,22.2,14.5,19.3,58.1,85.5,91.6,2.4,,,4.5,,%
E14001153,40.9,36.0,71.7,61.5,22.5,,77.1,77.5,50.0,5.8,,30.8,6.1,,%
E14001154,19.4,31.7,39.6,15.4,15.7,,87.7,84.3,100.0,6.2,,22.5,6.7,,%
E14001155,22.4,35.2,32.3,29.2,16.6,27.5,84.9,83.4,100.0,,,,,,%
E14001156,30.4,39.1,100.0,51.7,17.3,28.8,36.6,82.7,75.5,5.2,,,5.5,,%
E14001157,25.9,30.9,56.7,45.5,17.3,,57.6,82.7,69.6,5.0,,,4.4,,%
E14001158,29.9,43.7,53.5,46.3,22.7,,46.5,77.3,63.7,4.5,,,4.2,,%
E14001159,36.9,31.7,76.0,100.0,19.1,,100.0,80.9,100.0,4.6,,,5.0,,%
E14001160,30.8,37.4,100.0,54.9,32.3,44.1,,67.7,55.9,5.6,,43.7,6.4,43.7,%
E14001161,16.7,32.5,76.1,46.5,19.2,,48.9,80.8,74.2,2.9,,,3.1,,%
E14001162,33.8,39.8,79.6,54.0,22.6,32.4,30.0,77.4,67.6,6.3,,,7.0,,%
E14001163,34.8,27.9,85.2,57.6,11.7,,,88.3,74.3,4.5,,,4.7,,%
E14001164,30.1,30.3,64.5,35.5,17.2,,100.0,82.8,100.0,3.2,,,,,%
E14001165,24.2,35.9,60.1,32.0,14.9,35.5,39.9,85.1,100.0,2.7,,,2.8,,%
E14001166,40.2,40.5,50.2,61.2,23.8,82.4,100.0,76.2,22.9,4.4,,,,,%
E14001167,27.0,35.8,86.1,51.2,18.7,,34.5,81.3,73.3,5.0,,,5.3,,%
E14001168,8.0,34.4,46.9,55.1,15.3,,49.1,84.7,61.2,2.7,,,3.5,,%
E14001169,23.2,26.0,65.9,44.6,15.1,76.8,66.3,84.9,69.2,4.1,,43.0,4.3,45.1,%
E14001170,25.0,32.7,44.9,30.5,14.0,64.6,55.1,86.0,89.1,,,,,,%
E14001171,16.9,47.1,76.7,45.4,20.0,,44.6,80.0,75.7,4.1,54.7,32.4,4.4,,%
E14001172,21.8,33.0,100.0,34.0,24.1,25.8,32.7,75.9,74.2,6.2,,32.2,6.5,,%
E14001173,44.2,44.9,83.2,70.8,35.2,62.3,49.5,64.8,37.7,4.8,,17.0,4.8,,%
E14001174,,51.1,,41.0,32.9,,,67.1,82.4,7.4,,,,,%
E14001175,45.2,20.1,100.0,59.8,14.6,,54.6,85.4,100.0,11.2,,,10.7,,%
E14001176,61.7,28.4,65.5,54.4,15.6,40.9,34.5,84.4,80.5,5.3,,,5.5,,%
E14001177,31.4,39.2,57.3,49.0,26.3,44.6,42.7,73.7,55.4,3.9,,,4.1,,%
E14001178,38.1,42.3,100.0,62.0,19.1,37.2,31.4,80.9,87.3,3.5,,,3.6,,%
E14001179,36.5,31.7,37.4,34.3,15.5,41.5,62.6,84.5,67.8,4.9,,,5.3,,%
E14001180,13.3,38.0,81.7,55.4,25.4,47.6,47.3,74.6,52.4,5.6,,22.3,5.6,,%
E14001181,26.2,31.4,60.4,40.8,21.1,16.3,39.6,78.9,69.5,8.8,,24.1,8.9,26.8,%
E14001182,30.2,31.6,66.1,52.0,20.8,45.5,43.8,79.2,54.5,4.1,54.1,27.4,4.2,17.7,%
E14001183,28.9,46.3,79.7,54.2,33.1,28.2,20.3,66.9,71.8,2.0,61.8,21.0,2.1,,%
E14001184,38.5,28.5,62.9,49.7,20.8,39.6,37.1,79.2,60.4,3.6,78.9,25.1,3.9,,%
E14001185,20.8,27.8,37.0,20.1,16.9,,63.0,83.1,100.0,6.1,57.3,24.4,6.4,,%
E14001186,33.4,43.3,43.5,49.2,31.6,31.9,56.5,68.4,74.7,6.6,,31.4,6.8,44.2,%
E14001187,35.4,26.9,100.0,39.6,15.0,,77.9,85.0,100.0,4.4,,46.6,4.5,,%
E14001188,30.1,27.9,100.0,60.6,17.5,,,82.5,66.1,6.1,,,6.2,,%
E14001189,25.2,29.2,63.9,38.5,21.3,19.4,36.1,78.7,80.6,7.8,,18.3,8.0,,%
E14001190,19.5,40.0,43.1,31.1,20.6,21.4,56.9,79.4,78.6,4.6,22.5,13.7,4.7,,%
E14001191,29.4,34.1,71.5,66.9,24.8,,,75.2,78.8,9.0,,,9.0,,%
E14001192,24.4,38.0,65.5,33.0,22.6,,45.2,77.4,70.5,,,,,,%
E14001193,37.3,42.8,62.4,57.0,28.9,53.8,37.6,71.1,46.2,4.9,51.5,17.4,5.0,,%
E14001194,26.3,38.0,54.8,45.2,23.4,24.9,45.2,76.6,74.1,8.8,39.0,37.6,9.0,,%
E14001195,34.7,47.9,82.3,59.6,30.3,48.3,37.1,69.7,72.7,4.0,,,,,%
E14001196,30.7,33.7,56.6,33.7,22.2,,43.4,77.8,100.0,7.2,,39.8,7.5,,%
E14001197,32.7,25.2,63.8,26.1,7.4,,86.4,92.6,82.9,2.2,,,,,%
E14001198,21.1,41.0,81.5,51.4,27.0,46.3,18.5,73.0,85.7,3.3,,17.4,3.4,,%
E14001199,20.7,40.2,35.8,32.0,22.8,30.2,64.2,77.2,69.8,3.3,69.6,21.3,3.5,,%
E14001200,26.9,39.8,56.4,27.6,20.8,,43.6,79.2,94.3,5.2,,21.6,5.3,,%
E14001201,17.3,30.8,78.6,34.8,20.5,100.0,36.1,79.5,86.5,,,,,,%
E14001202,12.6,42.8,37.8,24.5,27.0,51.8,77.7,73.0,72.6,3.0,,,4.5,,%
E14001203,30.4,46.6,79.8,70.8,26.6,,40.3,73.4,65.5,4.7,,,4.9,,%
E14001204,21.2,39.8,37.3,27.4,25.2,31.6,62.7,74.8,77.5,11.9,,49.6,12.0,50.0,%
E14001205,28.5,23.7,100.0,60.3,18.9,40.2,,81.1,100.0,3.7,,,3.7,,%
E14001206,33.2,31.1,58.0,39.1,18.4,,42.0,81.6,100.0,4.2,,,4.4,,%
E14001207,18.6,27.7,100.0,46.6,19.2,43.3,,80.8,74.7,10.4,,,11.0,,%
E14001208,37.1,27.9,55.0,46.3,18.0,,,82.0,59.9,6.0,,,11.3,,%
E14001209,18.3,12.5,74.1,50.7,10.0,,,90.0,,5.6,,,5.6,,%
E14001210,45.3,31.3,79.7,49.6,18.3,21.9,20.3,81.7,78.1,3.3,,,3.4,,%
E14001211,20.2,41.0,100.0,33.0,21.1,,,78.9,87.6,3.9,,,4.1,,%
E14001212,25.5,40.3,39.0,40.6,18.7,,61.0,81.3,78.9,3.4,,,3.5,,%
E14001213,29.7,31.0,76.5,50.4,29.4,65.7,30.6,70.6,77.5,17.6,,72.7,18.3,81.2,%
E14001214,44.6,36.7,43.4,35.1,17.1,36.3,58.5,82.9,78.5,4.5,,,4.9,,%
E14001215,28.0,36.3,100.0,43.2,19.4,38.8,49.2,80.6,61.2,4.7,,,,,%
E14001216,29.6,52.6,79.0,69.4,34.3,40.8,21.0,65.7,76.9,9.2,,39.9,9.6,35.6,%
E14001217,39.2,33.9,89.3,38.9,17.1,55.6,33.4,82.9,91.3,3.7,,,3.3,,%
E14001218,13.1,42.6,56.3,30.1,24.9,,43.7,75.1,100.0,4.0,,,4.1,,%
E14001219,17.2,39.5,48.7,37.0,24.0,,51.3,76.0,100.0,7.1,,,6.4,,%
E14001220,24.9,27.6,37.9,28.7,13.6,35.0,62.1,86.4,100.0,3.4,,,3.5,,%
E14001221,30.0,34.8,74.4,47.4,23.1,,51.9,76.9,78.6,7.2,,,7.6,,%
E14001222,7.9,40.8,43.7,24.8,24.2,,73.3,75.8,76.9,8.8,,,8.9,,%
E14001223,31.7,41.7,85.6,53.2,26.9,,43.8,73.1,72.6,7.6,,,7.9,,%
E14001224,44.3,30.1,61.5,38.8,17.0,45.4,38.5,83.0,85.4,3.7,,,3.9,,%
E14001225,12.5,34.8,60.7,31.1,28.5,,42.0,71.5,100.0,5.9,,,6.1,,%
E14001226,39.5,38.4,75.6,59.9,22.1,48.6,30.2,77.9,66.9,3.0,,,3.1,,%
E14001227,52.2,32.6,57.5,39.5,13.5,30.8,61.2,86.5,69.2,4.9,,,6.7,,%
E14001228,30.7,28.6,61.9,31.3,13.8,,100.0,86.2,100.0,5.0,,,5.2,,%
E14001229,25.3,28.2,83.0,52.3,23.8,30.8,33.3,76.2,80.1,9.0,,53.8,9.1,,%
E14001230,26.5,35.7,100.0,34.6,20.5,42.1,30.6,79.5,87.1,3.6,,,3.7,,%
E14001231,27.8,31.0,29.8,30.0,21.1,36.8,79.0,78.9,66.8,2.9,,,2.9,,%
E14001232,33.4,33.6,40.8,47.8,17.0,55.3,59.2,83.0,44.7,2.9,,,5.3,,%
E14001233,27.3,35.1,82.8,34.4,17.0,22.8,76.1,83.0,100.0,5.3,,,5.3,,%
E14001234,28.0,38.5,63.6,43.0,21.6,46.5,70.0,78.4,100.0,6.6,,,7.0,,%
E14001235,28.2,37.7,41.4,23.5,14.2,,68.7,85.8,80.9,5.6,,,6.2,,%
E14001236,19.4,33.7,,54.1,26.3,49.1,63.4,73.7,81.9,7.3,,53.9,7.6,62.8,%
E14001237,52.8,29.3,27.4,26.7,11.4,34.4,72.6,88.6,74.1,2.7,,,2.8,,%
E14001238,29.8,28.6,75.6,43.4,19.0,,23.1,81.0,74.8,4.2,,,3.4,,%
E14001239,32.5,36.1,70.4,62.1,16.2,,47.3,83.8,80.2,4.8,,38.2,5.4,,%
E14001240,16.4,39.0,38.0,19.7,17.7,60.0,62.0,82.3,100.0,4.8,,,4.4,,%
E14001241,30.9,34.4,48.0,33.7,15.0,25.8,52.0,85.0,74.2,1.7,,,1.8,,%
E14001242,16.6,44.4,75.6,28.2,19.0,,47.6,81.0,100.0,,,,,,%
E14001243,17.7,45.9,36.4,49.9,28.9,63.2,63.6,71.1,,14.0,,,15.7,,%
E14001244,22.7,35.1,38.8,29.8,20.6,,61.2,79.4,89.2,6.7,,22.2,6.8,33.3,%
E14001245,40.7,47.2,76.0,51.0,25.3,35.9,24.0,74.7,73.5,6.0,,,6.3,,%
E14001246,22.4,28.9,38.0,36.3,15.1,34.6,62.0,84.9,65.4,2.9,,35.9,2.5,,%
E14001247,17.5,43.5,52.8,39.9,24.1,,74.0,75.9,61.0,7.9,,,7.1,,%
E14001248,22.7,26.7,28.6,11.1,8.7,30.5,71.4,91.3,100.0,4.4,,,4.5,,%
E14001249,,28.5,,39.5,12.4,,71.0,87.6,74.8,3.4,,,3.6,,%
E14001250,25.3,35.4,35.3,15.2,12.3,54.5,64.7,87.7,100.0,3.6,,,3.7,,%
E14001251,32.8,37.3,70.3,53.0,27.5,43.7,29.7,72.5,67.9,6.2,90.9,46.5,6.5,,%
E14001252,35.4,35.3,54.6,30.3,20.1,41.2,45.4,79.9,100.0,3.1,,,3.1,,%
E14001253,21.3,44.1,65.4,44.7,21.8,,51.5,78.2,100.0,10.3,,61.0,10.6,,%
E14001254,19.3,42.3,70.0,52.2,29.4,,30.0,70.6,100.0,6.1,,,6.2,,%
E14001255,11.6,40.3,57.6,29.1,23.7,21.4,42.4,76.3,78.6,4.8,,14.3,4.5,,%
E14001256,29.4,40.7,23.7,34.2,21.9,,71.6,78.1,100.0,9.7,,27.5,9.8,,%
E14001257,44.1,31.8,100.0,71.1,24.5,,,75.5,58.9,6.4,,45.3,6.7,50.0,%
E14001258,34.7,29.1,70.2,49.8,14.9,60.8,,85.1,54.3,6.4,,,6.9,,%
E14001259,48.1,23.9,71.3,60.2,17.2,62.5,28.7,82.8,76.3,7.6,,,7.8,,%
E14001260,37.3,22.6,64.1,36.8,13.9,,,86.1,81.0,4.1,,,4.2,,%
E14001261,23.2,34.4,55.7,33.5,22.8,23.8,44.3,77.2,76.2,5.1,,,5.4,,%
E14001262,19.0,41.0,57.5,49.7,28.3,45.9,42.5,71.7,54.1,4.1,,,4.3,,%
E14001263,20.6,28.8,68.2,36.2,11.0,44.0,80.3,89.0,100.0,3.9,,,4.2,,%
E14001264,29.0,32.6,100.0,62.3,21.5,56.1,20.7,78.5,43.9,1.5,,,4.2,,%
E14001265,34.6,28.3,100.0,28.5,18.4,20.3,36.1,81.6,88.0,3.7,,,3.9,,%
E14001266,20.4,31.2,35.6,41.8,17.0,,64.4,83.0,54.0,3.0,100.0,21.2,3.2,,%
E14001267,25.4,35.3,59.2,51.7,19.9,44.9,40.8,80.1,55.1,5.6,100.0,45.7,5.8,,%
E14001268,40.4,25.7,49.3,27.2,8.8,48.5,50.7,91.2,100.0,6.8,,,7.3,,%
E14001269,36.7,45.3,49.4,49.7,25.3,,50.6,74.7,84.7,2.5,,,2.1,,%
E14001270,29.0,40.5,100.0,69.4,19.1,,53.6,80.9,100.0,8.4,85.5,42.7,9.1,,%
E14001271,53.0,37.8,80.3,58.5,23.5,36.3,59.2,76.5,63.5,9.2,,53.6,9.5,,%
E14001272,23.6,46.1,74.2,46.8,30.8,29.0,25.8,69.2,100.0,5.6,35.9,11.0,5.6,12.1,%
E14001273,18.1,35.7,33.8,38.0,18.6,40.8,66.2,81.4,59.2,10.8,49.8,33.1,11.5,,%
E14001274,26.7,37.1,76.3,50.0,18.8,,84.9,81.2,71.5,7.4,,59.9,7.2,61.0,%
E14001275,34.1,40.4,65.4,40.5,25.1,42.1,41.3,74.9,70.5,,,,,,%
E14001276,15.4,33.6,80.0,72.4,26.9,65.3,38.4,73.1,55.8,7.1,67.1,22.2,7.6,,%
E14001277,21.7,39.7,78.2,54.1,19.5,36.1,53.7,80.5,63.9,4.2,,31.3,4.4,47.1,%
E14001278,31.9,33.3,100.0,84.5,10.5,55.6,,89.5,41.6,3.0,,,3.1,,%
E14001279,40.2,32.0,79.8,65.1,26.3,52.1,,73.7,47.9,9.8,,65.4,10.0,,%
E14001280,44.9,38.4,71.9,52.4,18.7,,28.1,81.3,75.8,3.9,,,4.8,,%
E14001281,16.2,36.4,41.3,31.3,16.2,27.8,58.7,83.8,75.8,2.9,60.6,21.6,3.0,,%
E14001282,9.4,43.7,68.2,28.3,24.0,28.6,56.6,76.0,85.7,5.4,,,5.6,,%
E14001283,25.3,30.1,55.7,46.2,17.7,41.4,51.5,82.3,58.6,4.3,,,4.4,,%
E14001284,13.7,47.8,75.4,51.5,34.3,,29.0,65.7,65.8,7.1,,,10.3,,%
E14001285,18.1,49.9,60.0,37.4,31.8,23.9,40.0,68.2,76.1,5.6,,,5.9,,%
E14001286,20.1,38.8,54.3,33.6,22.2,26.4,45.7,77.8,73.6,5.6,,,5.5,,%
E14001287,32.9,35.2,100.0,69.4,18.0,,44.8,82.0,,,,,,,%
E14001288,35.6,34.1,100.0,65.2,19.4,49.6,57.3,80.6,50.4,2.9,,,3.0,,%
E14001289,47.2,27.7,67.5,40.2,15.3,,47.3,84.7,82.3,2.2,,,2.3,,%
E14001290,34.2,35.0,100.0,56.9,26.8,41.4,50.0,73.2,58.6,6.9,,,7.1,,%
E14001291,32.3,43.0,72.6,32.3,16.6,45.4,44.3,83.4,100.0,4.1,,,4.4,,%
E14001292,54.2,32.5,81.1,50.0,21.0,,18.9,79.0,83.7,3.7,,,3.9,,%
E14001293,42.2,26.9,87.9,43.6,16.9,,46.9,83.1,90.5,3.1,,,2.8,,%
E14001294,31.1,25.2,52.4,31.4,14.2,44.2,47.6,85.8,87.6,3.9,,26.6,4.2,,%
E14001295,11.3,43.5,33.6,25.6,24.3,20.5,66.4,75.7,79.5,7.3,42.6,20.2,7.0,,%
E14001296,30.8,28.0,46.5,36.0,14.1,,53.5,85.9,73.3,2.7,76.0,41.6,2.8,,%
E14001297,29.5,30.4,49.4,23.9,17.3,40.1,50.6,82.7,89.6,4.6,,12.8,4.8,,%
E14001298,57.1,30.4,38.3,24.0,13.1,,77.3,86.9,100.0,3.0,64.6,17.2,3.1,,%
E14001299,16.5,36.9,41.7,49.2,27.0,,58.3,73.0,68.1,6.1,,,6.3,,%
E14001300,43.6,35.0,73.7,52.0,26.6,37.6,26.3,73.4,62.4,7.3,,29.0,7.5,37.1,%
E14001301,28.5,31.0,78.8,54.3,24.0,37.8,27.8,76.0,89.0,2.5,,,2.6,,%
E14001302,23.9,41.2,,31.3,18.7,,100.0,81.3,83.8,8.3,,,8.6,,%
E14001303,24.7,52.6,87.2,51.1,31.6,29.9,35.2,68.4,89.2,5.2,34.4,28.3,5.3,,%
E14001304,17.9,45.9,38.4,21.8,19.1,31.2,61.6,80.9,100.0,5.3,38.0,22.4,5.3,,%
E14001305,44.6,22.7,41.1,25.8,13.8,31.0,86.0,86.2,72.4,6.7,100.0,43.6,6.2,,%
E14001306,23.4,24.7,100.0,48.9,15.4,35.4,,84.6,64.5,5.8,,31.8,5.5,,%
E14001307,14.2,44.0,62.2,47.0,25.8,34.0,37.8,74.2,66.0,3.9,,15.3,3.7,,%
E14001308,27.2,33.0,87.9,45.5,18.3,22.4,69.3,81.7,82.8,5.3,,,5.7,,%
E14001309,35.2,36.8,38.1,20.1,15.5,37.6,79.3,84.5,80.6,4.7,,,5.0,,%
E14001310,44.7,40.0,78.4,63.8,29.6,52.6,21.6,70.4,47.4,7.0,,20.2,7.7,,%
E14001311,22.4,45.6,48.4,50.4,28.3,51.4,51.6,71.7,70.6,3.3,,,3.5,,%
E14001312,33.1,28.5,46.9,47.4,18.0,47.6,53.1,82.0,52.4,3.2,,23.5,3.3,,%
E14001313,9.0,34.2,37.5,27.3,21.6,30.5,84.7,78.4,69.5,7.4,53.6,17.1,7.4,,%
E14001314,23.8,36.4,32.1,31.2,21.3,30.3,67.9,78.7,69.7,6.7,33.6,23.6,6.9,,%
E14001315,19.1,33.7,50.7,20.1,19.9,17.5,49.3,80.1,88.8,2.8,,15.1,2.8,,%
E14001316,36.9,38.2,76.3,29.8,15.5,,56.4,84.5,100.0,4.9,,,4.4,,%
E14001317,23.6,40.2,70.5,49.2,27.3,28.0,29.5,72.7,72.0,4.8,48.5,27.8,4.7,,%
E14001318,37.0,30.6,75.7,46.9,13.5,53.1,100.0,86.5,74.3,3.6,,,3.7,,%
E14001319,59.0,47.6,100.0,46.9,41.7,46.4,60.8,58.3,53.6,14.4,,,14.6,,%
E14001320,49.0,39.2,100.0,85.6,31.8,73.2,28.8,68.2,52.2,2.8,,,9.3,,%
E14001321,13.6,30.4,36.2,25.2,16.9,30.2,63.8,83.1,69.6,,,,,,%
E14001322,52.8,34.6,84.0,62.6,15.7,,52.3,84.3,100.0,2.5,,,2.6,,%
E14001323,18.0,44.9,77.9,57.7,39.5,68.7,22.1,60.5,100.0,7.5,,,7.7,,%
E14001324,29.8,33.1,100.0,54.8,22.9,,41.5,77.1,100.0,4.4,,,4.5,,%
E14001325,40.6,40.2,100.0,74.2,26.4,57.1,46.9,73.6,100.0,6.1,,,6.1,,%
E14001326,24.6,37.5,87.4,34.8,24.0,23.8,19.6,76.0,100.0,11.2,,39.2,11.4,37.9,%
E14001327,25.1,40.6,74.6,47.7,33.9,25.9,25.4,66.1,74.1,11.5,87.1,49.4,11.1,38.9,%
E14001328,35.4,33.1,65.3,46.3,23.9,33.8,34.7,76.1,66.2,6.1,,16.9,6.4,,%
E14001329,22.2,35.6,51.4,62.5,21.2,,48.6,78.8,100.0,6.1,,47.1,5.6,,%
E14001330,25.5,39.9,67.1,59.4,22.6,21.7,52.6,77.4,84.4,4.4,,,4.6,,%
E14001331,43.5,28.8,81.0,57.8,21.1,55.2,62.8,78.9,71.2,14.3,,29.8,14.6,,%
E14001332,32.2,30.8,76.9,58.8,21.8,48.2,48.9,78.2,51.8,4.7,,,4.7,,%
E14001333,31.9,21.1,81.0,49.9,10.7,,77.6,89.3,,,,,,,%
E14001334,29.1,26.4,74.5,56.0,19.6,34.6,44.9,80.4,63.4,7.2,,43.7,7.6,,%
E14001335,38.5,39.1,45.4,29.1,15.3,53.7,54.6,84.7,100.0,7.1,,,7.3,,%
E14001336,25.3,27.7,45.9,39.1,17.6,,54.1,82.4,66.2,5.6,,,5.6,,%
E14001337,30.1,41.4,57.1,58.5,29.2,60.5,42.9,70.8,39.5,7.1,67.1,41.5,7.3,,%
E14001338,50.9,43.8,69.3,54.2,30.5,54.2,,69.5,45.8,5.3,,,5.3,,%
E14001339,12.7,38.4,31.9,34.1,29.0,54.2,68.1,71.0,62.8,8.9,46.7,33.7,9.1,,%
E14001340,48.3,36.9,74.3,48.4,26.6,55.4,63.7,73.4,44.6,2.9,,,2.9,,%
E14001341,27.3,34.6,64.9,57.5,23.5,49.1,35.1,76.5,50.9,7.5,,,7.9,,%
E14001342,28.7,39.4,67.3,64.2,29.5,62.3,32.7,70.5,37.7,4.3,,,4.5,,%
E14001343,26.9,47.0,68.6,56.2,23.2,32.9,,76.8,100.0,7.6,,30.9,8.4,,%
E14001344,33.2,37.1,77.0,48.5,19.3,,62.7,80.7,100.0,10.6,,,11.4,,%
E14001345,36.6,39.7,75.4,47.5,25.5,30.9,24.6,74.5,69.1,5.4,,18.9,5.6,,%
E14001346,32.8,41.9,67.0,55.6,29.2,48.1,33.0,70.8,51.9,7.7,,44.3,8.0,40.5,%
E14001347,35.6,42.9,85.6,59.4,25.0,34.6,72.4,75.0,70.8,5.4,,,5.7,,%
E14001348,32.9,33.2,60.5,41.4,15.6,24.7,39.5,84.4,75.3,3.8,40.2,22.2,3.8,17.8,%
E14001349,30.4,31.3,47.3,56.4,19.3,66.2,52.7,80.7,59.3,5.5,,,5.5,,%
E14001350,33.6,46.6,92.3,71.9,34.1,41.0,49.9,65.9,59.0,,,,,,%
E14001351,18.6,43.3,63.8,49.3,20.0,,85.0,80.0,100.0,4.9,,,5.2,,%
E14001352,30.5,30.9,100.0,48.0,27.2,38.2,39.8,72.8,87.0,11.1,,39.9,11.4,39.9,%
E14001353,38.9,25.3,88.9,57.7,19.3,63.0,,80.7,100.0,13.5,,34.8,13.5,,%
E14001354,23.2,27.6,68.8,64.8,20.5,61.3,62.4,79.5,33.4,3.4,,,3.5,,%
E14001355,28.0,39.7,100.0,44.4,22.5,56.6,60.7,77.5,78.9,7.5,,,7.6,,%
E14001356,15.5,31.1,37.5,17.5,8.2,,76.6,91.8,100.0,4.2,,,4.4,,%
E14001357,50.9,38.8,54.5,30.5,16.6,,45.5,83.4,100.0,7.4,,,8.3,,%
E14001358,25.3,40.5,62.6,38.8,18.7,36.0,37.4,81.3,79.6,2.2,,11.1,2.3,23.0,%
E14001359,22.0,32.7,59.8,36.6,21.0,26.7,40.2,79.0,73.3,3.6,,,3.7,,%
E14001360,52.3,30.0,46.6,25.1,8.1,,53.4,91.9,100.0,,,,,,%
E14001361,25.9,29.3,89.9,28.3,14.1,,60.2,85.9,83.7,,,,,,%
E14001362,25.4,37.0,43.5,20.4,20.5,60.7,56.5,79.5,100.0,6.5,,,7.4,,%
E14001363,20.0,38.2,47.7,30.1,18.1,17.3,52.3,81.9,82.7,4.4,45.4,29.2,4.7,21.7,%
E14001364,53.8,31.6,79.2,32.4,13.2,61.1,57.3,86.8,73.1,,,,,,%
E14001365,20.6,40.8,100.0,71.5,22.2,,45.7,77.8,63.7,3.5,,,3.8,,%
E14001366,27.1,39.5,79.1,26.0,19.0,,59.8,81.0,83.3,4.1,,,4.2,,%
E14001367,29.1,34.8,61.6,41.6,25.0,27.2,38.4,75.0,72.8,7.0,38.2,15.3,6.7,,%
E14001368,23.3,45.8,71.1,48.7,30.0,19.8,28.9,70.0,80.2,4.1,32.2,19.2,4.2,26.8,%
E14001369,17.7,29.1,48.1,38.9,17.7,31.1,51.9,82.3,68.9,2.5,,,2.6,,%
E14001370,42.2,35.9,70.5,46.6,15.4,25.7,29.5,84.6,83.3,3.3,,,3.5,,%
E14001371,49.3,23.3,61.2,24.6,10.6,56.5,44.7,89.4,100.0,5.8,,,5.8,,%
E14001372,18.7,40.8,21.4,18.6,15.4,,78.6,84.6,86.9,4.1,,,4.3,,%
E14001373,30.3,49.2,100.0,46.2,23.1,,37.4,76.9,78.4,3.3,,,4.1,,%
E14001374,27.5,39.1,49.2,35.3,17.5,,70.4,82.5,60.3,4.6,,45.8,5.0,,%
E14001375,16.2,38.9,48.4,59.7,24.6,68.0,51.6,75.4,32.0,3.6,,,3.9,,%
E14001376,14.7,29.3,61.2,28.9,12.9,15.2,38.8,87.1,87.6,1.8,,8.7,1.6,,%
E14001377,48.8,45.6,86.4,50.5,33.4,31.8,13.6,66.6,68.2,4.3,,,4.3,,%
E14001378,25.1,38.0,68.9,36.0,24.3,21.4,31.1,75.7,78.6,8.4,,11.8,8.6,,%
E14001379,46.7,39.5,65.0,43.1,26.5,34.4,35.0,73.5,65.6,6.2,,23.1,6.2,28.0,%
E14001380,51.3,39.6,82.6,45.8,27.1,,31.1,72.9,100.0,3.9,,,4.0,,%
E14001381,30.2,36.4,47.9,31.5,14.4,,52.1,85.6,82.4,3.5,,,3.7,,%
E14001382,11.5,36.3,78.2,45.3,26.3,44.3,67.4,73.7,55.7,6.3,,,6.5,,%
E14001383,21.0,45.4,64.3,49.0,31.1,38.7,35.7,68.9,61.3,3.8,61.8,17.0,3.9,,%
E14001384,34.5,30.1,70.6,54.4,13.7,37.1,29.4,86.3,62.9,3.4,48.2,47.9,3.5,,%
E14001385,16.0,41.6,100.0,36.1,19.9,,100.0,80.1,100.0,3.2,,,3.5,,%
E14001386,15.1,45.3,75.5,69.1,28.8,42.6,42.2,71.2,100.0,1.6,,,1.7,,%
E14001387,28.5,47.4,85.3,72.6,29.5,65.9,64.9,70.5,58.0,,,,,,%
E14001388,26.9,40.3,51.9,29.9,16.5,30.6,48.1,83.5,83.6,3.8,,15.8,4.0,,%
E14001389,11.5,44.7,37.4,39.8,28.4,41.4,62.6,71.6,58.6,6.9,,,7.1,,%
E14001390,19.1,47.8,45.2,18.9,25.9,,54.8,74.1,100.0,4.7,,23.5,5.0,,%
E14001391,26.2,44.0,43.2,31.1,18.9,44.0,56.8,81.1,78.9,,,,,,%
E14001392,36.5,24.5,39.5,18.3,11.5,,66.2,88.5,90.8,4.0,53.5,14.8,4.5,,%
E14001393,64.6,43.9,100.0,80.7,16.7,,56.1,83.3,100.0,6.0,,35.6,6.2,,%
E14001394,42.4,33.0,55.3,24.3,13.7,12.7,44.7,86.3,93.9,2.6,56.4,12.5,2.8,,%
E14001395,22.1,50.5,60.6,36.3,28.3,,39.4,71.7,100.0,1.1,,18.2,1.2,27.6,%
E14001396,,45.4,37.2,68.3,22.0,,100.0,78.0,76.1,9.3,,,10.8,,%
E14001397,13.5,48.1,60.0,38.2,24.1,,40.0,75.9,79.1,2.8,,,3.0,,%
E14001398,38.0,39.6,49.7,46.3,21.3,41.5,50.3,78.7,58.5,2.3,,,2.4,,%
E14001399,27.3,42.8,71.5,53.7,17.3,41.0,28.5,82.7,59.0,2.4,,14.9,2.6,,%
E14001400,18.4,43.7,41.2,46.3,22.9,,58.8,77.1,58.0,2.5,,,2.5,,%
E14001401,21.7,33.7,63.6,40.0,17.4,28.0,36.4,82.6,72.0,3.0,,29.4,3.1,29.6,%
E14001402,25.9,36.4,88.4,53.7,22.2,33.0,37.8,77.8,67.0,3.9,,,4.2,,%
E14001403,15.1,35.0,75.8,51.1,19.8,46.0,,80.2,54.0,4.4,,,4.5,,%
E14001404,27.5,32.3,64.4,22.0,13.9,,100.0,86.1,100.0,3.4,,,3.5,,%
E14001405,26.5,33.5,41.5,34.7,16.5,,58.5,83.5,100.0,5.6,,,6.1,,%
E14001406,23.1,30.5,68.9,30.8,16.8,59.7,42.6,83.2,100.0,7.4,,44.4,7.6,,%
E14001407,27.0,33.1,39.9,34.0,20.5,28.9,60.1,79.5,70.9,7.6,52.8,25.0,7.8,,%
E14001408,46.5,26.3,85.7,41.9,11.5,,45.3,88.5,100.0,2.2,,,4.8,,%
E14001409,17.0,32.5,100.0,20.7,19.4,18.4,51.4,80.6,81.6,4.8,,,5.1,,%
E14001410,42.4,27.5,56.6,33.6,17.2,24.4,43.4,82.8,75.6,4.8,,17.0,4.9,,%
E14001411,18.1,39.6,56.4,35.1,29.6,22.9,43.6,70.4,77.1,7.9,,37.1,8.0,49.2,%
E14001412,24.3,38.1,61.7,28.1,23.5,24.4,38.3,76.5,92.0,3.4,,15.4,3.5,26.9,%
E14001413,13.9,30.8,40.1,19.3,15.7,35.6,79.9,84.3,81.2,5.7,39.0,24.0,5.9,,%
E14001414,47.3,27.9,53.3,12.3,11.8,,46.7,88.2,100.0,6.0,,,6.1,,%
E14001415,25.6,45.6,84.7,49.3,30.2,31.6,54.5,69.8,68.4,3.4,,22.9,3.5,25.5,%
E14001416,26.7,42.0,54.5,41.1,31.7,33.5,45.5,68.3,66.5,3.4,,,3.5,,%
E14001417,34.0,36.5,46.6,44.0,20.8,,53.4,79.2,58.9,3.7,,34.2,3.9,,%
E14001418,12.7,41.8,36.8,40.2,16.8,44.0,68.4,83.2,52.3,2.0,,,2.1,,%
E14001419,52.0,30.3,100.0,59.8,25.3,58.9,,74.7,41.1,7.5,,,5.8,,%
E14001420,81.7,40.1,68.4,47.3,24.5,38.3,42.2,75.5,61.7,8.0,40.6,22.4,8.5,,%
E14001421,24.6,34.9,100.0,100.0,27.5,68.8,49.8,72.5,43.5,10.1,,,10.3,,%
E14001422,36.3,35.5,85.7,35.2,19.0,51.2,38.2,81.0,87.7,6.8,,,6.9,,%
E14001423,35.6,35.4,69.2,48.6,17.0,,30.8,83.0,76.4,6.3,,25.7,6.4,,%
E14001424,11.9,45.4,61.6,72.6,26.2,,38.4,73.8,62.6,4.2,,,4.4,,%
E14001425,17.0,39.4,41.2,41.1,23.6,41.1,58.8,76.4,58.9,6.2,,14.2,6.5,,%
E14001426,13.7,36.6,23.9,16.9,15.2,,89.4,84.8,100.0,5.4,,20.3,5.7,,%
E14001427,52.8,43.9,61.4,61.6,33.7,61.8,38.6,66.3,38.2,4.7,,13.6,4.7,,%
E14001428,10.3,45.3,100.0,46.0,24.2,,80.4,75.8,73.7,5.7,,24.9,5.8,25.0,%
E14001429,18.7,38.5,55.5,31.8,19.3,24.5,44.5,80.7,86.0,4.5,37.7,10.5,4.1,22.6,%
E14001430,34.2,23.2,85.4,40.9,20.1,34.9,,79.9,88.9,8.6,,,7.1,,%
E14001431,25.8,32.0,18.8,23.3,13.6,17.0,81.2,86.4,68.1,5.6,54.4,17.1,5.4,,%
E14001432,22.1,34.5,54.6,47.6,19.8,41.6,45.4,80.2,58.4,2.6,,14.8,2.7,17.3,%
E14001433,29.0,38.8,78.3,47.4,26.5,33.2,,73.5,66.8,6.0,,26.4,6.1,,%
E14001434,44.0,28.9,70.8,55.7,23.5,,34.4,76.5,61.5,6.8,,45.8,6.8,,%
E14001435,43.8,33.9,75.3,53.7,22.7,42.0,80.4,77.3,58.0,4.6,,,4.9,,%
E14001436,19.7,51.7,84.4,65.4,31.8,23.6,15.6,68.2,69.2,3.6,,,3.7,,%
E14001437,36.2,30.5,51.4,32.2,9.9,34.3,75.6,90.1,86.0,,,,,,%
E14001438,35.2,23.4,76.6,35.4,13.1,14.5,27.5,86.9,85.5,1.0,,,1.0,,%
E14001439,27.3,39.6,62.6,56.4,22.3,,37.4,77.7,59.3,2.9,37.9,17.3,2.8,,%
E14001440,28.0,46.9,68.4,52.4,24.9,39.8,31.6,75.1,60.2,2.2,,17.4,2.2,,%
E14001441,26.6,38.2,31.5,18.7,22.8,,80.6,77.2,100.0,4.8,,,5.0,,%
E14001442,41.2,38.2,66.6,63.2,23.6,,52.2,76.4,100.0,,,,,,%
E14001443,15.6,40.0,74.6,20.7,24.1,,49.9,75.9,100.0,2.7,,,2.8,,%
E14001444,13.0,36.6,53.1,33.5,16.6,,86.9,83.4,87.6,7.4,,,6.6,,%
E14001445,33.3,28.5,72.8,57.5,15.0,25.2,39.6,85.0,61.7,2.6,,,2.7,,%
E14001446,27.2,41.0,74.0,45.2,29.4,25.4,26.0,70.6,74.6,4.1,,14.2,3.7,,%
E14001447,18.6,31.0,37.9,37.9,14.2,30.2,62.1,85.8,100.0,5.8,47.3,37.4,5.9,,%
E14001448,25.2,33.2,100.0,39.9,20.9,,37.8,79.1,100.0,6.0,,,6.2,,%
E14001449,33.7,37.5,64.8,37.6,19.2,44.2,58.6,80.8,66.5,3.3,,,3.4,,%
E14001450,21.5,41.0,58.9,31.2,21.8,40.6,41.1,78.2,100.0,5.3,,28.0,5.5,,%
E14001451,21.8,41.9,81.4,75.9,26.2,68.4,24.2,73.8,63.2,2.5,67.6,18.3,2.7,,%
E14001452,16.0,39.7,53.0,28.6,23.9,32.9,47.0,76.1,91.8,6.9,,,7.0,,%
E14001453,45.3,30.5,39.9,43.8,15.7,,60.1,84.3,100.0,3.4,,,3.5,,%
E14001454,67.9,30.0,75.4,69.0,9.6,,55.7,90.4,100.0,4.1,,47.1,4.2,,%
E14001455,23.0,48.2,58.0,56.9,27.8,50.8,42.0,72.2,49.2,6.2,,37.8,6.5,14.8,%
E14001456,27.0,32.0,60.2,75.1,18.4,75.1,40.0,81.6,87.8,3.9,,,4.3,,%
E14001457,10.1,32.7,68.0,51.9,19.9,47.0,46.6,80.1,53.0,5.4,,,6.0,,%
E14001458,20.4,47.1,59.6,58.0,25.9,13.6,40.4,74.1,46.3,4.1,,16.0,4.5,,%
E14001459,20.3,34.3,67.3,34.4,21.1,28.9,,78.9,71.1,3.3,,,3.4,,%
E14001460,29.6,37.2,75.3,33.3,16.0,,49.1,84.0,87.4,3.3,,,3.5,,%
E14001461,8.1,43.6,25.6,23.6,23.5,,74.9,76.5,76.9,3.9,,22.9,4.3,,%
E14001462,8.6,44.3,28.6,27.6,28.2,26.9,71.4,71.8,73.1,8.1,46.8,32.0,8.4,21.8,%
E14001463,35.0,43.3,69.0,35.5,19.4,22.7,31.0,80.6,91.2,2.9,,27.2,3.2,,%
E14001464,26.4,32.5,53.4,34.0,15.0,,46.6,85.0,77.1,4.1,,,4.2,,%
E14001465,29.7,35.1,85.0,36.3,17.2,26.1,,82.8,90.0,3.9,,,4.1,,%
E14001466,22.0,37.0,82.4,48.9,29.8,35.0,33.9,70.2,65.0,6.4,,,5.6,,%
E14001467,59.2,27.9,78.3,47.2,18.5,36.4,,81.5,63.6,7.9,,20.5,8.1,,%
E14001468,31.7,41.2,56.2,55.8,24.4,55.5,37.8,75.6,44.5,3.8,,,4.0,,%
E14001469,18.4,36.4,58.7,27.7,25.0,,41.3,75.0,100.0,3.8,,29.4,4.0,,%
E14001470,47.0,38.2,61.7,55.2,26.7,44.8,38.3,73.3,55.2,4.7,,,4.8,,%
E14001471,17.9,31.4,34.8,59.6,21.7,100.0,65.2,78.3,69.8,8.0,72.4,72.4,8.5,,%
E14001472,15.9,40.5,100.0,57.9,19.7,,,80.3,63.6,5.4,,,5.7,,%
E14001473,38.1,33.2,44.7,43.8,15.4,,55.3,84.6,57.5,2.6,28.1,38.4,2.8,,%
E14001474,20.6,33.0,100.0,20.4,17.9,,95.0,82.1,100.0,12.7,,48.3,13.2,48.3,%
E14001475,27.6,37.4,73.0,47.4,16.2,,50.8,83.8,100.0,,,,,,%
E14001476,29.7,36.2,82.3,59.8,17.2,35.6,43.8,82.8,100.0,4.0,,,4.2,,%
E14001477,43.6,31.6,82.7,66.7,25.4,51.8,17.3,74.6,48.2,5.7,56.3,17.9,5.9,16.0,%
E14001478,28.7,44.1,84.1,39.7,25.9,,58.3,74.1,76.8,4.2,,,4.3,,%
E14001479,37.1,39.8,70.9,37.2,19.9,20.4,29.1,80.1,79.6,2.3,,23.1,2.4,,%
E14001480,46.0,35.4,42.4,41.9,17.5,41.6,57.6,82.5,58.4,3.2,,33.8,3.3,25.3,%
E14001481,28.5,38.9,88.0,52.0,18.0,33.8,33.2,82.0,100.0,5.0,,19.5,5.3,,%
E14001482,19.7,32.7,56.5,22.9,15.4,38.4,84.3,84.6,100.0,5.9,,,6.5,,%
E14001483,18.9,31.0,38.6,21.0,15.6,24.6,61.4,84.4,100.0,3.9,,21.7,3.9,,%
E14001484,7.4,49.4,50.5,14.6,26.2,50.8,49.5,73.8,100.0,2.9,,,3.2,,%
E14001485,16.0,46.6,32.2,29.1,22.8,63.2,75.9,77.2,100.0,5.2,,,5.5,,%
E14001486,20.4,33.4,50.0,22.4,13.8,,70.2,86.2,100.0,2.8,,22.5,3.1,,%
E14001487,20.5,39.1,68.8,57.4,20.9,,31.2,79.1,100.0,,,,,,%
E14001488,24.1,34.8,35.0,39.3,16.6,,65.0,83.4,70.1,4.6,,45.2,3.8,,%
E14001489,19.6,36.6,100.0,49.8,19.3,68.7,51.0,80.7,79.6,4.1,,32.9,4.2,,%
E14001490,32.6,37.4,81.7,41.5,13.5,,72.5,86.5,88.0,3.3,,,3.5,,%
E14001491,25.9,36.8,29.5,28.3,17.1,27.6,70.5,82.9,72.4,4.8,,,4.9,,%
E14001492,14.4,47.5,46.4,45.7,32.4,45.3,53.6,67.6,54.7,8.9,38.4,26.7,8.6,19.3,%
E14001493,17.0,39.8,62.0,46.9,21.4,,38.0,78.6,100.0,3.1,,,4.7,,%
E14001494,21.1,43.5,70.9,41.8,20.7,,,79.3,100.0,5.9,,,6.3,,%
E14001495,10.1,38.0,50.5,26.2,17.6,,49.5,82.4,88.7,1.9,,,2.0,,%
E14001496,28.4,32.2,74.3,56.1,17.5,,27.7,82.5,59.8,6.2,,74.8,6.5,,%
E14001497,30.1,44.2,72.6,56.0,26.7,,29.2,73.3,100.0,5.7,,,6.2,,%
E14001498,39.8,32.1,40.3,20.9,12.1,,59.7,87.9,100.0,3.9,,,4.0,,%
E14001499,32.9,34.2,38.5,38.8,18.0,38.9,61.5,82.0,61.1,2.9,,,2.5,,%
E14001500,36.9,32.9,42.6,38.7,22.3,36.8,57.4,77.7,63.2,1.9,42.4,19.3,3.1,,%
E14001501,19.8,33.0,61.3,33.5,16.5,25.1,38.7,83.5,89.5,2.7,,19.7,2.7,,%
E14001502,24.3,35.9,38.7,23.7,13.8,15.0,61.3,86.2,85.0,4.3,,11.7,4.5,,%
E14001503,18.3,29.6,66.2,43.1,13.1,31.0,56.8,86.9,82.9,7.3,,24.5,7.8,,%
E14001504,34.7,43.1,61.7,35.7,19.2,,38.3,80.8,91.9,4.5,,,4.9,,%
E14001505,43.1,43.7,100.0,58.3,23.3,29.7,32.8,76.7,61.2,3.2,,,3.3,,%
E14001506,11.6,31.6,39.2,19.5,13.5,,75.4,86.5,89.6,2.3,,,2.4,,%
E14001507,29.2,29.3,55.2,50.3,17.2,59.0,44.8,82.8,76.8,2.9,,,2.5,,%
E14001508,35.0,39.5,38.2,32.1,19.2,29.6,61.8,80.8,80.0,8.8,,,9.2,,%
E14001509,11.4,43.2,100.0,50.1,18.3,70.5,80.7,81.7,68.7,2.8,,16.7,3.7,,%
E14001510,13.3,41.3,37.9,18.2,26.7,34.9,64.3,73.3,94.0,5.4,,23.0,5.5,,%
E14001511,21.9,44.7,54.5,28.3,23.4,,62.7,76.6,77.3,,,,,,%
E14001512,35.7,27.0,59.8,57.3,13.8,,40.2,86.2,84.5,4.1,,,4.2,,%
E14001513,37.1,36.4,100.0,25.7,18.4,,46.5,81.6,88.8,4.9,,,5.3,,%
E14001514,24.1,40.5,48.7,32.8,18.5,,81.1,81.5,100.0,5.6,,,5.0,,%
E14001515,26.8,37.5,84.9,50.8,24.3,18.7,40.5,75.7,81.3,3.6,,,3.8,,%
E14001516,27.2,31.2,56.2,26.2,17.4,,43.8,82.6,100.0,3.6,,,3.7,,%
E14001517,6.6,34.7,28.7,18.1,22.9,42.9,83.9,77.1,81.3,4.8,61.4,21.7,5.0,18.1,%
E14001518,18.0,44.9,69.3,44.9,29.3,30.0,30.7,70.7,70.0,3.9,35.0,13.7,4.0,,%
E14001519,36.1,33.6,56.7,30.2,13.7,35.9,43.3,86.3,100.0,2.2,,,2.0,,%
E14001520,27.5,37.6,62.7,37.7,21.9,42.7,56.6,78.1,84.5,4.4,,,4.5,,%
E14001521,30.0,44.7,56.2,36.7,24.3,26.1,43.8,75.7,73.9,3.2,,,3.3,,%
E14001522,18.0,45.7,36.1,33.0,22.3,14.8,63.9,77.7,100.0,3.1,,,3.2,,%
E14001523,16.8,48.7,87.7,91.9,36.9,,,63.1,61.9,,,,,,%
E14001524,36.7,35.4,78.5,44.1,16.1,,21.5,83.9,100.0,10.8,,,9.9,,%
E14001525,53.1,28.1,100.0,59.3,24.3,46.5,,75.7,53.5,6.2,,,6.3,,%
E14001526,35.4,34.0,58.3,25.0,15.5,41.4,41.7,84.5,83.9,3.3,,,3.5,,%
E14001527,29.0,26.0,65.3,40.2,10.9,59.6,66.5,89.1,100.0,8.3,,,8.6,,%
E14001528,22.4,27.6,54.5,29.7,16.7,,45.5,83.3,91.3,2.3,,,2.4,,%
E14001529,19.5,36.9,66.0,42.0,21.5,20.3,34.0,78.5,77.3,4.4,,12.4,4.7,,%
E14001530,31.6,46.1,49.6,56.9,20.1,,50.4,79.9,58.5,4.9,,,5.3,,%
E14001531,14.2,36.1,41.9,31.6,22.4,28.6,58.1,77.6,71.4,4.7,,,4.9,,%
E14001532,20.8,31.6,60.2,49.7,15.4,58.6,81.7,84.6,41.4,3.3,,,3.4,,%
E14001533,30.1,44.0,92.5,67.3,27.2,,47.6,72.8,71.1,4.8,,23.1,5.2,,%
E14001534,31.5,29.5,47.0,35.1,18.6,44.4,53.0,81.4,80.7,2.4,,,4.6,,%
E14001535,34.5,33.4,42.7,28.9,14.2,,57.3,85.8,77.0,2.2,,,2.3,,%
E14001536,24.2,30.9,43.9,30.8,13.9,28.8,56.1,86.1,83.8,5.9,28.3,18.0,5.8,37.7,%
E14001537,16.1,31.7,45.9,26.9,17.4,20.9,54.1,82.6,84.6,6.0,66.0,28.6,6.2,,%
E14001538,15.4,35.7,38.0,34.7,22.1,32.7,62.0,77.9,70.4,4.7,,,4.8,,%
E14001539,54.6,32.5,53.3,43.8,12.3,61.7,46.7,87.7,46.1,3.0,,,5.6,,%
E14001540,29.6,36.6,51.5,30.1,17.2,,48.5,82.8,87.4,2.9,,,,,%
E14001541,23.4,34.7,79.9,58.7,20.3,,26.2,79.7,61.6,2.7,,,2.7,,%
E14001542,26.2,34.7,67.6,23.6,11.0,27.5,48.4,89.0,100.0,6.4,,,6.7,,%
E14001543,24.8,50.8,87.8,53.4,30.0,40.3,59.9,70.0,59.7,2.8,,19.9,2.9,,%
E14001544,14.5,41.0,41.5,32.8,17.8,27.7,58.5,82.2,72.3,2.7,,22.4,2.9,,%
E14001545,26.3,33.2,59.2,32.5,17.5,25.0,40.8,82.5,84.8,2.6,,,2.8,,%
E14001546,26.7,33.0,57.5,38.3,20.0,11.1,42.5,80.0,90.7,5.6,27.9,16.0,5.3,24.9,%
E14001547,13.3,48.9,100.0,49.0,39.6,35.5,29.3,60.4,64.5,7.0,,33.1,7.2,,%
E14001548,25.0,42.4,56.3,30.2,20.6,,43.7,79.4,88.6,4.4,,,4.7,,%
E14001549,29.9,37.3,78.6,30.8,13.9,46.3,43.1,86.1,75.0,5.0,,,5.7,,%
E14001550,31.9,20.8,100.0,38.4,10.1,25.3,56.2,89.9,100.0,2.8,,,2.9,,%
E14001551,22.6,40.9,26.9,22.8,17.6,20.0,73.1,82.4,80.0,1.4,,,1.4,,%
E14001552,10.9,44.7,47.8,44.2,19.4,,74.4,80.6,64.7,,,,,,%
E14001553,36.6,30.0,100.0,52.7,22.7,40.1,,77.3,59.9,3.3,,,3.3,,%
E14001554,29.6,44.3,63.4,62.6,26.9,61.6,49.6,73.1,62.1,2.3,,,4.5,,%
E14001555,16.0,31.6,50.4,45.7,18.7,,49.6,81.3,58.1,4.0,,,4.3,,%
E14001556,18.4,40.2,100.0,54.8,27.4,43.3,22.7,72.6,78.0,6.5,,,6.9,,%
E14001557,11.3,42.9,45.7,34.2,23.2,38.8,54.3,76.8,77.8,3.2,70.1,29.4,3.4,,%
E14001558,28.2,22.5,36.8,26.7,14.0,27.7,63.2,86.0,85.5,13.5,77.5,45.6,13.7,,%
E14001559,51.0,19.2,60.2,100.0,14.6,100.0,,85.4,84.9,5.1,,,5.1,,%
E14001560,28.5,32.5,66.6,58.4,21.6,53.2,55.7,78.4,46.8,6.0,,,6.1,,%
E14001561,16.5,41.1,76.0,45.0,22.2,33.1,,77.8,66.9,3.4,,,3.0,,%
E14001562,11.1,40.5,75.7,31.7,30.4,24.3,,69.6,75.7,6.0,,,5.5,,%
E14001563,40.4,19.3,58.7,44.6,15.8,56.0,,84.2,44.0,5.3,,77.9,5.6,77.9,%
E14001564,11.7,51.4,100.0,38.9,29.0,,47.5,71.0,71.8,6.2,,,6.4,,%
E14001565,40.2,41.6,70.1,43.9,23.1,45.1,29.9,76.9,90.5,3.1,,,3.1,,%
E14001566,24.5,23.1,88.4,19.1,9.1,58.9,73.8,90.9,85.4,2.6,,13.6,2.7,,%
E14001567,16.7,42.3,76.7,39.4,25.1,23.5,39.9,74.9,76.5,3.7,31.0,18.4,3.8,20.7,%
E14001568,23.1,23.9,78.8,37.9,17.7,48.5,63.2,82.3,86.6,3.6,,,3.8,,%
E14001569,30.3,39.0,65.1,47.7,16.4,,61.5,83.6,100.0,,,,,,%
E14001570,20.3,35.2,65.3,28.2,16.3,56.6,72.1,83.7,100.0,6.1,,,6.3,,%
E14001571,15.8,38.8,59.8,42.3,25.0,33.5,40.2,75.0,66.5,4.8,,,5.0,,%
E14001572,42.3,42.8,50.3,58.9,17.6,59.6,42.2,82.4,40.4,3.6,,,3.8,,%
E14001573,27.8,29.1,69.2,34.3,15.3,,100.0,84.7,100.0,5.0,,,5.3,,%
E14001574,22.7,37.4,71.4,45.9,21.2,,41.3,78.8,73.1,4.5,,36.8,4.7,,%
E14001575,38.0,50.0,61.4,47.8,26.8,66.3,38.6,73.2,67.5,5.7,,,6.2,,%
E14001576,45.8,30.3,79.6,66.3,27.9,58.2,,72.1,41.8,3.4,,,3.4,,%
E14001577,19.6,41.4,48.3,32.4,20.2,30.5,100.0,79.8,69.5,6.2,,,6.7,,%
E14001578,33.4,28.9,70.2,42.6,16.0,,49.9,84.0,76.6,5.5,,,5.9,,%
E14001579,32.8,39.6,78.4,38.2,20.7,75.4,65.3,79.3,65.8,5.6,,15.9,7.2,,%
E14001580,13.7,38.5,36.9,13.8,17.9,,75.7,82.1,88.7,4.3,,,4.9,,%
E14001581,33.1,39.3,68.2,36.0,20.7,15.6,31.8,79.3,84.4,7.3,,21.4,7.5,29.5,%
E14001582,18.6,38.8,59.8,44.5,25.6,,40.2,74.4,78.5,2.0,,,2.2,,%
E14001583,10.4,42.4,28.6,16.9,21.5,,84.9,78.5,81.5,3.8,,22.6,4.0,,%
E14001584,32.7,36.8,32.2,26.6,18.0,21.1,67.8,82.0,78.9,2.2,,,2.2,,%
E14001585,18.2,39.0,100.0,29.1,21.1,53.8,89.6,78.9,46.2,5.3,,17.3,5.4,,%
E14001586,40.6,29.0,92.5,51.9,18.8,34.4,22.6,81.2,91.0,1.9,60.3,43.8,2.8,49.5,%
E14001587,28.2,34.8,51.6,51.6,17.3,38.1,48.4,82.7,64.9,,,,,,%
E14001588,27.3,35.8,50.3,37.0,20.7,29.0,49.7,79.3,71.0,4.0,26.7,13.7,4.1,16.0,%
E14001589,20.2,42.1,78.0,39.4,21.0,,55.5,79.0,87.7,5.6,,45.4,5.5,,%
E14001590,45.3,32.5,76.5,50.6,19.9,,,80.1,78.2,3.5,,,3.8,,%
E14001591,27.0,29.3,76.1,29.5,8.7,,70.8,91.3,88.7,3.1,,,3.4,,%
E14001592,48.2,28.7,63.3,46.1,15.7,,36.7,84.3,73.0,5.3,,,5.5,,%
E14001593,15.2,32.5,43.1,22.5,15.2,31.3,56.9,84.8,100.0,3.6,,17.6,3.7,28.5,%
E14001594,19.3,35.2,70.1,47.9,23.1,,29.9,76.9,78.6,5.9,,,6.1,,%
E14001595,10.9,42.1,72.6,51.3,26.1,60.9,32.1,73.9,55.4,4.4,75.3,42.7,4.5,,%
E14001596,31.6,50.1,65.7,40.8,31.7,31.4,25.1,68.3,68.6,8.4,,,8.8,,%
E14001597,29.1,41.6,100.0,31.8,18.0,,100.0,82.0,100.0,5.0,,,6.1,,%
E14001598,19.8,35.1,72.1,44.7,22.8,33.8,63.4,77.2,66.2,4.0,59.0,32.6,4.1,,%
E14001599,21.5,38.5,71.5,61.4,13.4,68.3,61.2,86.6,58.5,6.7,,,7.3,,%
E14001600,34.5,20.7,63.3,33.5,13.8,,36.7,86.2,88.9,2.4,,43.6,2.6,,%
E14001601,29.2,34.9,50.0,32.5,15.0,,,85.0,100.0,5.0,,,5.2,,%
E14001602,35.9,22.5,60.8,42.9,17.1,,39.2,82.9,75.7,6.4,53.4,27.2,6.3,,%
E14001603,25.5,44.0,62.0,59.4,23.2,56.1,38.0,76.8,43.9,3.9,,,3.0,,%
E14001604,43.5,33.4,65.4,54.0,21.0,49.1,34.6,79.0,50.9,2.7,,14.7,2.8,,%
E14001605,18.0,40.7,35.4,24.7,18.1,33.2,64.6,81.9,83.7,3.0,,19.4,2.2,,%
