variable,LADCD,LADNM,avg_att8,avg_att8,avg_att8,avg_att8,avg_att8,avg_att8,avg_att8,avg_att8,avg_att8,avg_att8,avg_att8,avg_att8,avg_att8,avg_att8,avg_att8,avg_att8,avg_att8,avg_att8,avg_p8score,avg_p8score,avg_p8score,avg_p8score,avg_p8score,avg_p8score,avg_p8score,avg_p8score,avg_p8score,avg_p8score,avg_p8score,avg_p8score
sex,,,Boys,Boys,Boys,Boys,Boys,Boys,Girls,Girls,Girls,Girls,Girls,Girls,Total,Total,Total,Total,Total,Total,Boys,Boys,Boys,Boys,Girls,Girls,Girls,Girls,Total,Total,Total,Total
time_period,,,201819,201920,202021,202122,202223,202324,201819,201920,202021,202122,202223,202324,201819,201920,202021,202122,202223,202324,201819,202122,202223,202324,201819,202122,202223,202324,201819,202122,202223,202324
---,---,---,---,---,---,---,---,---,---,---,---,---,---,---,---,---,---,---,---,---,---,---,---,---,---,---,---,---,---,---,---,---
1,E06000001,Hartlepool,40.2,45.5,44.6,42.4,38.6,38.0,46.1,48.2,50.3,47.5,44.3,44.0,43.0,46.8,47.4,45.0,41.3,41.0,-0.6,-0.61,-0.64,-0.76,-0.04,-0.27,-0.27,-0.18,-0.34,-0.43,-0.46,-0.47
2,E06000002,Middlesbrough,39.3,41.9,43.6,39.9,37.2,37.1,43.7,48.9,49.9,46.3,42.8,41.9,41.5,45.4,46.7,43.0,40.1,39.4,-0.55,-0.61,-0.64,-0.57,-0.14,-0.23,-0.3,-0.32,-0.34,-0.43,-0.47,-0.45
3,E06000003,Redcar and Cleveland,41.2,44.5,45.9,45.0,43.3,42.1,46.4,51.7,52.1,50.0,47.4,46.1,43.8,48.0,48.8,47.6,45.3,44.1,-0.73,-0.6,-0.45,-0.5,-0.25,-0.24,-0.19,-0.21,-0.49,-0.42,-0.33,-0.36
4,E06000004,Stockton-on-Tees,44.4,46.0,48.2,46.8,44.4,43.3,48.4,51.5,52.7,51.7,47.4,47.6,46.4,48.6,50.4,49.2,45.9,45.5,-0.36,-0.2,-0.3,-0.3,0.07,0.15,-0.06,-0.08,-0.15,-0.03,-0.18,-0.19
5,E06000005,Darlington,45.3,48.7,47.4,46.0,43.7,41.6,48.0,51.8,54.1,49.0,48.8,46.8,46.6,50.2,50.7,47.5,46.3,44.2,-0.31,-0.39,-0.35,-0.41,0.03,-0.07,-0.06,-0.23,-0.14,-0.23,-0.2,-0.32
6,E06000006,Halton,43.5,44.5,44.3,43.5,39.3,37.1,47.4,51.0,50.2,48.8,46.4,42.7,45.4,47.6,47.2,46.1,42.8,39.9,-0.34,-0.35,-0.5,-0.66,0.08,0.05,-0.08,-0.25,-0.14,-0.15,-0.3,-0.46
7,E06000007,Warrington,45.5,48.5,49.0,48.3,45.7,44.9,52.1,54.9,54.8,54.2,50.5,50.6,48.8,51.7,51.8,51.1,48.0,47.7,-0.29,-0.24,-0.25,-0.2,0.31,0.19,0.11,0.07,0.01,-0.03,-0.08,-0.07
8,E06000008,Blackburn with Darwen,43.0,46.8,48.3,43.7,42.3,41.1,50.0,52.6,53.4,49.9,47.6,47.5,46.4,49.7,50.7,46.8,45.0,44.2,-0.16,-0.23,-0.22,-0.32,0.44,0.21,0.08,0.1,0.13,0.0,-0.06,-0.11
9,E06000009,Blackpool,35.0,37.6,39.9,36.1,33.3,32.9,41.1,44.3,43.5,40.0,36.8,36.9,37.8,40.9,41.7,38.0,34.9,34.8,-0.82,-0.98,-0.98,-1.07,-0.39,-0.76,-0.71,-0.84,-0.62,-0.87,-0.85,-0.96
10,E06000010,"Kingston upon Hull, City of",43.0,43.9,44.7,42.7,42.1,39.5,44.8,48.2,50.3,46.1,44.1,43.9,43.9,45.9,47.5,44.3,43.0,41.6,-0.18,-0.5,-0.46,-0.58,-0.01,-0.28,-0.35,-0.45,-0.1,-0.39,-0.4,-0.52
11,E06000011,East Riding of Yorkshire,44.1,46.9,47.6,45.3,44.0,43.1,50.2,52.9,55.2,49.6,47.2,46.1,47.1,49.9,51.4,47.4,45.6,44.6,-0.27,-0.32,-0.16,-0.2,0.24,-0.02,0.0,-0.06,-0.02,-0.17,-0.08,-0.13
12,E06000012,North East Lincolnshire,38.7,41.6,42.3,39.9,38.5,38.4,43.9,45.0,49.2,44.0,42.1,41.3,41.4,43.2,45.8,41.8,40.1,39.8,-0.37,-0.53,-0.6,-0.6,-0.02,-0.32,-0.33,-0.36,-0.19,-0.43,-0.48,-0.48
13,E06000013,North Lincolnshire,41.3,44.5,44.4,43.0,40.6,39.2,48.0,50.8,50.9,48.5,45.1,44.1,44.6,47.6,47.6,45.7,42.8,41.5,-0.25,-0.28,-0.32,-0.47,0.27,0.09,-0.02,-0.06,0.0,-0.1,-0.18,-0.27
14,E06000014,York,48.8,51.9,52.4,51.0,46.7,48.0,54.0,56.2,58.2,55.0,51.7,50.1,51.4,54.0,55.3,53.0,49.2,49.0,0.03,0.12,-0.07,0.06,0.42,0.41,0.29,0.2,0.22,0.26,0.11,0.13
15,E06000015,Derby,40.9,43.7,44.3,41.7,40.2,39.9,45.8,49.0,48.5,48.1,44.8,44.4,43.3,46.3,46.4,44.8,42.4,42.1,-0.47,-0.33,-0.29,-0.35,0.02,0.07,-0.03,-0.07,-0.24,-0.14,-0.17,-0.21
16,E06000016,Leicester,39.3,43.0,43.9,42.8,41.9,42.5,47.2,49.5,50.7,50.0,48.6,48.1,43.1,46.2,47.2,46.3,45.1,45.2,-0.3,-0.17,-0.05,-0.04,0.36,0.33,0.34,0.25,0.02,0.07,0.14,0.1
17,E06000017,Rutland,50.8,52.1,52.6,52.8,49.8,46.8,51.8,58.4,57.9,58.6,50.5,51.7,51.3,55.3,55.3,55.7,50.2,49.3,0.25,0.42,0.2,-0.03,0.61,0.61,0.28,0.34,0.44,0.52,0.24,0.16
18,E06000018,Nottingham,39.7,42.4,43.6,41.1,40.6,40.0,45.7,48.4,48.2,48.1,44.4,44.4,42.6,45.3,45.8,44.5,42.5,42.2,-0.38,-0.47,-0.35,-0.35,0.1,0.06,-0.1,-0.15,-0.15,-0.21,-0.23,-0.25
19,E06000019,"Herefordshire, County of",42.2,47.9,48.9,44.1,42.2,41.5,47.2,52.7,52.4,49.4,47.8,46.0,44.7,50.3,50.6,46.7,44.8,43.6,-0.41,-0.38,-0.42,-0.46,0.03,-0.03,-0.07,-0.18,-0.19,-0.2,-0.26,-0.33
20,E06000020,Telford and Wrekin,44.0,47.6,47.7,45.3,42.4,41.6,48.5,52.4,53.0,49.5,47.7,45.2,46.2,49.9,50.2,47.4,44.9,43.3,-0.42,-0.46,-0.48,-0.52,0.05,-0.1,-0.12,-0.25,-0.19,-0.28,-0.31,-0.39
21,E06000021,Stoke-on-Trent,40.9,42.6,41.3,40.6,38.2,37.2,44.7,49.8,49.1,46.4,42.9,42.0,42.8,46.3,45.1,43.5,40.5,39.6,-0.42,-0.46,-0.49,-0.55,-0.06,-0.11,-0.21,-0.27,-0.24,-0.28,-0.35,-0.41
22,E06000022,Bath and North East Somerset,46.1,51.3,52.9,50.3,46.3,47.8,52.1,55.3,57.1,54.4,53.3,50.7,48.9,53.3,55.0,52.2,49.7,49.2,-0.33,-0.06,0.06,0.1,0.28,0.35,0.47,0.22,-0.04,0.14,0.26,0.16
23,E06000023,"Bristol, City of",41.7,45.4,46.8,45.5,43.1,42.9,47.8,52.1,52.4,50.8,47.7,47.6,44.7,48.6,49.6,48.2,45.4,45.2,-0.32,-0.2,-0.22,-0.11,0.22,0.1,0.15,0.1,-0.05,-0.05,-0.03,-0.01
24,E06000024,North Somerset,43.7,47.4,50.0,47.5,44.7,44.4,48.8,52.9,54.6,50.7,48.4,48.2,46.1,50.2,52.3,49.0,46.5,46.1,-0.45,-0.15,-0.16,-0.12,0.08,0.12,0.14,0.04,-0.2,-0.02,-0.02,-0.05
25,E06000025,South Gloucestershire,42.6,47.3,47.9,45.2,43.5,41.8,47.2,52.2,54.0,50.4,47.7,45.3,44.8,49.6,50.9,47.7,45.5,43.5,-0.39,-0.26,-0.14,-0.26,0.07,0.08,0.19,-0.06,-0.17,-0.09,0.02,-0.16
26,E06000026,Plymouth,41.4,45.3,47.4,45.4,42.3,43.8,46.0,51.7,53.6,49.7,47.5,48.6,43.7,48.5,50.5,47.6,44.9,46.2,-0.47,-0.34,-0.31,-0.16,-0.1,-0.05,-0.01,0.04,-0.28,-0.2,-0.16,-0.06
27,E06000027,Torbay,44.4,49.7,49.2,46.8,44.7,43.2,51.0,52.4,53.5,50.7,50.5,48.5,47.5,51.0,51.3,48.7,47.4,45.8,-0.32,-0.4,-0.3,-0.44,0.07,-0.09,0.03,-0.21,-0.14,-0.24,-0.14,-0.33
28,E06000030,Swindon,42.7,45.7,46.7,43.8,41.7,41.9,48.3,51.7,52.2,50.0,47.1,46.0,45.3,48.7,49.3,46.6,44.2,44.0,-0.28,-0.31,-0.24,-0.16,0.14,0.13,0.12,0.05,-0.09,-0.1,-0.07,-0.06
29,E06000031,Peterborough,39.4,42.6,43.4,42.8,40.3,40.2,45.4,50.1,49.5,49.6,45.6,45.1,42.2,46.3,46.3,46.2,42.9,42.6,-0.42,-0.14,-0.12,-0.1,0.14,0.31,0.23,0.11,-0.15,0.09,0.05,0.0
30,E06000032,Luton,40.8,44.0,44.8,43.5,42.0,43.0,46.3,49.5,49.6,48.7,47.2,47.0,43.5,46.7,47.1,46.0,44.5,45.0,-0.23,-0.14,-0.07,-0.01,0.31,0.25,0.29,0.26,0.03,0.05,0.11,0.12
31,E06000033,Southend-on-Sea,50.4,52.1,54.9,54.3,52.0,49.2,54.8,57.1,60.4,58.6,55.4,53.7,52.4,54.5,57.6,56.3,53.7,51.3,-0.09,-0.01,-0.05,-0.07,0.26,0.24,0.17,0.1,0.08,0.11,0.06,0.01
32,E06000034,Thurrock,41.5,45.8,46.5,42.9,41.1,42.7,45.9,51.6,52.4,49.2,46.7,48.2,43.6,48.6,49.4,45.9,43.9,45.3,-0.26,-0.41,-0.28,-0.19,0.14,0.04,0.0,0.09,-0.07,-0.19,-0.14,-0.05
33,E06000035,Medway,44.5,47.3,47.8,45.8,43.6,43.4,48.6,52.1,51.1,49.9,47.1,48.1,46.6,49.8,49.4,47.9,45.4,45.8,-0.18,-0.22,-0.22,-0.17,0.23,0.0,0.01,0.04,0.03,-0.11,-0.11,-0.06
34,E06000036,Bracknell Forest,43.9,47.3,49.4,46.4,44.8,44.8,50.0,53.4,56.6,51.1,48.2,49.2,46.9,50.5,52.8,48.7,46.4,47.0,-0.27,-0.21,-0.12,-0.16,0.24,0.19,0.11,0.11,-0.02,-0.01,-0.01,-0.03
35,E06000037,West Berkshire,46.1,49.2,49.5,50.5,47.7,46.8,49.3,54.3,55.5,54.0,50.5,49.4,47.7,51.9,52.4,52.2,49.1,48.0,-0.26,0.02,0.1,0.05,0.13,0.38,0.34,0.16,-0.07,0.2,0.22,0.1
36,E06000038,Reading,48.1,50.8,53.2,50.0,48.0,47.2,53.2,57.8,58.0,54.2,52.5,50.6,50.5,54.0,55.4,52.0,50.1,48.8,-0.25,-0.32,-0.17,-0.12,0.33,0.15,0.26,0.08,0.02,-0.09,0.03,-0.02
37,E06000039,Slough,50.7,52.2,53.2,53.7,49.7,51.1,56.0,59.2,59.2,58.2,55.1,55.3,53.4,55.9,56.1,56.0,52.4,53.2,0.02,0.07,-0.07,0.1,0.55,0.52,0.4,0.38,0.28,0.29,0.16,0.24
38,E06000040,Windsor and Maidenhead,47.3,50.2,50.5,49.2,46.9,45.2,53.3,55.6,57.2,53.3,52.4,51.5,50.2,52.8,53.8,51.2,49.5,48.2,-0.12,-0.11,-0.04,0.02,0.33,0.23,0.27,0.23,0.09,0.05,0.11,0.12
39,E06000041,Wokingham,48.3,52.7,54.5,51.1,49.4,50.9,53.7,59.3,60.5,58.5,56.0,55.2,50.9,55.9,57.6,54.8,52.7,53.0,-0.01,0.03,0.17,0.25,0.53,0.61,0.6,0.43,0.25,0.32,0.38,0.34
40,E06000042,Milton Keynes,42.3,44.2,45.1,44.2,42.7,42.8,47.7,50.4,52.4,49.2,46.5,46.6,45.0,47.1,48.7,46.6,44.5,44.6,-0.39,-0.34,-0.23,-0.25,0.08,0.02,-0.04,-0.08,-0.15,-0.17,-0.14,-0.17
41,E06000043,Brighton and Hove,45.2,49.9,49.6,49.8,46.4,47.1,50.3,54.0,55.6,53.5,49.4,49.0,47.6,51.9,52.5,51.6,47.8,48.0,-0.32,-0.06,-0.13,0.06,0.19,0.26,0.13,0.11,-0.08,0.09,0.0,0.08
42,E06000044,Portsmouth,37.5,42.2,43.0,41.4,36.4,37.3,44.3,49.3,49.9,45.5,40.7,41.7,40.8,45.7,46.3,43.4,38.4,39.5,-0.71,-0.53,-0.57,-0.55,-0.1,-0.14,-0.34,-0.3,-0.42,-0.35,-0.46,-0.43
43,E06000045,Southampton,41.5,43.8,44.1,43.1,40.3,38.5,46.6,49.1,48.2,48.9,45.7,44.1,44.1,46.4,46.2,46.1,42.9,41.3,-0.38,-0.4,-0.43,-0.44,0.0,0.03,-0.13,-0.16,-0.19,-0.18,-0.29,-0.3
44,E06000046,Isle of Wight,39.0,44.3,43.0,40.8,39.0,38.3,44.8,49.0,51.1,47.0,43.2,45.1,41.8,46.6,47.0,43.7,41.0,41.5,-0.53,-0.61,-0.38,-0.46,-0.12,-0.14,-0.09,-0.02,-0.34,-0.39,-0.24,-0.26
45,E06000047,County Durham,42.8,46.1,47.1,45.0,43.2,41.4,47.4,51.6,53.1,49.8,47.7,47.0,45.0,48.8,50.1,47.3,45.4,44.2,-0.42,-0.4,-0.29,-0.29,0.03,-0.03,-0.07,0.01,-0.2,-0.22,-0.19,-0.14
46,E06000049,Cheshire East,46.4,48.6,49.4,48.2,44.7,44.5,52.4,54.3,55.3,52.9,48.9,49.3,49.3,51.5,52.3,50.5,46.8,46.8,-0.26,-0.17,-0.26,-0.16,0.26,0.18,0.03,0.11,-0.01,0.01,-0.12,-0.03
47,E06000050,Cheshire West and Chester,44.2,47.6,48.8,45.6,43.5,43.6,49.7,53.7,54.6,51.4,48.4,46.8,46.9,50.6,51.6,48.4,45.8,45.2,-0.34,-0.28,-0.2,-0.14,0.15,0.15,0.1,0.03,-0.1,-0.08,-0.06,-0.06
48,E06000051,Shropshire,43.5,47.0,47.3,44.2,41.0,40.7,48.9,52.1,52.9,50.6,47.2,46.3,46.2,49.5,49.9,47.2,44.0,43.5,-0.37,-0.52,-0.52,-0.5,0.19,-0.02,-0.07,-0.15,-0.08,-0.28,-0.3,-0.33
49,E06000052,Cornwall,43.0,46.2,46.9,44.5,42.2,41.9,48.0,51.5,53.3,49.3,46.4,45.7,45.4,48.8,50.1,46.9,44.2,43.8,-0.26,-0.33,-0.25,-0.21,0.17,0.04,0.03,-0.02,-0.05,-0.15,-0.12,-0.12
50,E06000053,Isles of Scilly,46.8,,,49.4,56.7,56.4,66.3,,,61.0,48.8,48.7,52.4,,,52.5,53.2,52.8,0.46,0.25,0.99,1.16,-0.18,1.08,0.35,0.97,0.31,0.49,0.72,1.07
51,E06000054,Wiltshire,46.3,48.7,48.7,46.9,44.9,43.6,51.3,53.9,54.1,51.8,48.9,48.6,48.7,51.2,51.4,49.3,46.9,46.1,-0.2,-0.22,-0.11,-0.16,0.29,0.13,0.09,0.15,0.04,-0.05,-0.01,-0.01
52,E06000055,Bedford,43.4,46.4,45.3,44.9,41.6,42.7,47.1,51.0,52.1,49.7,46.0,47.1,45.2,48.7,48.6,47.2,43.8,44.9,-0.15,-0.06,-0.02,0.07,0.28,0.23,0.24,0.32,0.06,0.08,0.11,0.19
53,E06000056,Central Bedfordshire,42.4,45.3,46.3,43.3,42.7,40.2,47.4,51.5,52.2,49.7,46.0,44.6,44.8,48.3,49.2,46.4,44.4,42.3,-0.35,-0.38,-0.2,-0.37,0.1,0.09,-0.03,-0.1,-0.14,-0.15,-0.12,-0.24
54,E06000057,Northumberland,44.0,47.5,47.1,44.7,42.2,42.4,49.0,52.0,52.9,49.1,47.0,45.9,46.5,49.6,49.8,46.8,44.5,44.1,-0.31,-0.39,-0.32,-0.31,0.07,-0.03,-0.06,-0.11,-0.12,-0.22,-0.2,-0.21
55,E06000058,"Bournemouth, Christchurch and Poole",48.0,51.6,52.3,50.1,48.3,48.5,52.0,56.5,56.1,55.4,51.9,51.9,50.0,54.0,54.2,52.7,50.1,50.2,0.01,0.05,0.1,0.09,0.43,0.35,0.27,0.28,0.22,0.2,0.18,0.18
56,E06000059,Dorset,43.9,46.9,48.1,45.6,42.2,42.2,49.1,52.6,52.3,50.1,46.2,46.4,46.4,49.7,50.2,47.9,44.1,44.3,-0.21,-0.27,-0.23,-0.23,0.27,0.08,0.04,0.02,0.02,-0.09,-0.1,-0.1
57,E06000060,Buckinghamshire,53.1,55.1,56.5,55.0,52.6,52.2,57.2,61.0,61.8,59.9,56.4,55.1,55.1,58.0,59.0,57.4,54.5,53.6,-0.06,0.05,0.17,0.13,0.39,0.37,0.36,0.3,0.16,0.21,0.26,0.22
58,E06000061,North Northamptonshire,,,45.2,43.1,42.4,41.7,,,50.8,49.4,46.1,45.3,,,48.1,46.2,44.2,43.4,,-0.19,-0.09,-0.13,,0.22,0.16,0.06,,0.01,0.04,-0.03
59,E06000062,West Northamptonshire,,,48.2,45.8,43.4,43.7,,,54.1,50.7,47.2,46.5,,,51.1,48.2,45.2,45.1,,-0.11,-0.13,-0.05,,0.29,0.13,0.11,,0.09,0.0,0.03
60,E06000063,Cumberland,,,,,40.6,40.4,,,,,46.0,44.5,,,,,43.2,42.3,,,-0.46,-0.39,,,-0.09,-0.17,,,-0.28,-0.28
61,E06000064,Westmorland and Furness,,,,,43.9,43.9,,,,,48.7,47.9,,,,,46.3,45.9,,,-0.25,-0.24,,,0.04,-0.03,,,-0.1,-0.14
62,E06000065,North Yorkshire,,,,,44.0,44.7,,,,,49.7,49.1,,,,,46.8,46.8,,,-0.14,-0.04,,,0.15,0.17,,,0.01,0.06
63,E06000066,Somerset,,,,,41.2,40.7,,,,,45.4,44.8,,,,,43.3,42.7,,,-0.33,-0.27,,,-0.1,-0.08,,,-0.21,-0.18
64,E07000008,Cambridge,47.1,47.6,49.9,48.5,46.8,46.0,51.4,55.1,55.7,55.2,50.7,50.1,49.2,51.3,52.7,51.7,48.7,48.0,-0.06,-0.02,0.08,0.03,0.42,0.49,0.35,0.31,0.17,0.22,0.21,0.17
65,E07000009,East Cambridgeshire,47.1,47.6,49.9,48.5,46.8,46.0,51.4,55.1,55.7,55.2,50.7,50.1,49.2,51.3,52.7,51.7,48.7,48.0,-0.06,-0.02,0.08,0.03,0.42,0.49,0.35,0.31,0.17,0.22,0.21,0.17
66,E07000010,Fenland,47.1,47.6,49.9,48.5,46.8,46.0,51.4,55.1,55.7,55.2,50.7,50.1,49.2,51.3,52.7,51.7,48.7,48.0,-0.06,-0.02,0.08,0.03,0.42,0.49,0.35,0.31,0.17,0.22,0.21,0.17
67,E07000011,Huntingdonshire,47.1,47.6,49.9,48.5,46.8,46.0,51.4,55.1,55.7,55.2,50.7,50.1,49.2,51.3,52.7,51.7,48.7,48.0,-0.06,-0.02,0.08,0.03,0.42,0.49,0.35,0.31,0.17,0.22,0.21,0.17
68,E07000012,South Cambridgeshire,47.1,47.6,49.9,48.5,46.8,46.0,51.4,55.1,55.7,55.2,50.7,50.1,49.2,51.3,52.7,51.7,48.7,48.0,-0.06,-0.02,0.08,0.03,0.42,0.49,0.35,0.31,0.17,0.22,0.21,0.17
69,E07000026,,43.5,47.6,46.0,45.3,,,48.9,52.6,52.8,50.0,,,46.1,50.0,49.4,47.5,,,-0.38,-0.33,,,0.07,0.0,,,-0.16,-0.17,,
70,E07000027,,43.5,47.6,46.0,45.3,,,48.9,52.6,52.8,50.0,,,46.1,50.0,49.4,47.5,,,-0.38,-0.33,,,0.07,0.0,,,-0.16,-0.17,,
71,E07000028,,43.5,47.6,46.0,45.3,,,48.9,52.6,52.8,50.0,,,46.1,50.0,49.4,47.5,,,-0.38,-0.33,,,0.07,0.0,,,-0.16,-0.17,,
72,E07000029,,43.5,47.6,46.0,45.3,,,48.9,52.6,52.8,50.0,,,46.1,50.0,49.4,47.5,,,-0.38,-0.33,,,0.07,0.0,,,-0.16,-0.17,,
73,E07000030,,43.5,47.6,46.0,45.3,,,48.9,52.6,52.8,50.0,,,46.1,50.0,49.4,47.5,,,-0.38,-0.33,,,0.07,0.0,,,-0.16,-0.17,,
74,E07000031,,43.5,47.6,46.0,45.3,,,48.9,52.6,52.8,50.0,,,46.1,50.0,49.4,47.5,,,-0.38,-0.33,,,0.07,0.0,,,-0.16,-0.17,,
75,E07000032,Amber Valley,43.4,46.9,47.0,44.4,43.0,42.8,49.3,52.9,53.0,50.4,46.8,46.4,46.2,49.9,49.9,47.3,44.9,44.6,-0.45,-0.34,-0.28,-0.21,0.06,0.06,-0.03,-0.05,-0.2,-0.14,-0.16,-0.13
76,E07000033,Bolsover,43.4,46.9,47.0,44.4,43.0,42.8,49.3,52.9,53.0,50.4,46.8,46.4,46.2,49.9,49.9,47.3,44.9,44.6,-0.45,-0.34,-0.28,-0.21,0.06,0.06,-0.03,-0.05,-0.2,-0.14,-0.16,-0.13
77,E07000034,Chesterfield,43.4,46.9,47.0,44.4,43.0,42.8,49.3,52.9,53.0,50.4,46.8,46.4,46.2,49.9,49.9,47.3,44.9,44.6,-0.45,-0.34,-0.28,-0.21,0.06,0.06,-0.03,-0.05,-0.2,-0.14,-0.16,-0.13
78,E07000035,Derbyshire Dales,43.4,46.9,47.0,44.4,43.0,42.8,49.3,52.9,53.0,50.4,46.8,46.4,46.2,49.9,49.9,47.3,44.9,44.6,-0.45,-0.34,-0.28,-0.21,0.06,0.06,-0.03,-0.05,-0.2,-0.14,-0.16,-0.13
79,E07000036,Erewash,43.4,46.9,47.0,44.4,43.0,42.8,49.3,52.9,53.0,50.4,46.8,46.4,46.2,49.9,49.9,47.3,44.9,44.6,-0.45,-0.34,-0.28,-0.21,0.06,0.06,-0.03,-0.05,-0.2,-0.14,-0.16,-0.13
80,E07000037,High Peak,43.4,46.9,47.0,44.4,43.0,42.8,49.3,52.9,53.0,50.4,46.8,46.4,46.2,49.9,49.9,47.3,44.9,44.6,-0.45,-0.34,-0.28,-0.21,0.06,0.06,-0.03,-0.05,-0.2,-0.14,-0.16,-0.13
81,E07000038,North East Derbyshire,43.4,46.9,47.0,44.4,43.0,42.8,49.3,52.9,53.0,50.4,46.8,46.4,46.2,49.9,49.9,47.3,44.9,44.6,-0.45,-0.34,-0.28,-0.21,0.06,0.06,-0.03,-0.05,-0.2,-0.14,-0.16,-0.13
82,E07000039,South Derbyshire,43.4,46.9,47.0,44.4,43.0,42.8,49.3,52.9,53.0,50.4,46.8,46.4,46.2,49.9,49.9,47.3,44.9,44.6,-0.45,-0.34,-0.28,-0.21,0.06,0.06,-0.03,-0.05,-0.2,-0.14,-0.16,-0.13
83,E07000040,East Devon,43.6,47.3,48.1,45.6,43.7,43.2,49.3,53.4,54.4,50.9,47.8,47.6,46.3,50.2,51.1,48.2,45.7,45.4,-0.37,-0.32,-0.22,-0.2,0.12,0.07,0.05,0.06,-0.13,-0.13,-0.09,-0.08
84,E07000041,Exeter,43.6,47.3,48.1,45.6,43.7,43.2,49.3,53.4,54.4,50.9,47.8,47.6,46.3,50.2,51.1,48.2,45.7,45.4,-0.37,-0.32,-0.22,-0.2,0.12,0.07,0.05,0.06,-0.13,-0.13,-0.09,-0.08
85,E07000042,Mid Devon,43.6,47.3,48.1,45.6,43.7,43.2,49.3,53.4,54.4,50.9,47.8,47.6,46.3,50.2,51.1,48.2,45.7,45.4,-0.37,-0.32,-0.22,-0.2,0.12,0.07,0.05,0.06,-0.13,-0.13,-0.09,-0.08
86,E07000043,North Devon,43.6,47.3,48.1,45.6,43.7,43.2,49.3,53.4,54.4,50.9,47.8,47.6,46.3,50.2,51.1,48.2,45.7,45.4,-0.37,-0.32,-0.22,-0.2,0.12,0.07,0.05,0.06,-0.13,-0.13,-0.09,-0.08
87,E07000044,South Hams,43.6,47.3,48.1,45.6,43.7,43.2,49.3,53.4,54.4,50.9,47.8,47.6,46.3,50.2,51.1,48.2,45.7,45.4,-0.37,-0.32,-0.22,-0.2,0.12,0.07,0.05,0.06,-0.13,-0.13,-0.09,-0.08
88,E07000045,Teignbridge,43.6,47.3,48.1,45.6,43.7,43.2,49.3,53.4,54.4,50.9,47.8,47.6,46.3,50.2,51.1,48.2,45.7,45.4,-0.37,-0.32,-0.22,-0.2,0.12,0.07,0.05,0.06,-0.13,-0.13,-0.09,-0.08
89,E07000046,Torridge,43.6,47.3,48.1,45.6,43.7,43.2,49.3,53.4,54.4,50.9,47.8,47.6,46.3,50.2,51.1,48.2,45.7,45.4,-0.37,-0.32,-0.22,-0.2,0.12,0.07,0.05,0.06,-0.13,-0.13,-0.09,-0.08
90,E07000047,West Devon,43.6,47.3,48.1,45.6,43.7,43.2,49.3,53.4,54.4,50.9,47.8,47.6,46.3,50.2,51.1,48.2,45.7,45.4,-0.37,-0.32,-0.22,-0.2,0.12,0.07,0.05,0.06,-0.13,-0.13,-0.09,-0.08
91,E07000061,Eastbourne,43.0,45.9,45.9,44.3,41.9,41.4,47.8,51.4,53.0,48.9,45.6,44.8,45.3,48.5,49.3,46.5,43.6,43.1,-0.29,-0.28,-0.31,-0.27,0.19,0.07,-0.06,-0.09,-0.06,-0.11,-0.19,-0.18
92,E07000062,Hastings,43.0,45.9,45.9,44.3,41.9,41.4,47.8,51.4,53.0,48.9,45.6,44.8,45.3,48.5,49.3,46.5,43.6,43.1,-0.29,-0.28,-0.31,-0.27,0.19,0.07,-0.06,-0.09,-0.06,-0.11,-0.19,-0.18
93,E07000063,Lewes,43.0,45.9,45.9,44.3,41.9,41.4,47.8,51.4,53.0,48.9,45.6,44.8,45.3,48.5,49.3,46.5,43.6,43.1,-0.29,-0.28,-0.31,-0.27,0.19,0.07,-0.06,-0.09,-0.06,-0.11,-0.19,-0.18
94,E07000064,Rother,43.0,45.9,45.9,44.3,41.9,41.4,47.8,51.4,53.0,48.9,45.6,44.8,45.3,48.5,49.3,46.5,43.6,43.1,-0.29,-0.28,-0.31,-0.27,0.19,0.07,-0.06,-0.09,-0.06,-0.11,-0.19,-0.18
95,E07000065,Wealden,43.0,45.9,45.9,44.3,41.9,41.4,47.8,51.4,53.0,48.9,45.6,44.8,45.3,48.5,49.3,46.5,43.6,43.1,-0.29,-0.28,-0.31,-0.27,0.19,0.07,-0.06,-0.09,-0.06,-0.11,-0.19,-0.18
96,E07000066,Basildon,43.3,46.7,47.5,45.6,43.3,42.5,48.9,52.7,53.3,50.4,47.3,47.0,46.1,49.6,50.4,47.9,45.3,44.7,-0.38,-0.38,-0.31,-0.3,0.13,-0.02,-0.05,-0.1,-0.13,-0.21,-0.18,-0.2
97,E07000067,Braintree,43.3,46.7,47.5,45.6,43.3,42.5,48.9,52.7,53.3,50.4,47.3,47.0,46.1,49.6,50.4,47.9,45.3,44.7,-0.38,-0.38,-0.31,-0.3,0.13,-0.02,-0.05,-0.1,-0.13,-0.21,-0.18,-0.2
98,E07000068,Brentwood,43.3,46.7,47.5,45.6,43.3,42.5,48.9,52.7,53.3,50.4,47.3,47.0,46.1,49.6,50.4,47.9,45.3,44.7,-0.38,-0.38,-0.31,-0.3,0.13,-0.02,-0.05,-0.1,-0.13,-0.21,-0.18,-0.2
99,E07000069,Castle Point,43.3,46.7,47.5,45.6,43.3,42.5,48.9,52.7,53.3,50.4,47.3,47.0,46.1,49.6,50.4,47.9,45.3,44.7,-0.38,-0.38,-0.31,-0.3,0.13,-0.02,-0.05,-0.1,-0.13,-0.21,-0.18,-0.2
100,E07000070,Chelmsford,43.3,46.7,47.5,45.6,43.3,42.5,48.9,52.7,53.3,50.4,47.3,47.0,46.1,49.6,50.4,47.9,45.3,44.7,-0.38,-0.38,-0.31,-0.3,0.13,-0.02,-0.05,-0.1,-0.13,-0.21,-0.18,-0.2
101,E07000071,Colchester,43.3,46.7,47.5,45.6,43.3,42.5,48.9,52.7,53.3,50.4,47.3,47.0,46.1,49.6,50.4,47.9,45.3,44.7,-0.38,-0.38,-0.31,-0.3,0.13,-0.02,-0.05,-0.1,-0.13,-0.21,-0.18,-0.2
102,E07000072,Epping Forest,43.3,46.7,47.5,45.6,43.3,42.5,48.9,52.7,53.3,50.4,47.3,47.0,46.1,49.6,50.4,47.9,45.3,44.7,-0.38,-0.38,-0.31,-0.3,0.13,-0.02,-0.05,-0.1,-0.13,-0.21,-0.18,-0.2
103,E07000073,Harlow,43.3,46.7,47.5,45.6,43.3,42.5,48.9,52.7,53.3,50.4,47.3,47.0,46.1,49.6,50.4,47.9,45.3,44.7,-0.38,-0.38,-0.31,-0.3,0.13,-0.02,-0.05,-0.1,-0.13,-0.21,-0.18,-0.2
104,E07000074,Maldon,43.3,46.7,47.5,45.6,43.3,42.5,48.9,52.7,53.3,50.4,47.3,47.0,46.1,49.6,50.4,47.9,45.3,44.7,-0.38,-0.38,-0.31,-0.3,0.13,-0.02,-0.05,-0.1,-0.13,-0.21,-0.18,-0.2
105,E07000075,Rochford,43.3,46.7,47.5,45.6,43.3,42.5,48.9,52.7,53.3,50.4,47.3,47.0,46.1,49.6,50.4,47.9,45.3,44.7,-0.38,-0.38,-0.31,-0.3,0.13,-0.02,-0.05,-0.1,-0.13,-0.21,-0.18,-0.2
106,E07000076,Tendring,43.3,46.7,47.5,45.6,43.3,42.5,48.9,52.7,53.3,50.4,47.3,47.0,46.1,49.6,50.4,47.9,45.3,44.7,-0.38,-0.38,-0.31,-0.3,0.13,-0.02,-0.05,-0.1,-0.13,-0.21,-0.18,-0.2
107,E07000077,Uttlesford,43.3,46.7,47.5,45.6,43.3,42.5,48.9,52.7,53.3,50.4,47.3,47.0,46.1,49.6,50.4,47.9,45.3,44.7,-0.38,-0.38,-0.31,-0.3,0.13,-0.02,-0.05,-0.1,-0.13,-0.21,-0.18,-0.2
108,E07000078,Cheltenham,47.5,50.3,51.9,50.6,47.3,47.7,51.7,55.5,56.7,54.8,53.0,52.8,49.6,52.9,54.3,52.6,50.0,50.2,-0.21,-0.02,0.03,0.03,0.24,0.24,0.34,0.35,0.01,0.1,0.18,0.19
109,E07000079,Cotswold,47.5,50.3,51.9,50.6,47.3,47.7,51.7,55.5,56.7,54.8,53.0,52.8,49.6,52.9,54.3,52.6,50.0,50.2,-0.21,-0.02,0.03,0.03,0.24,0.24,0.34,0.35,0.01,0.1,0.18,0.19
110,E07000080,Forest of Dean,47.5,50.3,51.9,50.6,47.3,47.7,51.7,55.5,56.7,54.8,53.0,52.8,49.6,52.9,54.3,52.6,50.0,50.2,-0.21,-0.02,0.03,0.03,0.24,0.24,0.34,0.35,0.01,0.1,0.18,0.19
111,E07000081,Gloucester,47.5,50.3,51.9,50.6,47.3,47.7,51.7,55.5,56.7,54.8,53.0,52.8,49.6,52.9,54.3,52.6,50.0,50.2,-0.21,-0.02,0.03,0.03,0.24,0.24,0.34,0.35,0.01,0.1,0.18,0.19
112,E07000082,Stroud,47.5,50.3,51.9,50.6,47.3,47.7,51.7,55.5,56.7,54.8,53.0,52.8,49.6,52.9,54.3,52.6,50.0,50.2,-0.21,-0.02,0.03,0.03,0.24,0.24,0.34,0.35,0.01,0.1,0.18,0.19
113,E07000083,Tewkesbury,47.5,50.3,51.9,50.6,47.3,47.7,51.7,55.5,56.7,54.8,53.0,52.8,49.6,52.9,54.3,52.6,50.0,50.2,-0.21,-0.02,0.03,0.03,0.24,0.24,0.34,0.35,0.01,0.1,0.18,0.19
114,E07000084,Basingstoke and Deane,44.9,48.1,48.9,46.5,43.8,43.5,50.4,53.7,55.0,51.4,48.0,47.6,47.6,50.8,51.8,48.9,45.9,45.5,-0.36,-0.33,-0.33,-0.26,0.14,0.02,-0.04,-0.02,-0.12,-0.16,-0.18,-0.14
115,E07000085,East Hampshire,44.9,48.1,48.9,46.5,43.8,43.5,50.4,53.7,55.0,51.4,48.0,47.6,47.6,50.8,51.8,48.9,45.9,45.5,-0.36,-0.33,-0.33,-0.26,0.14,0.02,-0.04,-0.02,-0.12,-0.16,-0.18,-0.14
116,E07000086,Eastleigh,44.9,48.1,48.9,46.5,43.8,43.5,50.4,53.7,55.0,51.4,48.0,47.6,47.6,50.8,51.8,48.9,45.9,45.5,-0.36,-0.33,-0.33,-0.26,0.14,0.02,-0.04,-0.02,-0.12,-0.16,-0.18,-0.14
117,E07000087,Fareham,44.9,48.1,48.9,46.5,43.8,43.5,50.4,53.7,55.0,51.4,48.0,47.6,47.6,50.8,51.8,48.9,45.9,45.5,-0.36,-0.33,-0.33,-0.26,0.14,0.02,-0.04,-0.02,-0.12,-0.16,-0.18,-0.14
118,E07000088,Gosport,44.9,48.1,48.9,46.5,43.8,43.5,50.4,53.7,55.0,51.4,48.0,47.6,47.6,50.8,51.8,48.9,45.9,45.5,-0.36,-0.33,-0.33,-0.26,0.14,0.02,-0.04,-0.02,-0.12,-0.16,-0.18,-0.14
119,E07000089,Hart,44.9,48.1,48.9,46.5,43.8,43.5,50.4,53.7,55.0,51.4,48.0,47.6,47.6,50.8,51.8,48.9,45.9,45.5,-0.36,-0.33,-0.33,-0.26,0.14,0.02,-0.04,-0.02,-0.12,-0.16,-0.18,-0.14
120,E07000090,Havant,44.9,48.1,48.9,46.5,43.8,43.5,50.4,53.7,55.0,51.4,48.0,47.6,47.6,50.8,51.8,48.9,45.9,45.5,-0.36,-0.33,-0.33,-0.26,0.14,0.02,-0.04,-0.02,-0.12,-0.16,-0.18,-0.14
121,E07000091,New Forest,44.9,48.1,48.9,46.5,43.8,43.5,50.4,53.7,55.0,51.4,48.0,47.6,47.6,50.8,51.8,48.9,45.9,45.5,-0.36,-0.33,-0.33,-0.26,0.14,0.02,-0.04,-0.02,-0.12,-0.16,-0.18,-0.14
122,E07000092,Rushmoor,44.9,48.1,48.9,46.5,43.8,43.5,50.4,53.7,55.0,51.4,48.0,47.6,47.6,50.8,51.8,48.9,45.9,45.5,-0.36,-0.33,-0.33,-0.26,0.14,0.02,-0.04,-0.02,-0.12,-0.16,-0.18,-0.14
123,E07000093,Test Valley,44.9,48.1,48.9,46.5,43.8,43.5,50.4,53.7,55.0,51.4,48.0,47.6,47.6,50.8,51.8,48.9,45.9,45.5,-0.36,-0.33,-0.33,-0.26,0.14,0.02,-0.04,-0.02,-0.12,-0.16,-0.18,-0.14
124,E07000094,Winchester,44.9,48.1,48.9,46.5,43.8,43.5,50.4,53.7,55.0,51.4,48.0,47.6,47.6,50.8,51.8,48.9,45.9,45.5,-0.36,-0.33,-0.33,-0.26,0.14,0.02,-0.04,-0.02,-0.12,-0.16,-0.18,-0.14
125,E07000095,Broxbourne,48.5,51.4,52.0,50.5,48.8,47.8,53.9,57.1,57.7,56.1,53.4,52.9,51.1,54.2,54.8,53.3,51.0,50.2,-0.14,-0.02,0.05,0.06,0.37,0.36,0.35,0.32,0.11,0.17,0.19,0.19
126,E07000096,Dacorum,48.5,51.4,52.0,50.5,48.8,47.8,53.9,57.1,57.7,56.1,53.4,52.9,51.1,54.2,54.8,53.3,51.0,50.2,-0.14,-0.02,0.05,0.06,0.37,0.36,0.35,0.32,0.11,0.17,0.19,0.19
127,E07000097,,48.5,51.4,52.0,50.5,48.8,47.8,53.9,57.1,57.7,56.1,53.4,52.9,51.1,54.2,54.8,53.3,51.0,50.2,-0.14,-0.02,0.05,0.06,0.37,0.36,0.35,0.32,0.11,0.17,0.19,0.19
128,E07000098,Hertsmere,48.5,51.4,52.0,50.5,48.8,47.8,53.9,57.1,57.7,56.1,53.4,52.9,51.1,54.2,54.8,53.3,51.0,50.2,-0.14,-0.02,0.05,0.06,0.37,0.36,0.35,0.32,0.11,0.17,0.19,0.19
129,E07000099,North Hertfordshire,48.5,51.4,52.0,50.5,48.8,47.8,53.9,57.1,57.7,56.1,53.4,52.9,51.1,54.2,54.8,53.3,51.0,50.2,-0.14,-0.02,0.05,0.06,0.37,0.36,0.35,0.32,0.11,0.17,0.19,0.19
130,E07000100,,48.5,51.4,52.0,50.5,48.8,47.8,53.9,57.1,57.7,56.1,53.4,52.9,51.1,54.2,54.8,53.3,51.0,50.2,-0.14,-0.02,0.05,0.06,0.37,0.36,0.35,0.32,0.11,0.17,0.19,0.19
131,E07000101,,48.5,51.4,52.0,50.5,48.8,47.8,53.9,57.1,57.7,56.1,53.4,52.9,51.1,54.2,54.8,53.3,51.0,50.2,-0.14,-0.02,0.05,0.06,0.37,0.36,0.35,0.32,0.11,0.17,0.19,0.19
132,E07000102,Three Rivers,48.5,51.4,52.0,50.5,48.8,47.8,53.9,57.1,57.7,56.1,53.4,52.9,51.1,54.2,54.8,53.3,51.0,50.2,-0.14,-0.02,0.05,0.06,0.37,0.36,0.35,0.32,0.11,0.17,0.19,0.19
133,E07000103,Watford,48.5,51.4,52.0,50.5,48.8,47.8,53.9,57.1,57.7,56.1,53.4,52.9,51.1,54.2,54.8,53.3,51.0,50.2,-0.14,-0.02,0.05,0.06,0.37,0.36,0.35,0.32,0.11,0.17,0.19,0.19
134,E07000104,,48.5,51.4,52.0,50.5,48.8,47.8,53.9,57.1,57.7,56.1,53.4,52.9,51.1,54.2,54.8,53.3,51.0,50.2,-0.14,-0.02,0.05,0.06,0.37,0.36,0.35,0.32,0.11,0.17,0.19,0.19
135,E07000105,Ashford,44.4,48.5,48.9,47.2,45.1,45.1,50.3,53.6,54.1,51.6,49.0,48.9,47.3,51.0,51.4,49.3,47.0,47.0,-0.36,-0.33,-0.24,-0.23,0.15,-0.04,-0.01,-0.06,-0.11,-0.19,-0.12,-0.15
136,E07000106,Canterbury,44.4,48.5,48.9,47.2,45.1,45.1,50.3,53.6,54.1,51.6,49.0,48.9,47.3,51.0,51.4,49.3,47.0,47.0,-0.36,-0.33,-0.24,-0.23,0.15,-0.04,-0.01,-0.06,-0.11,-0.19,-0.12,-0.15
137,E07000107,Dartford,44.4,48.5,48.9,47.2,45.1,45.1,50.3,53.6,54.1,51.6,49.0,48.9,47.3,51.0,51.4,49.3,47.0,47.0,-0.36,-0.33,-0.24,-0.23,0.15,-0.04,-0.01,-0.06,-0.11,-0.19,-0.12,-0.15
138,E07000108,Dover,44.4,48.5,48.9,47.2,45.1,45.1,50.3,53.6,54.1,51.6,49.0,48.9,47.3,51.0,51.4,49.3,47.0,47.0,-0.36,-0.33,-0.24,-0.23,0.15,-0.04,-0.01,-0.06,-0.11,-0.19,-0.12,-0.15
139,E07000109,Gravesham,44.4,48.5,48.9,47.2,45.1,45.1,50.3,53.6,54.1,51.6,49.0,48.9,47.3,51.0,51.4,49.3,47.0,47.0,-0.36,-0.33,-0.24,-0.23,0.15,-0.04,-0.01,-0.06,-0.11,-0.19,-0.12,-0.15
140,E07000110,Maidstone,44.4,48.5,48.9,47.2,45.1,45.1,50.3,53.6,54.1,51.6,49.0,48.9,47.3,51.0,51.4,49.3,47.0,47.0,-0.36,-0.33,-0.24,-0.23,0.15,-0.04,-0.01,-0.06,-0.11,-0.19,-0.12,-0.15
141,E07000111,Sevenoaks,44.4,48.5,48.9,47.2,45.1,45.1,50.3,53.6,54.1,51.6,49.0,48.9,47.3,51.0,51.4,49.3,47.0,47.0,-0.36,-0.33,-0.24,-0.23,0.15,-0.04,-0.01,-0.06,-0.11,-0.19,-0.12,-0.15
142,E07000112,Folkestone and Hythe,44.4,48.5,48.9,47.2,45.1,45.1,50.3,53.6,54.1,51.6,49.0,48.9,47.3,51.0,51.4,49.3,47.0,47.0,-0.36,-0.33,-0.24,-0.23,0.15,-0.04,-0.01,-0.06,-0.11,-0.19,-0.12,-0.15
143,E07000113,Swale,44.4,48.5,48.9,47.2,45.1,45.1,50.3,53.6,54.1,51.6,49.0,48.9,47.3,51.0,51.4,49.3,47.0,47.0,-0.36,-0.33,-0.24,-0.23,0.15,-0.04,-0.01,-0.06,-0.11,-0.19,-0.12,-0.15
144,E07000114,Thanet,44.4,48.5,48.9,47.2,45.1,45.1,50.3,53.6,54.1,51.6,49.0,48.9,47.3,51.0,51.4,49.3,47.0,47.0,-0.36,-0.33,-0.24,-0.23,0.15,-0.04,-0.01,-0.06,-0.11,-0.19,-0.12,-0.15
145,E07000115,Tonbridge and Malling,44.4,48.5,48.9,47.2,45.1,45.1,50.3,53.6,54.1,51.6,49.0,48.9,47.3,51.0,51.4,49.3,47.0,47.0,-0.36,-0.33,-0.24,-0.23,0.15,-0.04,-0.01,-0.06,-0.11,-0.19,-0.12,-0.15
146,E07000116,Tunbridge Wells,44.4,48.5,48.9,47.2,45.1,45.1,50.3,53.6,54.1,51.6,49.0,48.9,47.3,51.0,51.4,49.3,47.0,47.0,-0.36,-0.33,-0.24,-0.23,0.15,-0.04,-0.01,-0.06,-0.11,-0.19,-0.12,-0.15
147,E07000117,Burnley,43.8,46.6,47.2,45.1,42.7,42.6,49.8,52.9,53.8,50.4,47.4,47.2,46.7,49.7,50.4,47.6,45.0,44.9,-0.39,-0.32,-0.32,-0.26,0.19,0.08,-0.01,0.05,-0.11,-0.13,-0.17,-0.11
148,E07000118,Chorley,43.8,46.6,47.2,45.1,42.7,42.6,49.8,52.9,53.8,50.4,47.4,47.2,46.7,49.7,50.4,47.6,45.0,44.9,-0.39,-0.32,-0.32,-0.26,0.19,0.08,-0.01,0.05,-0.11,-0.13,-0.17,-0.11
149,E07000119,Fylde,43.8,46.6,47.2,45.1,42.7,42.6,49.8,52.9,53.8,50.4,47.4,47.2,46.7,49.7,50.4,47.6,45.0,44.9,-0.39,-0.32,-0.32,-0.26,0.19,0.08,-0.01,0.05,-0.11,-0.13,-0.17,-0.11
150,E07000120,Hyndburn,43.8,46.6,47.2,45.1,42.7,42.6,49.8,52.9,53.8,50.4,47.4,47.2,46.7,49.7,50.4,47.6,45.0,44.9,-0.39,-0.32,-0.32,-0.26,0.19,0.08,-0.01,0.05,-0.11,-0.13,-0.17,-0.11
151,E07000121,Lancaster,43.8,46.6,47.2,45.1,42.7,42.6,49.8,52.9,53.8,50.4,47.4,47.2,46.7,49.7,50.4,47.6,45.0,44.9,-0.39,-0.32,-0.32,-0.26,0.19,0.08,-0.01,0.05,-0.11,-0.13,-0.17,-0.11
152,E07000122,Pendle,43.8,46.6,47.2,45.1,42.7,42.6,49.8,52.9,53.8,50.4,47.4,47.2,46.7,49.7,50.4,47.6,45.0,44.9,-0.39,-0.32,-0.32,-0.26,0.19,0.08,-0.01,0.05,-0.11,-0.13,-0.17,-0.11
153,E07000123,Preston,43.8,46.6,47.2,45.1,42.7,42.6,49.8,52.9,53.8,50.4,47.4,47.2,46.7,49.7,50.4,47.6,45.0,44.9,-0.39,-0.32,-0.32,-0.26,0.19,0.08,-0.01,0.05,-0.11,-0.13,-0.17,-0.11
154,E07000124,Ribble Valley,43.8,46.6,47.2,45.1,42.7,42.6,49.8,52.9,53.8,50.4,47.4,47.2,46.7,49.7,50.4,47.6,45.0,44.9,-0.39,-0.32,-0.32,-0.26,0.19,0.08,-0.01,0.05,-0.11,-0.13,-0.17,-0.11
155,E07000125,Rossendale,43.8,46.6,47.2,45.1,42.7,42.6,49.8,52.9,53.8,50.4,47.4,47.2,46.7,49.7,50.4,47.6,45.0,44.9,-0.39,-0.32,-0.32,-0.26,0.19,0.08,-0.01,0.05,-0.11,-0.13,-0.17,-0.11
156,E07000126,South Ribble,43.8,46.6,47.2,45.1,42.7,42.6,49.8,52.9,53.8,50.4,47.4,47.2,46.7,49.7,50.4,47.6,45.0,44.9,-0.39,-0.32,-0.32,-0.26,0.19,0.08,-0.01,0.05,-0.11,-0.13,-0.17,-0.11
157,E07000127,West Lancashire,43.8,46.6,47.2,45.1,42.7,42.6,49.8,52.9,53.8,50.4,47.4,47.2,46.7,49.7,50.4,47.6,45.0,44.9,-0.39,-0.32,-0.32,-0.26,0.19,0.08,-0.01,0.05,-0.11,-0.13,-0.17,-0.11
158,E07000128,Wyre,43.8,46.6,47.2,45.1,42.7,42.6,49.8,52.9,53.8,50.4,47.4,47.2,46.7,49.7,50.4,47.6,45.0,44.9,-0.39,-0.32,-0.32,-0.26,0.19,0.08,-0.01,0.05,-0.11,-0.13,-0.17,-0.11
159,E07000129,Blaby,42.8,48.0,48.1,46.4,44.0,44.0,49.6,52.3,52.8,51.6,47.8,47.9,46.2,50.1,50.3,48.9,45.8,45.9,-0.37,-0.18,-0.2,-0.23,0.24,0.22,0.03,0.04,-0.07,0.01,-0.09,-0.1
160,E07000130,Charnwood,42.8,48.0,48.1,46.4,44.0,44.0,49.6,52.3,52.8,51.6,47.8,47.9,46.2,50.1,50.3,48.9,45.8,45.9,-0.37,-0.18,-0.2,-0.23,0.24,0.22,0.03,0.04,-0.07,0.01,-0.09,-0.1
161,E07000131,Harborough,42.8,48.0,48.1,46.4,44.0,44.0,49.6,52.3,52.8,51.6,47.8,47.9,46.2,50.1,50.3,48.9,45.8,45.9,-0.37,-0.18,-0.2,-0.23,0.24,0.22,0.03,0.04,-0.07,0.01,-0.09,-0.1
162,E07000132,Hinckley and Bosworth,42.8,48.0,48.1,46.4,44.0,44.0,49.6,52.3,52.8,51.6,47.8,47.9,46.2,50.1,50.3,48.9,45.8,45.9,-0.37,-0.18,-0.2,-0.23,0.24,0.22,0.03,0.04,-0.07,0.01,-0.09,-0.1
163,E07000133,Melton,42.8,48.0,48.1,46.4,44.0,44.0,49.6,52.3,52.8,51.6,47.8,47.9,46.2,50.1,50.3,48.9,45.8,45.9,-0.37,-0.18,-0.2,-0.23,0.24,0.22,0.03,0.04,-0.07,0.01,-0.09,-0.1
164,E07000134,North West Leicestershire,42.8,48.0,48.1,46.4,44.0,44.0,49.6,52.3,52.8,51.6,47.8,47.9,46.2,50.1,50.3,48.9,45.8,45.9,-0.37,-0.18,-0.2,-0.23,0.24,0.22,0.03,0.04,-0.07,0.01,-0.09,-0.1
165,E07000135,Oadby and Wigston,42.8,48.0,48.1,46.4,44.0,44.0,49.6,52.3,52.8,51.6,47.8,47.9,46.2,50.1,50.3,48.9,45.8,45.9,-0.37,-0.18,-0.2,-0.23,0.24,0.22,0.03,0.04,-0.07,0.01,-0.09,-0.1
166,E07000136,Boston,43.9,47.6,47.6,45.9,44.1,42.7,49.9,53.0,53.5,51.3,48.8,47.9,46.8,50.3,50.5,48.6,46.5,45.2,-0.28,-0.2,-0.12,-0.16,0.22,0.16,0.16,0.09,-0.03,-0.02,0.02,-0.04
167,E07000137,East Lindsey,43.9,47.6,47.6,45.9,44.1,42.7,49.9,53.0,53.5,51.3,48.8,47.9,46.8,50.3,50.5,48.6,46.5,45.2,-0.28,-0.2,-0.12,-0.16,0.22,0.16,0.16,0.09,-0.03,-0.02,0.02,-0.04
168,E07000138,Lincoln,43.9,47.6,47.6,45.9,44.1,42.7,49.9,53.0,53.5,51.3,48.8,47.9,46.8,50.3,50.5,48.6,46.5,45.2,-0.28,-0.2,-0.12,-0.16,0.22,0.16,0.16,0.09,-0.03,-0.02,0.02,-0.04
169,E07000139,North Kesteven,43.9,47.6,47.6,45.9,44.1,42.7,49.9,53.0,53.5,51.3,48.8,47.9,46.8,50.3,50.5,48.6,46.5,45.2,-0.28,-0.2,-0.12,-0.16,0.22,0.16,0.16,0.09,-0.03,-0.02,0.02,-0.04
170,E07000140,South Holland,43.9,47.6,47.6,45.9,44.1,42.7,49.9,53.0,53.5,51.3,48.8,47.9,46.8,50.3,50.5,48.6,46.5,45.2,-0.28,-0.2,-0.12,-0.16,0.22,0.16,0.16,0.09,-0.03,-0.02,0.02,-0.04
171,E07000141,South Kesteven,43.9,47.6,47.6,45.9,44.1,42.7,49.9,53.0,53.5,51.3,48.8,47.9,46.8,50.3,50.5,48.6,46.5,45.2,-0.28,-0.2,-0.12,-0.16,0.22,0.16,0.16,0.09,-0.03,-0.02,0.02,-0.04
172,E07000142,West Lindsey,43.9,47.6,47.6,45.9,44.1,42.7,49.9,53.0,53.5,51.3,48.8,47.9,46.8,50.3,50.5,48.6,46.5,45.2,-0.28,-0.2,-0.12,-0.16,0.22,0.16,0.16,0.09,-0.03,-0.02,0.02,-0.04
173,E07000143,Breckland,42.8,46.6,46.6,45.0,42.4,42.3,47.8,51.9,52.9,49.2,47.2,46.2,45.3,49.2,49.6,47.1,44.7,44.2,-0.23,-0.18,-0.16,-0.15,0.22,0.13,0.16,0.07,-0.01,-0.03,-0.01,-0.04
174,E07000144,Broadland,42.8,46.6,46.6,45.0,42.4,42.3,47.8,51.9,52.9,49.2,47.2,46.2,45.3,49.2,49.6,47.1,44.7,44.2,-0.23,-0.18,-0.16,-0.15,0.22,0.13,0.16,0.07,-0.01,-0.03,-0.01,-0.04
175,E07000145,Great Yarmouth,42.8,46.6,46.6,45.0,42.4,42.3,47.8,51.9,52.9,49.2,47.2,46.2,45.3,49.2,49.6,47.1,44.7,44.2,-0.23,-0.18,-0.16,-0.15,0.22,0.13,0.16,0.07,-0.01,-0.03,-0.01,-0.04
176,E07000146,King's Lynn and West Norfolk,42.8,46.6,46.6,45.0,42.4,42.3,47.8,51.9,52.9,49.2,47.2,46.2,45.3,49.2,49.6,47.1,44.7,44.2,-0.23,-0.18,-0.16,-0.15,0.22,0.13,0.16,0.07,-0.01,-0.03,-0.01,-0.04
177,E07000147,North Norfolk,42.8,46.6,46.6,45.0,42.4,42.3,47.8,51.9,52.9,49.2,47.2,46.2,45.3,49.2,49.6,47.1,44.7,44.2,-0.23,-0.18,-0.16,-0.15,0.22,0.13,0.16,0.07,-0.01,-0.03,-0.01,-0.04
178,E07000148,Norwich,42.8,46.6,46.6,45.0,42.4,42.3,47.8,51.9,52.9,49.2,47.2,46.2,45.3,49.2,49.6,47.1,44.7,44.2,-0.23,-0.18,-0.16,-0.15,0.22,0.13,0.16,0.07,-0.01,-0.03,-0.01,-0.04
179,E07000149,South Norfolk,42.8,46.6,46.6,45.0,42.4,42.3,47.8,51.9,52.9,49.2,47.2,46.2,45.3,49.2,49.6,47.1,44.7,44.2,-0.23,-0.18,-0.16,-0.15,0.22,0.13,0.16,0.07,-0.01,-0.03,-0.01,-0.04
180,E07000150,,42.9,45.8,,,,,48.1,51.2,,,,,45.4,48.5,,,,,-0.25,,,,0.23,,,,-0.01,,,
181,E07000151,,42.9,45.8,,,,,48.1,51.2,,,,,45.4,48.5,,,,,-0.25,,,,0.23,,,,-0.01,,,
182,E07000152,,42.9,45.8,,,,,48.1,51.2,,,,,45.4,48.5,,,,,-0.25,,,,0.23,,,,-0.01,,,
183,E07000153,,42.9,45.8,,,,,48.1,51.2,,,,,45.4,48.5,,,,,-0.25,,,,0.23,,,,-0.01,,,
184,E07000154,,42.9,45.8,,,,,48.1,51.2,,,,,45.4,48.5,,,,,-0.25,,,,0.23,,,,-0.01,,,
185,E07000155,,42.9,45.8,,,,,48.1,51.2,,,,,45.4,48.5,,,,,-0.25,,,,0.23,,,,-0.01,,,
186,E07000156,,42.9,45.8,,,,,48.1,51.2,,,,,45.4,48.5,,,,,-0.25,,,,0.23,,,,-0.01,,,
187,E07000163,,46.1,48.8,49.7,47.4,,,51.4,55.0,55.5,53.3,,,48.7,51.9,52.5,50.3,,,-0.12,-0.15,,,0.32,0.22,,,0.1,0.03,,
188,E07000164,,46.1,48.8,49.7,47.4,,,51.4,55.0,55.5,53.3,,,48.7,51.9,52.5,50.3,,,-0.12,-0.15,,,0.32,0.22,,,0.1,0.03,,
189,E07000165,,46.1,48.8,49.7,47.4,,,51.4,55.0,55.5,53.3,,,48.7,51.9,52.5,50.3,,,-0.12,-0.15,,,0.32,0.22,,,0.1,0.03,,
190,E07000166,,46.1,48.8,49.7,47.4,,,51.4,55.0,55.5,53.3,,,48.7,51.9,52.5,50.3,,,-0.12,-0.15,,,0.32,0.22,,,0.1,0.03,,
191,E07000167,,46.1,48.8,49.7,47.4,,,51.4,55.0,55.5,53.3,,,48.7,51.9,52.5,50.3,,,-0.12,-0.15,,,0.32,0.22,,,0.1,0.03,,
192,E07000168,,46.1,48.8,49.7,47.4,,,51.4,55.0,55.5,53.3,,,48.7,51.9,52.5,50.3,,,-0.12,-0.15,,,0.32,0.22,,,0.1,0.03,,
193,E07000169,,46.1,48.8,49.7,47.4,,,51.4,55.0,55.5,53.3,,,48.7,51.9,52.5,50.3,,,-0.12,-0.15,,,0.32,0.22,,,0.1,0.03,,
194,E07000170,Ashfield,45.1,48.0,48.7,46.7,43.9,43.7,50.1,53.2,53.5,51.5,48.6,47.8,47.5,50.5,51.1,49.0,46.2,45.7,-0.17,-0.19,-0.17,-0.17,0.31,0.18,0.15,0.07,0.06,-0.01,-0.01,-0.05
195,E07000171,Bassetlaw,45.1,48.0,48.7,46.7,43.9,43.7,50.1,53.2,53.5,51.5,48.6,47.8,47.5,50.5,51.1,49.0,46.2,45.7,-0.17,-0.19,-0.17,-0.17,0.31,0.18,0.15,0.07,0.06,-0.01,-0.01,-0.05
196,E07000172,Broxtowe,45.1,48.0,48.7,46.7,43.9,43.7,50.1,53.2,53.5,51.5,48.6,47.8,47.5,50.5,51.1,49.0,46.2,45.7,-0.17,-0.19,-0.17,-0.17,0.31,0.18,0.15,0.07,0.06,-0.01,-0.01,-0.05
197,E07000173,Gedling,45.1,48.0,48.7,46.7,43.9,43.7,50.1,53.2,53.5,51.5,48.6,47.8,47.5,50.5,51.1,49.0,46.2,45.7,-0.17,-0.19,-0.17,-0.17,0.31,0.18,0.15,0.07,0.06,-0.01,-0.01,-0.05
198,E07000174,Mansfield,45.1,48.0,48.7,46.7,43.9,43.7,50.1,53.2,53.5,51.5,48.6,47.8,47.5,50.5,51.1,49.0,46.2,45.7,-0.17,-0.19,-0.17,-0.17,0.31,0.18,0.15,0.07,0.06,-0.01,-0.01,-0.05
199,E07000175,Newark and Sherwood,45.1,48.0,48.7,46.7,43.9,43.7,50.1,53.2,53.5,51.5,48.6,47.8,47.5,50.5,51.1,49.0,46.2,45.7,-0.17,-0.19,-0.17,-0.17,0.31,0.18,0.15,0.07,0.06,-0.01,-0.01,-0.05
200,E07000176,Rushcliffe,45.1,48.0,48.7,46.7,43.9,43.7,50.1,53.2,53.5,51.5,48.6,47.8,47.5,50.5,51.1,49.0,46.2,45.7,-0.17,-0.19,-0.17,-0.17,0.31,0.18,0.15,0.07,0.06,-0.01,-0.01,-0.05
201,E07000177,Cherwell,44.8,47.4,48.4,47.2,44.0,44.0,50.1,53.2,53.7,52.4,49.5,48.5,47.4,50.2,51.0,49.7,46.7,46.2,-0.2,-0.13,-0.12,-0.09,0.35,0.21,0.22,0.19,0.07,0.03,0.05,0.05
202,E07000178,Oxford,44.8,47.4,48.4,47.2,44.0,44.0,50.1,53.2,53.7,52.4,49.5,48.5,47.4,50.2,51.0,49.7,46.7,46.2,-0.2,-0.13,-0.12,-0.09,0.35,0.21,0.22,0.19,0.07,0.03,0.05,0.05
203,E07000179,South Oxfordshire,44.8,47.4,48.4,47.2,44.0,44.0,50.1,53.2,53.7,52.4,49.5,48.5,47.4,50.2,51.0,49.7,46.7,46.2,-0.2,-0.13,-0.12,-0.09,0.35,0.21,0.22,0.19,0.07,0.03,0.05,0.05
204,E07000180,Vale of White Horse,44.8,47.4,48.4,47.2,44.0,44.0,50.1,53.2,53.7,52.4,49.5,48.5,47.4,50.2,51.0,49.7,46.7,46.2,-0.2,-0.13,-0.12,-0.09,0.35,0.21,0.22,0.19,0.07,0.03,0.05,0.05
205,E07000181,West Oxfordshire,44.8,47.4,48.4,47.2,44.0,44.0,50.1,53.2,53.7,52.4,49.5,48.5,47.4,50.2,51.0,49.7,46.7,46.2,-0.2,-0.13,-0.12,-0.09,0.35,0.21,0.22,0.19,0.07,0.03,0.05,0.05
206,E07000187,,42.1,45.9,46.6,43.4,,,47.8,51.0,52.3,47.9,,,44.9,48.4,49.4,45.6,,,-0.4,-0.42,,,0.1,-0.09,,,-0.15,-0.26,,
207,E07000188,,42.1,45.9,46.6,43.4,,,47.8,51.0,52.3,47.9,,,44.9,48.4,49.4,45.6,,,-0.4,-0.42,,,0.1,-0.09,,,-0.15,-0.26,,
208,E07000189,,42.1,45.9,46.6,43.4,,,47.8,51.0,52.3,47.9,,,44.9,48.4,49.4,45.6,,,-0.4,-0.42,,,0.1,-0.09,,,-0.15,-0.26,,
209,E07000190,,42.1,45.9,46.6,43.4,,,47.8,51.0,52.3,47.9,,,44.9,48.4,49.4,45.6,,,-0.4,-0.42,,,0.1,-0.09,,,-0.15,-0.26,,
210,E07000191,,42.1,45.9,46.6,43.4,,,47.8,51.0,52.3,47.9,,,44.9,48.4,49.4,45.6,,,-0.4,-0.42,,,0.1,-0.09,,,-0.15,-0.26,,
211,E07000192,Cannock Chase,41.8,45.9,46.1,44.5,41.9,41.0,47.4,52.1,52.8,50.3,47.1,46.5,44.5,48.8,49.3,47.3,44.5,43.7,-0.42,-0.36,-0.31,-0.34,0.11,0.06,0.03,-0.03,-0.17,-0.15,-0.14,-0.19
212,E07000193,East Staffordshire,41.8,45.9,46.1,44.5,41.9,41.0,47.4,52.1,52.8,50.3,47.1,46.5,44.5,48.8,49.3,47.3,44.5,43.7,-0.42,-0.36,-0.31,-0.34,0.11,0.06,0.03,-0.03,-0.17,-0.15,-0.14,-0.19
213,E07000194,Lichfield,41.8,45.9,46.1,44.5,41.9,41.0,47.4,52.1,52.8,50.3,47.1,46.5,44.5,48.8,49.3,47.3,44.5,43.7,-0.42,-0.36,-0.31,-0.34,0.11,0.06,0.03,-0.03,-0.17,-0.15,-0.14,-0.19
214,E07000195,Newcastle-under-Lyme,41.8,45.9,46.1,44.5,41.9,41.0,47.4,52.1,52.8,50.3,47.1,46.5,44.5,48.8,49.3,47.3,44.5,43.7,-0.42,-0.36,-0.31,-0.34,0.11,0.06,0.03,-0.03,-0.17,-0.15,-0.14,-0.19
215,E07000196,South Staffordshire,41.8,45.9,46.1,44.5,41.9,41.0,47.4,52.1,52.8,50.3,47.1,46.5,44.5,48.8,49.3,47.3,44.5,43.7,-0.42,-0.36,-0.31,-0.34,0.11,0.06,0.03,-0.03,-0.17,-0.15,-0.14,-0.19
216,E07000197,Stafford,41.8,45.9,46.1,44.5,41.9,41.0,47.4,52.1,52.8,50.3,47.1,46.5,44.5,48.8,49.3,47.3,44.5,43.7,-0.42,-0.36,-0.31,-0.34,0.11,0.06,0.03,-0.03,-0.17,-0.15,-0.14,-0.19
217,E07000198,Staffordshire Moorlands,41.8,45.9,46.1,44.5,41.9,41.0,47.4,52.1,52.8,50.3,47.1,46.5,44.5,48.8,49.3,47.3,44.5,43.7,-0.42,-0.36,-0.31,-0.34,0.11,0.06,0.03,-0.03,-0.17,-0.15,-0.14,-0.19
218,E07000199,Tamworth,41.8,45.9,46.1,44.5,41.9,41.0,47.4,52.1,52.8,50.3,47.1,46.5,44.5,48.8,49.3,47.3,44.5,43.7,-0.42,-0.36,-0.31,-0.34,0.11,0.06,0.03,-0.03,-0.17,-0.15,-0.14,-0.19
219,E07000200,Babergh,42.3,45.3,46.0,43.7,41.4,41.3,47.6,51.7,51.8,49.8,45.6,45.1,44.9,48.4,48.8,46.7,43.5,43.2,-0.26,-0.26,-0.22,-0.25,0.23,0.1,0.01,-0.05,-0.02,-0.08,-0.1,-0.16
220,E07000201,,42.3,45.3,46.0,43.7,41.4,41.3,47.6,51.7,51.8,49.8,45.6,45.1,44.9,48.4,48.8,46.7,43.5,43.2,-0.26,-0.26,-0.22,-0.25,0.23,0.1,0.01,-0.05,-0.02,-0.08,-0.1,-0.16
221,E07000202,Ipswich,42.3,45.3,46.0,43.7,41.4,41.3,47.6,51.7,51.8,49.8,45.6,45.1,44.9,48.4,48.8,46.7,43.5,43.2,-0.26,-0.26,-0.22,-0.25,0.23,0.1,0.01,-0.05,-0.02,-0.08,-0.1,-0.16
222,E07000203,Mid Suffolk,42.3,45.3,46.0,43.7,41.4,41.3,47.6,51.7,51.8,49.8,45.6,45.1,44.9,48.4,48.8,46.7,43.5,43.2,-0.26,-0.26,-0.22,-0.25,0.23,0.1,0.01,-0.05,-0.02,-0.08,-0.1,-0.16
223,E07000204,,42.3,45.3,46.0,43.7,41.4,41.3,47.6,51.7,51.8,49.8,45.6,45.1,44.9,48.4,48.8,46.7,43.5,43.2,-0.26,-0.26,-0.22,-0.25,0.23,0.1,0.01,-0.05,-0.02,-0.08,-0.1,-0.16
224,E07000205,,42.3,45.3,46.0,43.7,41.4,41.3,47.6,51.7,51.8,49.8,45.6,45.1,44.9,48.4,48.8,46.7,43.5,43.2,-0.26,-0.26,-0.22,-0.25,0.23,0.1,0.01,-0.05,-0.02,-0.08,-0.1,-0.16
225,E07000206,,42.3,45.3,46.0,43.7,41.4,41.3,47.6,51.7,51.8,49.8,45.6,45.1,44.9,48.4,48.8,46.7,43.5,43.2,-0.26,-0.26,-0.22,-0.25,0.23,0.1,0.01,-0.05,-0.02,-0.08,-0.1,-0.16
226,E07000207,Elmbridge,48.0,51.0,51.7,51.1,49.1,49.2,52.8,56.3,57.1,54.9,52.5,52.9,50.3,53.6,54.3,52.9,50.8,51.0,-0.06,-0.01,0.06,0.12,0.44,0.34,0.3,0.33,0.18,0.16,0.17,0.22
227,E07000208,Epsom and Ewell,48.0,51.0,51.7,51.1,49.1,49.2,52.8,56.3,57.1,54.9,52.5,52.9,50.3,53.6,54.3,52.9,50.8,51.0,-0.06,-0.01,0.06,0.12,0.44,0.34,0.3,0.33,0.18,0.16,0.17,0.22
228,E07000209,Guildford,48.0,51.0,51.7,51.1,49.1,49.2,52.8,56.3,57.1,54.9,52.5,52.9,50.3,53.6,54.3,52.9,50.8,51.0,-0.06,-0.01,0.06,0.12,0.44,0.34,0.3,0.33,0.18,0.16,0.17,0.22
229,E07000210,Mole Valley,48.0,51.0,51.7,51.1,49.1,49.2,52.8,56.3,57.1,54.9,52.5,52.9,50.3,53.6,54.3,52.9,50.8,51.0,-0.06,-0.01,0.06,0.12,0.44,0.34,0.3,0.33,0.18,0.16,0.17,0.22
230,E07000211,Reigate and Banstead,48.0,51.0,51.7,51.1,49.1,49.2,52.8,56.3,57.1,54.9,52.5,52.9,50.3,53.6,54.3,52.9,50.8,51.0,-0.06,-0.01,0.06,0.12,0.44,0.34,0.3,0.33,0.18,0.16,0.17,0.22
231,E07000212,Runnymede,48.0,51.0,51.7,51.1,49.1,49.2,52.8,56.3,57.1,54.9,52.5,52.9,50.3,53.6,54.3,52.9,50.8,51.0,-0.06,-0.01,0.06,0.12,0.44,0.34,0.3,0.33,0.18,0.16,0.17,0.22
232,E07000213,Spelthorne,48.0,51.0,51.7,51.1,49.1,49.2,52.8,56.3,57.1,54.9,52.5,52.9,50.3,53.6,54.3,52.9,50.8,51.0,-0.06,-0.01,0.06,0.12,0.44,0.34,0.3,0.33,0.18,0.16,0.17,0.22
233,E07000214,Surrey Heath,48.0,51.0,51.7,51.1,49.1,49.2,52.8,56.3,57.1,54.9,52.5,52.9,50.3,53.6,54.3,52.9,50.8,51.0,-0.06,-0.01,0.06,0.12,0.44,0.34,0.3,0.33,0.18,0.16,0.17,0.22
234,E07000215,Tandridge,48.0,51.0,51.7,51.1,49.1,49.2,52.8,56.3,57.1,54.9,52.5,52.9,50.3,53.6,54.3,52.9,50.8,51.0,-0.06,-0.01,0.06,0.12,0.44,0.34,0.3,0.33,0.18,0.16,0.17,0.22
235,E07000216,Waverley,48.0,51.0,51.7,51.1,49.1,49.2,52.8,56.3,57.1,54.9,52.5,52.9,50.3,53.6,54.3,52.9,50.8,51.0,-0.06,-0.01,0.06,0.12,0.44,0.34,0.3,0.33,0.18,0.16,0.17,0.22
236,E07000217,Woking,48.0,51.0,51.7,51.1,49.1,49.2,52.8,56.3,57.1,54.9,52.5,52.9,50.3,53.6,54.3,52.9,50.8,51.0,-0.06,-0.01,0.06,0.12,0.44,0.34,0.3,0.33,0.18,0.16,0.17,0.22
237,E07000218,North Warwickshire,47.2,49.7,50.0,47.8,46.3,45.7,52.3,55.6,55.9,52.7,50.8,49.4,49.8,52.6,52.9,50.2,48.5,47.5,-0.22,-0.23,-0.1,-0.08,0.22,0.18,0.2,0.1,0.0,-0.03,0.05,0.01
238,E07000219,Nuneaton and Bedworth,47.2,49.7,50.0,47.8,46.3,45.7,52.3,55.6,55.9,52.7,50.8,49.4,49.8,52.6,52.9,50.2,48.5,47.5,-0.22,-0.23,-0.1,-0.08,0.22,0.18,0.2,0.1,0.0,-0.03,0.05,0.01
239,E07000220,Rugby,47.2,49.7,50.0,47.8,46.3,45.7,52.3,55.6,55.9,52.7,50.8,49.4,49.8,52.6,52.9,50.2,48.5,47.5,-0.22,-0.23,-0.1,-0.08,0.22,0.18,0.2,0.1,0.0,-0.03,0.05,0.01
240,E07000221,Stratford-on-Avon,47.2,49.7,50.0,47.8,46.3,45.7,52.3,55.6,55.9,52.7,50.8,49.4,49.8,52.6,52.9,50.2,48.5,47.5,-0.22,-0.23,-0.1,-0.08,0.22,0.18,0.2,0.1,0.0,-0.03,0.05,0.01
241,E07000222,Warwick,47.2,49.7,50.0,47.8,46.3,45.7,52.3,55.6,55.9,52.7,50.8,49.4,49.8,52.6,52.9,50.2,48.5,47.5,-0.22,-0.23,-0.1,-0.08,0.22,0.18,0.2,0.1,0.0,-0.03,0.05,0.01
242,E07000223,Adur,43.9,47.8,48.4,46.7,44.4,44.0,50.0,53.0,54.8,51.7,48.6,48.3,46.9,50.3,51.6,49.1,46.4,46.1,-0.22,-0.09,-0.09,-0.09,0.33,0.29,0.2,0.17,0.05,0.1,0.05,0.03
243,E07000224,Arun,43.9,47.8,48.4,46.7,44.4,44.0,50.0,53.0,54.8,51.7,48.6,48.3,46.9,50.3,51.6,49.1,46.4,46.1,-0.22,-0.09,-0.09,-0.09,0.33,0.29,0.2,0.17,0.05,0.1,0.05,0.03
244,E07000225,Chichester,43.9,47.8,48.4,46.7,44.4,44.0,50.0,53.0,54.8,51.7,48.6,48.3,46.9,50.3,51.6,49.1,46.4,46.1,-0.22,-0.09,-0.09,-0.09,0.33,0.29,0.2,0.17,0.05,0.1,0.05,0.03
245,E07000226,Crawley,43.9,47.8,48.4,46.7,44.4,44.0,50.0,53.0,54.8,51.7,48.6,48.3,46.9,50.3,51.6,49.1,46.4,46.1,-0.22,-0.09,-0.09,-0.09,0.33,0.29,0.2,0.17,0.05,0.1,0.05,0.03
246,E07000227,Horsham,43.9,47.8,48.4,46.7,44.4,44.0,50.0,53.0,54.8,51.7,48.6,48.3,46.9,50.3,51.6,49.1,46.4,46.1,-0.22,-0.09,-0.09,-0.09,0.33,0.29,0.2,0.17,0.05,0.1,0.05,0.03
247,E07000228,Mid Sussex,43.9,47.8,48.4,46.7,44.4,44.0,50.0,53.0,54.8,51.7,48.6,48.3,46.9,50.3,51.6,49.1,46.4,46.1,-0.22,-0.09,-0.09,-0.09,0.33,0.29,0.2,0.17,0.05,0.1,0.05,0.03
248,E07000229,Worthing,43.9,47.8,48.4,46.7,44.4,44.0,50.0,53.0,54.8,51.7,48.6,48.3,46.9,50.3,51.6,49.1,46.4,46.1,-0.22,-0.09,-0.09,-0.09,0.33,0.29,0.2,0.17,0.05,0.1,0.05,0.03
249,E07000234,Bromsgrove,44.1,46.2,46.6,45.0,42.5,41.8,49.3,53.0,52.7,50.4,47.3,47.2,46.6,49.5,49.6,47.7,44.8,44.5,-0.19,-0.23,-0.21,-0.26,0.34,0.17,0.13,0.03,0.06,-0.04,-0.04,-0.12
250,E07000235,Malvern Hills,44.1,46.2,46.6,45.0,42.5,41.8,49.3,53.0,52.7,50.4,47.3,47.2,46.6,49.5,49.6,47.7,44.8,44.5,-0.19,-0.23,-0.21,-0.26,0.34,0.17,0.13,0.03,0.06,-0.04,-0.04,-0.12
251,E07000236,Redditch,44.1,46.2,46.6,45.0,42.5,41.8,49.3,53.0,52.7,50.4,47.3,47.2,46.6,49.5,49.6,47.7,44.8,44.5,-0.19,-0.23,-0.21,-0.26,0.34,0.17,0.13,0.03,0.06,-0.04,-0.04,-0.12
252,E07000237,Worcester,44.1,46.2,46.6,45.0,42.5,41.8,49.3,53.0,52.7,50.4,47.3,47.2,46.6,49.5,49.6,47.7,44.8,44.5,-0.19,-0.23,-0.21,-0.26,0.34,0.17,0.13,0.03,0.06,-0.04,-0.04,-0.12
253,E07000238,Wychavon,44.1,46.2,46.6,45.0,42.5,41.8,49.3,53.0,52.7,50.4,47.3,47.2,46.6,49.5,49.6,47.7,44.8,44.5,-0.19,-0.23,-0.21,-0.26,0.34,0.17,0.13,0.03,0.06,-0.04,-0.04,-0.12
254,E07000239,Wyre Forest,44.1,46.2,46.6,45.0,42.5,41.8,49.3,53.0,52.7,50.4,47.3,47.2,46.6,49.5,49.6,47.7,44.8,44.5,-0.19,-0.23,-0.21,-0.26,0.34,0.17,0.13,0.03,0.06,-0.04,-0.04,-0.12
255,E07000240,St Albans,48.5,51.4,52.0,50.5,48.8,47.8,53.9,57.1,57.7,56.1,53.4,52.9,51.1,54.2,54.8,53.3,51.0,50.2,-0.14,-0.02,0.05,0.06,0.37,0.36,0.35,0.32,0.11,0.17,0.19,0.19
256,E07000241,Welwyn Hatfield,48.5,51.4,52.0,50.5,48.8,47.8,53.9,57.1,57.7,56.1,53.4,52.9,51.1,54.2,54.8,53.3,51.0,50.2,-0.14,-0.02,0.05,0.06,0.37,0.36,0.35,0.32,0.11,0.17,0.19,0.19
257,E07000242,East Hertfordshire,48.5,51.4,52.0,50.5,48.8,47.8,53.9,57.1,57.7,56.1,53.4,52.9,51.1,54.2,54.8,53.3,51.0,50.2,-0.14,-0.02,0.05,0.06,0.37,0.36,0.35,0.32,0.11,0.17,0.19,0.19
258,E07000243,Stevenage,48.5,51.4,52.0,50.5,48.8,47.8,53.9,57.1,57.7,56.1,53.4,52.9,51.1,54.2,54.8,53.3,51.0,50.2,-0.14,-0.02,0.05,0.06,0.37,0.36,0.35,0.32,0.11,0.17,0.19,0.19
259,E07000244,East Suffolk,42.3,45.3,46.0,43.7,41.4,41.3,47.6,51.7,51.8,49.8,45.6,45.1,44.9,48.4,48.8,46.7,43.5,43.2,-0.26,-0.26,-0.22,-0.25,0.23,0.1,0.01,-0.05,-0.02,-0.08,-0.1,-0.16
260,E07000245,West Suffolk,42.3,45.3,46.0,43.7,41.4,41.3,47.6,51.7,51.8,49.8,45.6,45.1,44.9,48.4,48.8,46.7,43.5,43.2,-0.26,-0.26,-0.22,-0.25,0.23,0.1,0.01,-0.05,-0.02,-0.08,-0.1,-0.16
261,E07000246,,42.1,45.9,46.6,43.4,,,47.8,51.0,52.3,47.9,,,44.9,48.4,49.4,45.6,,,-0.4,-0.42,,,0.1,-0.09,,,-0.15,-0.26,,
262,E08000001,Bolton,42.0,45.7,46.7,44.1,43.4,44.0,47.5,51.1,51.1,48.9,47.2,47.8,44.6,48.3,48.9,46.3,45.3,45.8,-0.43,-0.29,-0.2,-0.07,0.06,0.07,0.05,0.18,-0.2,-0.12,-0.08,0.05
263,E08000002,Bury,40.8,45.1,46.7,43.4,43.4,42.6,46.4,51.5,52.6,49.5,46.3,47.5,43.5,48.1,49.4,46.3,44.8,45.0,-0.53,-0.47,-0.26,-0.23,-0.04,-0.08,-0.02,0.05,-0.29,-0.28,-0.14,-0.09
264,E08000003,Manchester,40.0,43.5,45.0,43.9,42.6,41.9,46.6,51.0,50.5,49.2,47.3,47.1,43.3,47.2,47.7,46.5,44.9,44.5,-0.41,-0.16,-0.17,-0.06,0.17,0.16,0.14,0.21,-0.11,0.0,-0.02,0.07
265,E08000004,Oldham,39.4,41.6,42.6,42.1,40.0,40.1,45.0,48.0,49.9,47.1,46.1,44.7,42.1,44.8,46.2,44.6,43.0,42.4,-0.67,-0.39,-0.38,-0.32,-0.08,0.0,0.02,-0.07,-0.39,-0.19,-0.18,-0.2
266,E08000005,Rochdale,39.5,43.7,42.7,41.5,39.4,38.3,45.8,48.9,49.9,46.0,43.2,42.9,42.6,46.2,46.2,43.7,41.2,40.5,-0.58,-0.42,-0.4,-0.41,-0.05,-0.08,-0.14,-0.18,-0.32,-0.25,-0.28,-0.3
267,E08000006,Salford,36.1,39.7,42.6,41.5,38.6,38.9,42.6,46.2,47.6,44.9,42.7,44.2,39.3,43.0,45.1,43.2,40.6,41.6,-0.84,-0.5,-0.6,-0.56,-0.23,-0.32,-0.38,-0.15,-0.54,-0.41,-0.49,-0.35
268,E08000007,Stockport,45.7,48.5,49.9,47.7,44.8,45.6,49.3,54.4,55.7,53.0,49.3,50.2,47.4,51.3,52.7,50.1,47.0,47.9,-0.25,-0.18,-0.2,0.0,0.22,0.24,0.14,0.18,-0.02,0.02,-0.04,0.09
269,E08000008,Tameside,42.5,45.2,45.8,42.6,40.3,40.2,45.9,50.7,51.1,47.7,46.6,45.6,44.2,48.0,48.5,45.2,43.3,42.8,-0.39,-0.39,-0.4,-0.35,-0.05,-0.06,0.0,-0.06,-0.22,-0.22,-0.21,-0.21
270,E08000009,Trafford,54.0,57.0,57.9,55.9,55.2,56.5,58.2,61.6,62.5,60.3,58.9,60.2,56.1,59.2,60.2,58.1,57.0,58.3,-0.08,-0.04,0.16,0.28,0.3,0.27,0.32,0.42,0.11,0.11,0.24,0.35
271,E08000010,Wigan,43.0,45.7,46.4,44.7,41.9,40.3,48.1,52.6,53.1,50.9,45.8,46.3,45.4,49.3,49.7,47.6,43.9,43.2,-0.54,-0.5,-0.52,-0.46,-0.06,-0.01,-0.25,-0.16,-0.31,-0.26,-0.39,-0.32
272,E08000011,Knowsley,31.3,35.2,34.9,34.1,30.7,30.9,36.1,41.8,40.9,38.6,36.1,36.8,33.8,38.2,37.8,36.1,33.3,33.8,-1.0,-1.0,-1.08,-1.06,-0.63,-0.71,-0.71,-0.74,-0.81,-0.87,-0.9,-0.9
273,E08000012,Liverpool,40.0,45.0,44.6,42.8,39.2,39.3,46.2,50.9,50.3,47.9,44.5,43.2,43.1,48.0,47.4,45.3,41.8,41.3,-0.54,-0.44,-0.6,-0.56,-0.08,-0.13,-0.27,-0.4,-0.31,-0.29,-0.43,-0.48
274,E08000013,St. Helens,42.4,44.0,44.8,44.4,40.3,40.6,46.6,50.3,51.8,47.1,45.0,44.8,44.5,47.0,48.2,45.8,42.5,42.7,-0.42,-0.37,-0.51,-0.44,-0.07,-0.11,-0.19,-0.19,-0.25,-0.24,-0.35,-0.32
275,E08000014,Sefton,41.3,44.6,46.4,44.5,39.9,39.5,47.1,50.5,52.5,47.0,44.2,44.0,44.2,47.6,49.4,45.7,42.0,41.7,-0.59,-0.46,-0.65,-0.54,-0.09,-0.22,-0.31,-0.28,-0.35,-0.34,-0.48,-0.41
276,E08000015,Wirral,45.4,48.5,48.9,46.0,42.8,42.3,51.3,54.5,54.9,51.9,48.1,46.5,48.4,51.5,51.9,48.9,45.4,44.4,-0.27,-0.24,-0.3,-0.27,0.31,0.18,0.08,-0.05,0.01,-0.03,-0.11,-0.16
277,E08000016,Barnsley,41.1,44.4,43.3,42.6,42.1,39.2,47.3,47.9,49.4,47.6,45.8,45.0,44.1,46.1,46.3,45.2,43.9,42.0,-0.34,-0.38,-0.26,-0.48,0.19,-0.02,-0.05,-0.13,-0.08,-0.2,-0.16,-0.32
278,E08000017,Doncaster,40.6,43.6,43.5,42.7,42.8,41.7,47.2,50.0,50.5,47.7,46.2,46.5,44.0,46.8,47.0,45.2,44.5,44.1,-0.37,-0.3,-0.06,-0.13,0.17,0.13,0.08,0.13,-0.09,-0.08,0.01,0.0
279,E08000018,Rotherham,42.0,44.6,45.9,43.9,41.0,39.8,46.9,51.7,51.4,49.8,45.5,44.6,44.4,48.1,48.7,46.8,43.2,42.1,-0.37,-0.29,-0.31,-0.32,0.1,0.12,0.02,-0.04,-0.14,-0.09,-0.15,-0.18
280,E08000019,Sheffield,42.1,45.1,45.2,43.5,42.0,41.6,47.9,50.5,51.1,48.8,46.1,45.8,44.9,47.7,48.1,46.1,44.0,43.6,-0.27,-0.36,-0.22,-0.29,0.22,0.04,0.04,-0.03,-0.03,-0.16,-0.09,-0.16
281,E08000021,Newcastle upon Tyne,41.9,45.2,45.6,45.4,40.3,40.9,45.3,50.2,49.2,48.6,45.1,45.7,43.6,47.6,47.4,46.9,42.6,43.2,-0.46,-0.33,-0.57,-0.35,-0.07,-0.15,-0.23,-0.2,-0.27,-0.25,-0.4,-0.28
282,E08000022,North Tyneside,43.3,45.9,47.0,45.8,44.3,42.9,48.8,52.8,53.6,51.4,49.8,47.5,45.9,49.2,50.3,48.5,46.8,45.1,-0.38,-0.4,-0.2,-0.3,0.08,0.07,0.05,0.0,-0.16,-0.17,-0.09,-0.15
283,E08000023,South Tyneside,39.3,42.4,44.3,40.9,41.4,40.3,46.2,49.7,47.8,45.5,46.8,43.5,42.6,45.9,46.0,43.1,44.1,42.0,-0.57,-0.71,-0.44,-0.46,-0.02,-0.35,-0.1,-0.33,-0.3,-0.54,-0.27,-0.39
284,E08000024,Sunderland,40.3,45.3,46.7,43.8,40.7,41.5,45.8,51.0,51.6,48.3,45.1,44.5,42.9,48.1,49.2,46.0,42.9,43.0,-0.59,-0.58,-0.59,-0.36,-0.18,-0.3,-0.41,-0.27,-0.39,-0.44,-0.5,-0.31
285,E08000025,Birmingham,43.9,46.2,47.3,45.7,43.3,43.8,49.4,52.2,53.0,51.4,49.0,49.0,46.6,49.2,50.1,48.5,46.1,46.3,-0.14,-0.13,-0.14,-0.07,0.32,0.27,0.2,0.19,0.09,0.07,0.03,0.06
286,E08000026,Coventry,40.6,43.9,44.8,43.4,41.1,41.3,46.7,50.4,51.5,48.9,46.5,47.4,43.6,47.2,48.0,46.2,43.8,44.3,-0.41,-0.23,-0.26,-0.16,0.17,0.17,0.17,0.19,-0.12,-0.04,-0.05,0.01
287,E08000027,Dudley,41.4,45.6,44.7,43.6,40.6,40.3,46.4,49.0,50.8,49.6,44.5,45.2,43.9,47.2,47.6,46.5,42.5,42.6,-0.44,-0.21,-0.27,-0.26,0.11,0.21,0.06,0.03,-0.17,-0.01,-0.11,-0.12
288,E08000028,Sandwell,40.3,43.2,44.4,43.2,40.2,39.8,44.4,49.4,49.5,48.5,45.0,43.8,42.2,46.1,46.9,45.7,42.5,41.8,-0.41,-0.19,-0.2,-0.26,0.04,0.16,0.08,-0.05,-0.19,-0.02,-0.07,-0.16
289,E08000029,Solihull,45.7,48.4,48.2,46.9,43.4,44.8,49.7,52.5,54.0,53.1,48.7,49.7,47.6,50.4,51.0,49.9,45.9,47.2,-0.24,-0.2,-0.29,-0.21,0.16,0.25,0.09,0.11,-0.05,0.02,-0.11,-0.06
290,E08000030,Walsall,42.1,44.7,44.5,44.3,42.3,41.0,46.1,50.1,50.6,48.6,46.1,45.1,44.0,47.4,47.5,46.4,44.2,43.0,-0.31,-0.25,-0.35,-0.34,0.1,0.1,-0.04,-0.09,-0.11,-0.08,-0.2,-0.22
291,E08000031,Wolverhampton,41.1,44.8,46.3,44.3,41.9,40.7,49.0,53.7,53.8,51.5,49.1,47.5,45.1,49.2,50.0,48.0,45.7,44.1,-0.27,-0.18,-0.21,-0.19,0.27,0.2,0.16,0.09,-0.01,0.02,-0.02,-0.05
292,E08000032,Bradford,40.1,42.8,43.2,40.9,38.6,38.5,44.8,48.6,48.8,46.7,43.6,43.5,42.4,45.7,45.9,43.8,41.0,41.0,-0.26,-0.39,-0.42,-0.45,0.25,0.02,-0.09,-0.1,-0.01,-0.18,-0.26,-0.28
293,E08000033,Calderdale,46.7,49.4,48.9,45.9,44.6,45.5,51.8,55.3,55.4,50.3,49.5,50.3,49.2,52.3,52.2,48.1,47.0,47.9,-0.22,-0.34,-0.17,-0.15,0.29,-0.03,0.11,0.19,0.03,-0.19,-0.03,0.02
294,E08000034,Kirklees,42.1,45.7,46.5,45.8,44.4,43.5,48.6,51.8,52.6,50.8,48.9,48.2,45.3,48.6,49.5,48.2,46.6,45.9,-0.37,-0.17,-0.07,-0.06,0.18,0.21,0.29,0.19,-0.1,0.01,0.11,0.07
295,E08000035,Leeds,42.3,45.0,46.1,44.9,43.4,43.2,48.2,50.3,52.4,50.9,48.3,47.9,45.1,47.6,49.2,47.8,45.8,45.5,-0.22,-0.1,-0.04,-0.02,0.31,0.35,0.29,0.24,0.03,0.12,0.12,0.1
296,E08000036,Wakefield,42.1,46.2,47.0,44.5,43.1,42.3,48.5,51.5,53.4,50.6,48.2,48.4,45.3,48.8,50.1,47.5,45.7,45.3,-0.34,-0.11,-0.03,-0.13,0.17,0.27,0.28,0.22,-0.08,0.07,0.12,0.04
297,E08000037,Gateshead,44.7,47.1,48.7,47.1,44.9,44.8,49.1,53.3,53.9,52.2,50.3,47.8,46.9,50.3,51.3,49.7,47.7,46.2,-0.37,-0.32,-0.25,-0.2,0.02,0.05,0.03,-0.07,-0.17,-0.14,-0.11,-0.14
298,E09000002,Barking and Dagenham,43.8,46.8,46.9,47.0,44.9,44.9,49.4,52.7,54.3,51.9,51.4,49.8,46.5,49.7,50.5,49.3,48.0,47.2,-0.05,-0.04,0.03,0.14,0.41,0.33,0.47,0.34,0.17,0.13,0.24,0.24
299,E09000003,Barnet,54.9,58.1,58.6,56.9,55.9,55.3,59.4,62.1,63.1,59.5,58.5,59.5,57.1,60.1,60.8,58.1,57.1,57.3,0.35,0.38,0.57,0.49,0.82,0.6,0.72,0.74,0.57,0.49,0.64,0.61
300,E09000004,Bexley,46.8,51.0,52.3,50.3,48.4,48.8,52.5,56.1,55.8,54.4,51.0,52.3,49.6,53.5,54.0,52.3,49.7,50.4,-0.35,-0.24,-0.17,-0.07,0.16,0.08,0.05,0.04,-0.09,-0.09,-0.06,-0.02
301,E09000005,Brent,47.2,51.0,51.4,50.5,48.5,49.6,53.2,55.5,56.1,54.5,52.8,53.7,50.2,53.1,53.7,52.4,50.5,51.6,0.18,0.36,0.48,0.4,0.76,0.63,0.76,0.78,0.47,0.49,0.61,0.58
302,E09000006,Bromley,47.5,51.4,52.7,51.5,48.7,48.4,54.0,57.5,57.7,56.3,53.6,52.7,50.8,54.5,55.2,53.9,51.2,50.5,-0.29,-0.15,-0.13,-0.1,0.33,0.14,0.21,0.2,0.03,0.0,0.04,0.05
303,E09000007,Camden,42.7,47.8,48.0,48.7,43.9,43.4,52.7,55.5,57.2,55.4,51.4,51.8,48.6,52.2,53.1,52.4,48.0,47.9,-0.42,-0.1,-0.29,-0.42,0.45,0.39,0.2,0.1,0.09,0.17,-0.03,-0.14
304,E09000008,Croydon,42.4,45.0,46.1,44.2,42.9,41.3,48.5,52.8,53.8,50.8,48.7,48.1,45.5,48.9,50.0,47.6,45.7,44.8,-0.17,-0.2,-0.15,-0.21,0.31,0.16,0.19,0.13,0.07,-0.02,0.01,-0.04
305,E09000009,Ealing,47.9,50.2,50.3,50.9,49.9,49.7,54.1,56.8,56.9,56.7,54.2,54.4,50.9,53.5,53.6,53.7,52.0,52.0,0.32,0.39,0.49,0.42,0.84,0.69,0.76,0.69,0.58,0.53,0.62,0.56
306,E09000010,Enfield,43.7,47.1,48.0,45.4,44.2,44.7,49.4,52.8,54.6,51.9,49.9,49.1,46.5,49.8,51.1,48.6,47.0,46.9,-0.16,-0.07,0.03,-0.02,0.42,0.41,0.4,0.2,0.12,0.17,0.21,0.09
307,E09000011,Greenwich,42.7,48.3,48.1,47.6,44.8,44.2,47.8,52.0,54.1,51.1,49.3,48.8,45.3,50.2,51.2,49.4,47.0,46.5,-0.39,-0.08,-0.15,-0.12,0.03,0.07,0.14,0.1,-0.18,-0.01,-0.01,-0.01
308,E09000012,Hackney,45.8,50.7,50.1,49.6,48.5,50.1,52.3,55.4,57.6,53.9,53.8,52.1,49.2,53.2,54.0,51.9,51.4,51.2,-0.04,-0.17,0.14,0.43,0.58,0.23,0.52,0.58,0.29,0.04,0.34,0.51
309,E09000013,Hammersmith and Fulham,50.4,52.8,55.0,55.2,53.3,53.2,57.1,59.4,61.0,59.8,56.2,58.6,53.9,56.1,58.1,57.5,54.8,55.9,-0.1,0.24,0.43,0.39,0.59,0.5,0.51,0.64,0.27,0.37,0.47,0.52
310,E09000014,Haringey,44.2,48.6,49.2,48.4,45.8,45.6,49.9,54.5,53.7,52.7,50.7,50.8,46.9,51.4,51.4,50.5,48.2,48.1,0.02,0.02,0.04,0.12,0.47,0.39,0.38,0.48,0.24,0.2,0.21,0.3
311,E09000015,Harrow,47.2,49.5,51.0,51.5,48.2,49.8,54.7,57.2,58.4,56.6,54.9,54.5,50.9,53.4,54.8,54.2,51.6,52.2,0.04,0.26,0.19,0.29,0.71,0.75,0.69,0.61,0.39,0.51,0.45,0.46
312,E09000016,Havering,46.0,50.1,49.3,47.8,45.4,46.8,51.0,53.8,55.0,53.0,49.6,50.9,48.5,51.9,52.2,50.3,47.4,48.8,-0.29,-0.34,-0.23,0.01,0.2,0.0,0.06,0.2,-0.05,-0.17,-0.09,0.11
313,E09000017,Hillingdon,44.2,48.7,50.4,49.6,47.6,47.2,51.5,55.7,55.4,54.1,50.3,51.5,47.7,52.1,52.8,51.8,48.9,49.3,-0.18,0.16,0.18,0.14,0.42,0.52,0.31,0.34,0.11,0.33,0.24,0.24
314,E09000018,Hounslow,46.5,49.9,51.0,51.0,48.7,48.0,52.2,55.3,56.7,54.5,51.2,52.4,49.3,52.6,53.9,52.6,49.9,50.1,0.12,0.36,0.36,0.36,0.62,0.59,0.54,0.54,0.37,0.47,0.45,0.45
315,E09000019,Islington,44.2,48.2,50.8,49.4,45.6,47.3,47.8,51.6,53.8,50.4,48.0,48.8,45.8,49.7,52.2,49.9,46.7,48.0,-0.14,0.07,-0.06,0.18,0.22,0.08,0.0,0.11,0.03,0.07,-0.03,0.15
316,E09000020,Kensington and Chelsea,53.1,58.3,57.0,53.6,52.8,54.3,54.2,57.8,59.0,53.6,54.4,54.7,53.6,58.0,57.9,53.6,53.5,54.5,0.13,-0.13,0.27,0.29,0.56,-0.08,0.34,0.31,0.32,-0.11,0.3,0.3
317,E09000021,Kingston upon Thames,53.8,56.4,58.9,57.8,56.5,56.8,59.7,61.3,63.8,62.5,60.5,61.3,56.9,58.9,61.4,60.2,58.6,59.1,0.21,0.31,0.43,0.52,0.69,0.68,0.73,0.77,0.46,0.5,0.58,0.65
318,E09000022,Lambeth,41.3,45.8,48.6,44.3,42.4,43.2,47.0,52.8,54.0,48.4,47.2,47.3,44.1,49.3,51.3,46.3,44.8,45.2,-0.34,-0.31,-0.12,-0.08,0.26,0.03,0.14,0.08,-0.04,-0.15,0.01,0.0
319,E09000023,Lewisham,40.4,45.3,45.4,44.5,42.7,43.5,47.2,51.7,53.2,51.0,48.0,48.3,43.7,48.4,49.1,47.8,45.4,45.9,-0.49,-0.11,-0.09,0.03,-0.03,0.26,0.09,0.18,-0.27,0.08,0.0,0.1
320,E09000024,Merton,48.6,50.5,51.0,51.8,50.9,50.9,53.7,55.9,55.4,55.5,53.7,52.5,51.1,53.1,53.2,53.6,52.2,51.7,0.38,0.39,0.53,0.64,0.72,0.65,0.65,0.58,0.55,0.52,0.59,0.61
321,E09000025,Newham,46.6,50.8,52.0,51.3,48.4,48.5,51.0,55.5,57.2,56.3,53.8,53.6,48.8,53.1,54.5,53.8,51.1,51.1,0.0,0.19,0.07,0.11,0.44,0.57,0.43,0.44,0.22,0.38,0.25,0.28
322,E09000026,Redbridge,51.3,53.7,54.1,53.9,52.8,52.0,56.9,58.4,59.8,59.2,56.6,58.4,54.0,56.0,56.8,56.5,54.6,55.2,0.26,0.29,0.4,0.37,0.74,0.7,0.62,0.67,0.5,0.49,0.5,0.52
323,E09000027,Richmond upon Thames,51.3,54.3,55.2,56.6,53.3,54.9,56.9,60.6,61.0,59.5,58.7,58.1,54.1,57.5,58.1,58.0,55.9,56.4,0.04,0.27,0.29,0.38,0.56,0.47,0.53,0.49,0.3,0.37,0.4,0.43
324,E09000028,Southwark,47.1,51.3,52.4,52.1,50.3,50.9,51.7,56.1,57.5,55.0,53.5,52.9,49.5,53.7,55.0,53.6,51.9,51.9,0.04,0.22,0.29,0.47,0.43,0.46,0.46,0.46,0.25,0.34,0.38,0.46
325,E09000029,Sutton,56.9,59.6,60.6,59.2,58.8,58.2,60.4,63.1,63.6,62.9,61.1,60.2,58.6,61.3,62.0,61.0,59.9,59.1,0.19,0.2,0.42,0.39,0.57,0.49,0.61,0.52,0.38,0.34,0.51,0.45
326,E09000030,Tower Hamlets,45.5,47.9,48.6,47.2,45.9,45.4,50.5,52.1,54.8,52.3,51.3,51.3,48.1,50.1,51.7,49.8,48.6,48.3,-0.01,-0.11,0.05,0.0,0.46,0.29,0.36,0.26,0.23,0.09,0.21,0.13
327,E09000031,Waltham Forest,41.9,47.0,48.4,44.4,42.7,42.8,50.6,53.1,55.0,52.0,48.9,48.6,46.2,50.0,51.5,48.2,45.7,45.7,-0.24,-0.35,-0.29,-0.25,0.46,0.22,0.17,0.06,0.11,-0.06,-0.06,-0.1
328,E09000032,Wandsworth,47.1,49.8,49.2,51.6,48.3,50.2,51.8,55.8,55.4,56.6,52.7,54.2,49.4,52.7,52.2,54.0,50.4,52.1,0.1,0.22,0.23,0.43,0.44,0.5,0.44,0.57,0.26,0.35,0.33,0.49
329,E09000033,Westminster,49.4,53.2,54.1,53.5,50.5,50.0,57.2,60.9,61.0,61.1,57.7,57.6,53.4,57.1,57.6,57.3,54.3,53.8,0.18,0.27,0.27,0.23,0.78,0.75,0.67,0.7,0.48,0.51,0.48,0.47
